-- MySQL dump 10.13  Distrib 5.1.73, for redhat-linux-gnu (x86_64)
--
-- Host: 127.0.0.1    Database: process
-- ------------------------------------------------------
-- Server version	5.1.73

/*!40101 SET @OLD_CHARACTER_SET_CLIENT=@@CHARACTER_SET_CLIENT */;
/*!40101 SET @OLD_CHARACTER_SET_RESULTS=@@CHARACTER_SET_RESULTS */;
/*!40101 SET @OLD_COLLATION_CONNECTION=@@COLLATION_CONNECTION */;
/*!40101 SET NAMES utf8 */;
/*!40103 SET @OLD_TIME_ZONE=@@TIME_ZONE */;
/*!40103 SET TIME_ZONE='+00:00' */;
/*!40014 SET @OLD_UNIQUE_CHECKS=@@UNIQUE_CHECKS, UNIQUE_CHECKS=0 */;
/*!40014 SET @OLD_FOREIGN_KEY_CHECKS=@@FOREIGN_KEY_CHECKS, FOREIGN_KEY_CHECKS=0 */;
/*!40101 SET @OLD_SQL_MODE=@@SQL_MODE, SQL_MODE='NO_AUTO_VALUE_ON_ZERO' */;
/*!40111 SET @OLD_SQL_NOTES=@@SQL_NOTES, SQL_NOTES=0 */;

--
-- Table structure for table `ACT_EVT_LOG`
--

DROP TABLE IF EXISTS `ACT_EVT_LOG`;
/*!40101 SET @saved_cs_client     = @@character_set_client */;
/*!40101 SET character_set_client = utf8 */;
CREATE TABLE `ACT_EVT_LOG` (
  `LOG_NR_` bigint(20) NOT NULL AUTO_INCREMENT,
  `TYPE_` varchar(64) COLLATE utf8_bin DEFAULT NULL,
  `PROC_DEF_ID_` varchar(64) COLLATE utf8_bin DEFAULT NULL,
  `PROC_INST_ID_` varchar(64) COLLATE utf8_bin DEFAULT NULL,
  `EXECUTION_ID_` varchar(64) COLLATE utf8_bin DEFAULT NULL,
  `TASK_ID_` varchar(64) COLLATE utf8_bin DEFAULT NULL,
  `TIME_STAMP_` timestamp NOT NULL DEFAULT CURRENT_TIMESTAMP ON UPDATE CURRENT_TIMESTAMP,
  `USER_ID_` varchar(255) COLLATE utf8_bin DEFAULT NULL,
  `DATA_` longblob,
  `LOCK_OWNER_` varchar(255) COLLATE utf8_bin DEFAULT NULL,
  `LOCK_TIME_` timestamp NULL DEFAULT NULL,
  `IS_PROCESSED_` tinyint(4) DEFAULT '0',
  PRIMARY KEY (`LOG_NR_`)
) ENGINE=InnoDB DEFAULT CHARSET=utf8 COLLATE=utf8_bin;
/*!40101 SET character_set_client = @saved_cs_client */;

--
-- Dumping data for table `ACT_EVT_LOG`
--

LOCK TABLES `ACT_EVT_LOG` WRITE;
/*!40000 ALTER TABLE `ACT_EVT_LOG` DISABLE KEYS */;
/*!40000 ALTER TABLE `ACT_EVT_LOG` ENABLE KEYS */;
UNLOCK TABLES;

--
-- Table structure for table `ACT_GE_BYTEARRAY`
--

DROP TABLE IF EXISTS `ACT_GE_BYTEARRAY`;
/*!40101 SET @saved_cs_client     = @@character_set_client */;
/*!40101 SET character_set_client = utf8 */;
CREATE TABLE `ACT_GE_BYTEARRAY` (
  `ID_` varchar(64) COLLATE utf8_bin NOT NULL DEFAULT '',
  `REV_` int(11) DEFAULT NULL,
  `NAME_` varchar(255) COLLATE utf8_bin DEFAULT NULL,
  `DEPLOYMENT_ID_` varchar(64) COLLATE utf8_bin DEFAULT NULL,
  `BYTES_` longblob,
  `GENERATED_` tinyint(4) DEFAULT NULL,
  PRIMARY KEY (`ID_`),
  KEY `ACT_FK_BYTEARR_DEPL` (`DEPLOYMENT_ID_`),
  CONSTRAINT `ACT_FK_BYTEARR_DEPL` FOREIGN KEY (`DEPLOYMENT_ID_`) REFERENCES `ACT_RE_DEPLOYMENT` (`ID_`)
) ENGINE=InnoDB DEFAULT CHARSET=utf8 COLLATE=utf8_bin;
/*!40101 SET character_set_client = @saved_cs_client */;

--
-- Dumping data for table `ACT_GE_BYTEARRAY`
--

LOCK TABLES `ACT_GE_BYTEARRAY` WRITE;
/*!40000 ALTER TABLE `ACT_GE_BYTEARRAY` DISABLE KEYS */;
INSERT INTO `ACT_GE_BYTEARRAY` VALUES ('1775002',1,'D:\\apache-tomcat-7.0.54-windows-x64\\apache-tomcat-7.0.54\\wtpwebapps\\process\\WEB-INF\\classes\\deployments\\pm_process_xiangmujlsq.bpmn20.xml','1775001','<?xml version=\"1.0\" encoding=\"UTF-8\"?>\n<definitions xmlns=\"http://www.omg.org/spec/BPMN/20100524/MODEL\" xmlns:xsi=\"http://www.w3.org/2001/XMLSchema-instance\" xmlns:xsd=\"http://www.w3.org/2001/XMLSchema\" xmlns:activiti=\"http://activiti.org/bpmn\" xmlns:bpmndi=\"http://www.omg.org/spec/BPMN/20100524/DI\" xmlns:omgdc=\"http://www.omg.org/spec/DD/20100524/DC\" xmlns:omgdi=\"http://www.omg.org/spec/DD/20100524/DI\" typeLanguage=\"http://www.w3.org/2001/XMLSchema\" expressionLanguage=\"http://www.w3.org/1999/XPath\" targetNamespace=\"http://www.activiti.org/processdef\">\n  <process id=\"pm_process_xiangmujlsq\" name=\"项目经理申请流程\" isExecutable=\"true\">\n    <startEvent id=\"pm_process_xiangmujlsq_start\" name=\"项目经理申请流程开始\"></startEvent>\n    <userTask id=\"dispatcherMasterApproval\" name=\"指定评审专家立项审批\" activiti:assignee=\"${officer}\">\n      <extensionElements>\n        <activiti:taskListener event=\"create\" delegateExpression=\"${projectCurrentStateListener}\"></activiti:taskListener>\n        <activiti:taskListener event=\"complete\" delegateExpression=\"${projectPreviousStateListener}\"></activiti:taskListener>\n      </extensionElements>\n    </userTask>\n    <userTask id=\"inputmastergrade\" name=\"管理人员录入评审专家评分\" activiti:assignee=\"${officer}\">\n      <extensionElements>\n        <activiti:taskListener event=\"create\" delegateExpression=\"${projectCurrentStateListener}\"></activiti:taskListener>\n        <activiti:taskListener event=\"complete\" delegateExpression=\"${projectPreviousStateListener}\"></activiti:taskListener>\n      </extensionElements>\n    </userTask>\n    <exclusiveGateway id=\"primaryReviewConclusion\" name=\"初期评审结论\"></exclusiveGateway>\n    <userTask id=\"departleaderApproval\" name=\"部门经理审批\" activiti:assignee=\"${departLeader}\">\n      <extensionElements>\n        <activiti:taskListener event=\"create\" delegateExpression=\"${projectCurrentStateListener}\"></activiti:taskListener>\n        <activiti:taskListener event=\"complete\" delegateExpression=\"${projectPreviousStateListener}\"></activiti:taskListener>\n      </extensionElements>\n    </userTask>\n    <endEvent id=\"pm_process_xiangmujlsq_end\" name=\"项目经理申请流程结束\">\n      <extensionElements>\n        <activiti:executionListener event=\"start\" delegateExpression=\"${xiangmujianguanListener}\"></activiti:executionListener>\n      </extensionElements>\n    </endEvent>\n    <userTask id=\"pmModifyMaterial\" name=\"项目经理修改评审材料\" activiti:assignee=\"${projectManager}\">\n      <extensionElements>\n        <activiti:taskListener event=\"create\" delegateExpression=\"${projectCurrentStateListener}\"></activiti:taskListener>\n        <activiti:taskListener event=\"complete\" delegateExpression=\"${projectPreviousStateListener}\"></activiti:taskListener>\n      </extensionElements>\n    </userTask>\n    <userTask id=\"committeeApproval\" name=\"决策委员会审批\" activiti:assignee=\"${committee}\">\n      <extensionElements>\n        <activiti:taskListener event=\"create\" delegateExpression=\"${projectCurrentStateListener}\"></activiti:taskListener>\n        <activiti:taskListener event=\"complete\" delegateExpression=\"${projectPreviousStateListener}\"></activiti:taskListener>\n      </extensionElements>\n    </userTask>\n    <exclusiveGateway id=\"resultOfDepartApproval\"></exclusiveGateway>\n    <sequenceFlow id=\"toCommitteeApproval\" sourceRef=\"inputmastergrade\" targetRef=\"committeeApproval\"></sequenceFlow>\n    <sequenceFlow id=\"toprimaryReviewConclusion\" sourceRef=\"committeeApproval\" targetRef=\"primaryReviewConclusion\"></sequenceFlow>\n    <sequenceFlow id=\"start2dispatcherMasterApproval\" sourceRef=\"pm_process_xiangmujlsq_start\" targetRef=\"dispatcherMasterApproval\"></sequenceFlow>\n    <sequenceFlow id=\"todispatcherMasterApproval2InputGrade\" sourceRef=\"dispatcherMasterApproval\" targetRef=\"inputmastergrade\"></sequenceFlow>\n    <sequenceFlow id=\"toResultOfdepartapproval\" sourceRef=\"departleaderApproval\" targetRef=\"resultOfDepartApproval\"></sequenceFlow>\n    <sequenceFlow id=\"modifyMaterial2dispatcherMaster\" name=\"修改评审材料\" sourceRef=\"pmModifyMaterial\" targetRef=\"dispatcherMasterApproval\"></sequenceFlow>\n    <sequenceFlow id=\"primaryReviewConclusionPass\" name=\"初期评审通过\" sourceRef=\"primaryReviewConclusion\" targetRef=\"departleaderApproval\">\n      <conditionExpression xsi:type=\"tFormalExpression\"><![CDATA[${committeeApproval_result eq \'pass\'}]]></conditionExpression>\n    </sequenceFlow>\n    <sequenceFlow id=\"primaryReviewConclusionNotPass\" name=\"初期评审不通过\" sourceRef=\"primaryReviewConclusion\" targetRef=\"pmModifyMaterial\">\n      <conditionExpression xsi:type=\"tFormalExpression\"><![CDATA[${committeeApproval_result eq \'reject\'}]]></conditionExpression>\n    </sequenceFlow>\n    <sequenceFlow id=\"resultOfDepartApprovalNotPass\" name=\"评审通过\" sourceRef=\"resultOfDepartApproval\" targetRef=\"pm_process_xiangmujlsq_end\">\n      <conditionExpression xsi:type=\"tFormalExpression\"><![CDATA[${departleaderApproval_result eq \'pass\'}]]></conditionExpression>\n    </sequenceFlow>\n    <sequenceFlow id=\"resultOfDepartApprovalNeedModify\" name=\"修改评审材料\" sourceRef=\"resultOfDepartApproval\" targetRef=\"pmModifyMaterial\">\n      <conditionExpression xsi:type=\"tFormalExpression\"><![CDATA[${departleaderApproval_result eq \'reject\'}]]></conditionExpression>\n    </sequenceFlow>\n  </process>\n  <bpmndi:BPMNDiagram id=\"BPMNDiagram_pm_process_xiangmujlsq\">\n    <bpmndi:BPMNPlane bpmnElement=\"pm_process_xiangmujlsq\" id=\"BPMNPlane_pm_process_xiangmujlsq\">\n      <bpmndi:BPMNShape bpmnElement=\"pm_process_xiangmujlsq_start\" id=\"BPMNShape_pm_process_xiangmujlsq_start\">\n        <omgdc:Bounds height=\"35.0\" width=\"35.0\" x=\"217.0\" y=\"22.0\"></omgdc:Bounds>\n      </bpmndi:BPMNShape>\n      <bpmndi:BPMNShape bpmnElement=\"dispatcherMasterApproval\" id=\"BPMNShape_dispatcherMasterApproval\">\n        <omgdc:Bounds height=\"80.0\" width=\"100.0\" x=\"330.0\" y=\"0.0\"></omgdc:Bounds>\n      </bpmndi:BPMNShape>\n      <bpmndi:BPMNShape bpmnElement=\"inputmastergrade\" id=\"BPMNShape_inputmastergrade\">\n        <omgdc:Bounds height=\"80.0\" width=\"100.0\" x=\"520.0\" y=\"0.0\"></omgdc:Bounds>\n      </bpmndi:BPMNShape>\n      <bpmndi:BPMNShape bpmnElement=\"primaryReviewConclusion\" id=\"BPMNShape_primaryReviewConclusion\">\n        <omgdc:Bounds height=\"40.0\" width=\"40.0\" x=\"742.0\" y=\"158.0\"></omgdc:Bounds>\n      </bpmndi:BPMNShape>\n      <bpmndi:BPMNShape bpmnElement=\"departleaderApproval\" id=\"BPMNShape_departleaderApproval\">\n        <omgdc:Bounds height=\"80.0\" width=\"100.0\" x=\"713.0\" y=\"261.0\"></omgdc:Bounds>\n      </bpmndi:BPMNShape>\n      <bpmndi:BPMNShape bpmnElement=\"pm_process_xiangmujlsq_end\" id=\"BPMNShape_pm_process_xiangmujlsq_end\">\n        <omgdc:Bounds height=\"35.0\" width=\"35.0\" x=\"745.0\" y=\"510.0\"></omgdc:Bounds>\n      </bpmndi:BPMNShape>\n      <bpmndi:BPMNShape bpmnElement=\"pmModifyMaterial\" id=\"BPMNShape_pmModifyMaterial\">\n        <omgdc:Bounds height=\"82.0\" width=\"100.0\" x=\"330.0\" y=\"138.0\"></omgdc:Bounds>\n      </bpmndi:BPMNShape>\n      <bpmndi:BPMNShape bpmnElement=\"committeeApproval\" id=\"BPMNShape_committeeApproval\">\n        <omgdc:Bounds height=\"80.0\" width=\"100.0\" x=\"711.0\" y=\"1.0\"></omgdc:Bounds>\n      </bpmndi:BPMNShape>\n      <bpmndi:BPMNShape bpmnElement=\"resultOfDepartApproval\" id=\"BPMNShape_resultOfDepartApproval\">\n        <omgdc:Bounds height=\"40.0\" width=\"40.0\" x=\"742.0\" y=\"402.0\"></omgdc:Bounds>\n      </bpmndi:BPMNShape>\n      <bpmndi:BPMNEdge bpmnElement=\"toCommitteeApproval\" id=\"BPMNEdge_toCommitteeApproval\">\n        <omgdi:waypoint x=\"620.0\" y=\"40.0\"></omgdi:waypoint>\n        <omgdi:waypoint x=\"711.0\" y=\"41.0\"></omgdi:waypoint>\n      </bpmndi:BPMNEdge>\n      <bpmndi:BPMNEdge bpmnElement=\"toprimaryReviewConclusion\" id=\"BPMNEdge_toprimaryReviewConclusion\">\n        <omgdi:waypoint x=\"761.0\" y=\"81.0\"></omgdi:waypoint>\n        <omgdi:waypoint x=\"762.0\" y=\"158.0\"></omgdi:waypoint>\n      </bpmndi:BPMNEdge>\n      <bpmndi:BPMNEdge bpmnElement=\"start2dispatcherMasterApproval\" id=\"BPMNEdge_start2dispatcherMasterApproval\">\n        <omgdi:waypoint x=\"252.0\" y=\"39.0\"></omgdi:waypoint>\n        <omgdi:waypoint x=\"330.0\" y=\"40.0\"></omgdi:waypoint>\n      </bpmndi:BPMNEdge>\n      <bpmndi:BPMNEdge bpmnElement=\"todispatcherMasterApproval2InputGrade\" id=\"BPMNEdge_todispatcherMasterApproval2InputGrade\">\n        <omgdi:waypoint x=\"430.0\" y=\"40.0\"></omgdi:waypoint>\n        <omgdi:waypoint x=\"520.0\" y=\"40.0\"></omgdi:waypoint>\n      </bpmndi:BPMNEdge>\n      <bpmndi:BPMNEdge bpmnElement=\"toResultOfdepartapproval\" id=\"BPMNEdge_toResultOfdepartapproval\">\n        <omgdi:waypoint x=\"763.0\" y=\"341.0\"></omgdi:waypoint>\n        <omgdi:waypoint x=\"762.0\" y=\"402.0\"></omgdi:waypoint>\n      </bpmndi:BPMNEdge>\n      <bpmndi:BPMNEdge bpmnElement=\"modifyMaterial2dispatcherMaster\" id=\"BPMNEdge_modifyMaterial2dispatcherMaster\">\n        <omgdi:waypoint x=\"380.0\" y=\"138.0\"></omgdi:waypoint>\n        <omgdi:waypoint x=\"380.0\" y=\"80.0\"></omgdi:waypoint>\n        <bpmndi:BPMNLabel>\n          <omgdc:Bounds height=\"14.0\" width=\"72.0\" x=\"380.0\" y=\"111.0\"></omgdc:Bounds>\n        </bpmndi:BPMNLabel>\n      </bpmndi:BPMNEdge>\n      <bpmndi:BPMNEdge bpmnElement=\"primaryReviewConclusionPass\" id=\"BPMNEdge_primaryReviewConclusionPass\">\n        <omgdi:waypoint x=\"762.0\" y=\"198.0\"></omgdi:waypoint>\n        <omgdi:waypoint x=\"763.0\" y=\"261.0\"></omgdi:waypoint>\n        <bpmndi:BPMNLabel>\n          <omgdc:Bounds height=\"14.0\" width=\"100.0\" x=\"762.0\" y=\"198.0\"></omgdc:Bounds>\n        </bpmndi:BPMNLabel>\n      </bpmndi:BPMNEdge>\n      <bpmndi:BPMNEdge bpmnElement=\"primaryReviewConclusionNotPass\" id=\"BPMNEdge_primaryReviewConclusionNotPass\">\n        <omgdi:waypoint x=\"742.0\" y=\"178.0\"></omgdi:waypoint>\n        <omgdi:waypoint x=\"430.0\" y=\"179.0\"></omgdi:waypoint>\n        <bpmndi:BPMNLabel>\n          <omgdc:Bounds height=\"14.0\" width=\"100.0\" x=\"660.0\" y=\"158.0\"></omgdc:Bounds>\n        </bpmndi:BPMNLabel>\n      </bpmndi:BPMNEdge>\n      <bpmndi:BPMNEdge bpmnElement=\"resultOfDepartApprovalNotPass\" id=\"BPMNEdge_resultOfDepartApprovalNotPass\">\n        <omgdi:waypoint x=\"762.0\" y=\"442.0\"></omgdi:waypoint>\n        <omgdi:waypoint x=\"762.0\" y=\"510.0\"></omgdi:waypoint>\n        <bpmndi:BPMNLabel>\n          <omgdc:Bounds height=\"14.0\" width=\"100.0\" x=\"760.0\" y=\"459.0\"></omgdc:Bounds>\n        </bpmndi:BPMNLabel>\n      </bpmndi:BPMNEdge>\n      <bpmndi:BPMNEdge bpmnElement=\"resultOfDepartApprovalNeedModify\" id=\"BPMNEdge_resultOfDepartApprovalNeedModify\">\n        <omgdi:waypoint x=\"742.0\" y=\"422.0\"></omgdi:waypoint>\n        <omgdi:waypoint x=\"380.0\" y=\"421.0\"></omgdi:waypoint>\n        <omgdi:waypoint x=\"380.0\" y=\"220.0\"></omgdi:waypoint>\n        <bpmndi:BPMNLabel>\n          <omgdc:Bounds height=\"14.0\" width=\"100.0\" x=\"641.0\" y=\"403.0\"></omgdc:Bounds>\n        </bpmndi:BPMNLabel>\n      </bpmndi:BPMNEdge>\n    </bpmndi:BPMNPlane>\n  </bpmndi:BPMNDiagram>\n</definitions>',0),('1775003',1,'D:\\apache-tomcat-7.0.54-windows-x64\\apache-tomcat-7.0.54\\wtpwebapps\\process\\WEB-INF\\classes\\deployments\\pm_process_jianguan.bpmn20.xml','1775001','<?xml version=\"1.0\" encoding=\"UTF-8\"?>\n<definitions xmlns=\"http://www.omg.org/spec/BPMN/20100524/MODEL\" xmlns:xsi=\"http://www.w3.org/2001/XMLSchema-instance\" xmlns:xsd=\"http://www.w3.org/2001/XMLSchema\" xmlns:activiti=\"http://activiti.org/bpmn\" xmlns:bpmndi=\"http://www.omg.org/spec/BPMN/20100524/DI\" xmlns:omgdc=\"http://www.omg.org/spec/DD/20100524/DC\" xmlns:omgdi=\"http://www.omg.org/spec/DD/20100524/DI\" typeLanguage=\"http://www.w3.org/2001/XMLSchema\" expressionLanguage=\"http://www.w3.org/1999/XPath\" targetNamespace=\"http://www.activiti.org/processdef\">\n  <process id=\"pm_process_jianguan\" name=\"项目监管流程\" isExecutable=\"true\">\n    <startEvent id=\"pm_process_jianguan_start\" name=\"项目监管流程开始\"></startEvent>\n    <userTask id=\"pmSubmitMIdMaterial\" name=\"项目经理提交中期评审材料\" activiti:assignee=\"${projectManager}\">\n      <extensionElements>\n        <activiti:taskListener event=\"create\" delegateExpression=\"${projectCurrentStateListener}\"></activiti:taskListener>\n        <activiti:taskListener event=\"complete\" delegateExpression=\"${projectPreviousStateListener}\"></activiti:taskListener>\n      </extensionElements>\n    </userTask>\n    <userTask id=\"DispatcherMidMaster\" name=\"管理人员指定中期评审专家\" activiti:assignee=\"${officer}\" activiti:candidateGroups=\"${officerGroup}\">\n      <extensionElements>\n        <activiti:taskListener event=\"create\" delegateExpression=\"${projectCurrentStateListener}\"></activiti:taskListener>\n        <activiti:taskListener event=\"complete\" delegateExpression=\"${projectPreviousStateListener}\"></activiti:taskListener>\n      </extensionElements>\n    </userTask>\n    <userTask id=\"midApprovalReport\" name=\"项目经理提交中期评审报告\" activiti:assignee=\"${projectManager}\">\n      <extensionElements>\n        <activiti:taskListener event=\"create\" delegateExpression=\"${projectCurrentStateListener}\"></activiti:taskListener>\n        <activiti:taskListener event=\"complete\" delegateExpression=\"${projectPreviousStateListener}\"></activiti:taskListener>\n      </extensionElements>\n    </userTask>\n    <exclusiveGateway id=\"midConclusion\" name=\"中期评审结论\"></exclusiveGateway>\n    <userTask id=\"pmSubmitEndMaterial\" name=\"项目经理提交终期评审材料\" activiti:assignee=\"${projectManager}\">\n      <extensionElements>\n        <activiti:taskListener event=\"create\" delegateExpression=\"${projectCurrentStateListener}\"></activiti:taskListener>\n        <activiti:taskListener event=\"complete\" delegateExpression=\"${projectPreviousStateListener}\"></activiti:taskListener>\n      </extensionElements>\n    </userTask>\n    <userTask id=\"PMSelfConclusion\" name=\"项目经理自评\" activiti:assignee=\"${projectManager}\">\n      <extensionElements>\n        <activiti:taskListener event=\"create\" delegateExpression=\"${projectCurrentStateListener}\"></activiti:taskListener>\n        <activiti:taskListener event=\"complete\" delegateExpression=\"${projectPreviousStateListener}\"></activiti:taskListener>\n      </extensionElements>\n    </userTask>\n    <userTask id=\"DispatcherEndMaster\" name=\"管理人员指定终期评审专家\" activiti:assignee=\"${officer}\" activiti:candidateGroups=\"${officerGroup}\">\n      <extensionElements>\n        <activiti:taskListener event=\"create\" delegateExpression=\"${projectCurrentStateListener}\"></activiti:taskListener>\n        <activiti:taskListener event=\"complete\" delegateExpression=\"${projectPreviousStateListener}\"></activiti:taskListener>\n      </extensionElements>\n    </userTask>\n    <exclusiveGateway id=\"endConclusion\" name=\"终期评审结论\"></exclusiveGateway>\n    <exclusiveGateway id=\"resultOfEndChecked\" name=\"项目管理人员审核终期结果\"></exclusiveGateway>\n    <exclusiveGateway id=\"resultOfMidChecked\" name=\"项目管理人员审核中期结果\"></exclusiveGateway>\n    <parallelGateway id=\"publishParallelfork\"></parallelGateway>\n    <userTask id=\"departleaderMidApproval\" name=\"部门经理审核中期结果\" activiti:assignee=\"${departLeader}\" activiti:candidateGroups=\"${departLeaderGroup}\">\n      <extensionElements>\n        <activiti:taskListener event=\"create\" delegateExpression=\"${projectCurrentStateListener}\"></activiti:taskListener>\n        <activiti:taskListener event=\"complete\" delegateExpression=\"${projectPreviousStateListener}\"></activiti:taskListener>\n      </extensionElements>\n    </userTask>\n    <userTask id=\"departleaderEndApproval\" name=\"部门经理审核终期结果\" activiti:assignee=\"${departLeader}\" activiti:candidateGroups=\"${departLeaderGroup}\">\n      <extensionElements>\n        <activiti:taskListener event=\"create\" delegateExpression=\"${projectCurrentStateListener}\"></activiti:taskListener>\n        <activiti:taskListener event=\"complete\" delegateExpression=\"${projectPreviousStateListener}\"></activiti:taskListener>\n      </extensionElements>\n    </userTask>\n    <parallelGateway id=\"monthlyReportJoin\"></parallelGateway>\n    <endEvent id=\"pm_process_jianguan_end\" name=\"项目监管流程结束\">\n      <extensionElements>\n        <activiti:executionListener event=\"start\" delegateExpression=\"${endEventListener}\"></activiti:executionListener>\n      </extensionElements>\n    </endEvent>\n    <userTask id=\"inputMidGrade\" name=\"管理人员录入中期评审专家评分\" activiti:assignee=\"${officer}\" activiti:candidateGroups=\"${officerGroup}\">\n      <extensionElements>\n        <activiti:taskListener event=\"create\" delegateExpression=\"${projectCurrentStateListener}\"></activiti:taskListener>\n        <activiti:taskListener event=\"complete\" delegateExpression=\"${projectPreviousStateListener}\"></activiti:taskListener>\n      </extensionElements>\n    </userTask>\n    <userTask id=\"endApprovalReport\" name=\"项目经理提交终期评审报告\" activiti:assignee=\"${projectManager}\">\n      <extensionElements>\n        <activiti:taskListener event=\"create\" delegateExpression=\"${projectCurrentStateListener}\"></activiti:taskListener>\n        <activiti:taskListener event=\"complete\" delegateExpression=\"${projectPreviousStateListener}\"></activiti:taskListener>\n      </extensionElements>\n    </userTask>\n    <userTask id=\"inputEndGrade\" name=\"管理人员录入终期评审专家评分\" activiti:assignee=\"${officer}\" activiti:candidateGroups=\"${officerGroup}\">\n      <extensionElements>\n        <activiti:taskListener event=\"create\" delegateExpression=\"${projectCurrentStateListener}\"></activiti:taskListener>\n        <activiti:taskListener event=\"complete\" delegateExpression=\"${projectPreviousStateListener}\"></activiti:taskListener>\n      </extensionElements>\n    </userTask>\n    <userTask id=\"departleaderConclusion\" name=\"部门经理评价\" activiti:assignee=\"${departLeader}\" activiti:candidateGroups=\"${departLeaderGroup}\">\n      <extensionElements>\n        <activiti:taskListener event=\"create\" delegateExpression=\"${projectCurrentStateListener}\"></activiti:taskListener>\n        <activiti:taskListener event=\"complete\" delegateExpression=\"${projectPreviousStateListener}\"></activiti:taskListener>\n      </extensionElements>\n    </userTask>\n    <userTask id=\"midCommitteeApproval\" name=\"决策委员会中期评审\" activiti:assignee=\"${committee}\" activiti:candidateUsers=\"${committees}\" activiti:candidateGroups=\"${committeeGroup}\">\n      <extensionElements>\n        <activiti:taskListener event=\"create\" delegateExpression=\"${projectCurrentStateListener}\"></activiti:taskListener>\n        <activiti:taskListener event=\"complete\" delegateExpression=\"${projectPreviousStateListener}\"></activiti:taskListener>\n      </extensionElements>\n    </userTask>\n    <userTask id=\"committeeEndApproval\" name=\"决策委员会终期评审\" activiti:assignee=\"${committee}\" activiti:candidateUsers=\"${committees}\" activiti:candidateGroups=\"${committeeGroup}\">\n      <extensionElements>\n        <activiti:taskListener event=\"create\" delegateExpression=\"${projectCurrentStateListener}\"></activiti:taskListener>\n        <activiti:taskListener event=\"complete\" delegateExpression=\"${projectPreviousStateListener}\"></activiti:taskListener>\n      </extensionElements>\n    </userTask>\n    <sequenceFlow id=\"toPMSubmitMIdMaterial\" sourceRef=\"publishParallelfork\" targetRef=\"pmSubmitMIdMaterial\"></sequenceFlow>\n    <sequenceFlow id=\"toResultOfMidChecked\" sourceRef=\"departleaderMidApproval\" targetRef=\"resultOfMidChecked\"></sequenceFlow>\n    <sequenceFlow id=\"toDispatcherEndMaster\" sourceRef=\"pmSubmitEndMaterial\" targetRef=\"DispatcherEndMaster\"></sequenceFlow>\n    <sequenceFlow id=\"toResultOfEndChecked\" sourceRef=\"departleaderEndApproval\" targetRef=\"resultOfEndChecked\"></sequenceFlow>\n    <sequenceFlow id=\"toPMSelfConclusion\" sourceRef=\"monthlyReportJoin\" targetRef=\"PMSelfConclusion\"></sequenceFlow>\n    <sequenceFlow id=\"toDepartleaderConclusion\" sourceRef=\"PMSelfConclusion\" targetRef=\"departleaderConclusion\"></sequenceFlow>\n    <sequenceFlow id=\"departleaderConclusion2EndProcess\" sourceRef=\"departleaderConclusion\" targetRef=\"pm_process_jianguan_end\"></sequenceFlow>\n    <sequenceFlow id=\"toMidConclusion\" sourceRef=\"midCommitteeApproval\" targetRef=\"midConclusion\"></sequenceFlow>\n    <sequenceFlow id=\"toEndConclusion\" sourceRef=\"committeeEndApproval\" targetRef=\"endConclusion\"></sequenceFlow>\n    <exclusiveGateway id=\"determineTheNeedToSubmit\" name=\"判断是否需要周期监测\"></exclusiveGateway>\n    <sequenceFlow id=\"toDispatcherMidMaster\" sourceRef=\"pmSubmitMIdMaterial\" targetRef=\"DispatcherMidMaster\"></sequenceFlow>\n    <sequenceFlow id=\"midConclusionPass\" name=\"中期评审通过\" sourceRef=\"midConclusion\" targetRef=\"departleaderMidApproval\">\n      <conditionExpression xsi:type=\"tFormalExpression\"><![CDATA[${midCommitteeApproval_result eq \'pass\'}]]></conditionExpression>\n    </sequenceFlow>\n    <sequenceFlow id=\"resultOfMidCheckedNotPass\" name=\"中期结果不合格\" sourceRef=\"resultOfMidChecked\" targetRef=\"pmSubmitMIdMaterial\">\n      <conditionExpression xsi:type=\"tFormalExpression\"><![CDATA[${departleaderMidApproval_result eq \'reject\'}]]></conditionExpression>\n    </sequenceFlow>\n    <sequenceFlow id=\"resultOfMidCheckedPass\" name=\"中期结果合格\" sourceRef=\"resultOfMidChecked\" targetRef=\"pmSubmitEndMaterial\">\n      <conditionExpression xsi:type=\"tFormalExpression\"><![CDATA[${departleaderMidApproval_result eq \'pass\'}]]></conditionExpression>\n    </sequenceFlow>\n    <userTask id=\"submitMonthlyReport\" name=\"提交周期报告\" activiti:assignee=\"${projectManager}\">\n      <extensionElements>\n        <activiti:taskListener event=\"create\" delegateExpression=\"${reportCurrentStateListener}\"></activiti:taskListener>\n        <activiti:taskListener event=\"complete\" delegateExpression=\"${reportCompleteListener}\"></activiti:taskListener>\n      </extensionElements>\n    </userTask>\n    <sequenceFlow id=\"midConclusionNotPass\" name=\"中期评审不通过\" sourceRef=\"midConclusion\" targetRef=\"pmSubmitMIdMaterial\">\n      <conditionExpression xsi:type=\"tFormalExpression\"><![CDATA[${midCommitteeApproval_result eq \'reject\'}]]></conditionExpression>\n    </sequenceFlow>\n    <sequenceFlow id=\"endConclusionNotPass\" name=\"终期评审不通过\" sourceRef=\"endConclusion\" targetRef=\"pmSubmitEndMaterial\">\n      <conditionExpression xsi:type=\"tFormalExpression\"><![CDATA[${committeeEndApproval_result eq \'reject\'}]]></conditionExpression>\n    </sequenceFlow>\n    <sequenceFlow id=\"endConclusionPass\" name=\"终期评审通过\" sourceRef=\"endConclusion\" targetRef=\"departleaderEndApproval\">\n      <conditionExpression xsi:type=\"tFormalExpression\"><![CDATA[${committeeEndApproval_result eq \'pass\'}]]></conditionExpression>\n    </sequenceFlow>\n    <sequenceFlow id=\"resultOfEndCheckedNotPass\" name=\"终期结果不合格\" sourceRef=\"resultOfEndChecked\" targetRef=\"pmSubmitEndMaterial\">\n      <conditionExpression xsi:type=\"tFormalExpression\"><![CDATA[${departleaderEndApproval_result eq \'reject\'}]]></conditionExpression>\n    </sequenceFlow>\n    <sequenceFlow id=\"resultOfEndCheckedPass\" name=\"终期结果合格\" sourceRef=\"resultOfEndChecked\" targetRef=\"monthlyReportJoin\">\n      <conditionExpression xsi:type=\"tFormalExpression\"><![CDATA[${departleaderEndApproval_result eq \'pass\'}]]></conditionExpression>\n    </sequenceFlow>\n    <sequenceFlow id=\"notNeedToSubmit\" sourceRef=\"determineTheNeedToSubmit\" targetRef=\"monthlyReportJoin\">\n      <conditionExpression xsi:type=\"tFormalExpression\"><![CDATA[${departleaderEndApproval_result eq \'pass\'}]]></conditionExpression>\n    </sequenceFlow>\n    <sequenceFlow id=\"toSubmitMonthlyCheck\" sourceRef=\"ReportCheckfork\" targetRef=\"submitMonthlyCheck\"></sequenceFlow>\n    <sequenceFlow id=\"toDetermineTheNeedToSubmit\" sourceRef=\"publishParallelfork\" targetRef=\"determineTheNeedToSubmit\"></sequenceFlow>\n    <intermediateCatchEvent id=\"MonthlyReportTimer\" name=\"定时器\">\n      <timerEventDefinition>\n        <timeDuration>${cycleTime}</timeDuration>\n      </timerEventDefinition>\n    </intermediateCatchEvent>\n    <sequenceFlow id=\"needToSubmit\" sourceRef=\"determineTheNeedToSubmit\" targetRef=\"MonthlyReportTimer\">\n      <conditionExpression xsi:type=\"tFormalExpression\"><![CDATA[${departleaderEndApproval_result eq \'reject\'}]]></conditionExpression>\n    </sequenceFlow>\n    <exclusiveGateway id=\"determineComplete\" name=\"判断是否完成所有周期监测\"></exclusiveGateway>\n    <sequenceFlow id=\"toDetermineComplete\" sourceRef=\"MonthlyReportTimer\" targetRef=\"determineComplete\">\n      <extensionElements>\n        <activiti:executionListener event=\"take\" delegateExpression=\"${determineCompleteListener}\"></activiti:executionListener>\n      </extensionElements>\n    </sequenceFlow>\n    <sequenceFlow id=\"complete\" sourceRef=\"determineComplete\" targetRef=\"determineTheNeedToSubmit\">\n      <conditionExpression xsi:type=\"tFormalExpression\"><![CDATA[${departleaderEndApproval_result eq \'pass\'}]]></conditionExpression>\n    </sequenceFlow>\n    <sequenceFlow id=\"notComplete\" sourceRef=\"determineComplete\" targetRef=\"ReportCheckfork\">\n      <conditionExpression xsi:type=\"tFormalExpression\"><![CDATA[${departleaderEndApproval_result eq \'reject\'}]]></conditionExpression>\n    </sequenceFlow>\n    <sequenceFlow id=\"toMidApprovalReport\" sourceRef=\"DispatcherMidMaster\" targetRef=\"midApprovalReport\"></sequenceFlow>\n    <sequenceFlow id=\"toInputMidGrade\" sourceRef=\"midApprovalReport\" targetRef=\"inputMidGrade\"></sequenceFlow>\n    <sequenceFlow id=\"toMidCommitteeApproval\" sourceRef=\"inputMidGrade\" targetRef=\"midCommitteeApproval\"></sequenceFlow>\n    <sequenceFlow id=\"toEndApprovalReport\" sourceRef=\"DispatcherEndMaster\" targetRef=\"endApprovalReport\"></sequenceFlow>\n    <sequenceFlow id=\"toInputEndGrade\" sourceRef=\"endApprovalReport\" targetRef=\"inputEndGrade\"></sequenceFlow>\n    <sequenceFlow id=\"toCommitteeEndApproval\" sourceRef=\"inputEndGrade\" targetRef=\"committeeEndApproval\"></sequenceFlow>\n    <sequenceFlow id=\"start2jzdc\" sourceRef=\"pm_process_jianguan_start\" targetRef=\"officerApproval\"></sequenceFlow>\n    <userTask id=\"officerApproval\" name=\"管理员审批\" activiti:assignee=\"${officer}\" activiti:candidateGroups=\"${officerGroup}\">\n      <extensionElements>\n        <activiti:taskListener event=\"create\" delegateExpression=\"${projectCurrentStateListener}\"></activiti:taskListener>\n        <activiti:taskListener event=\"complete\" delegateExpression=\"${projectPreviousStateListener}\"></activiti:taskListener>\n      </extensionElements>\n    </userTask>\n    <userTask id=\"committeeApproval\" name=\"决策委员会审批\" activiti:assignee=\"${committee}\" activiti:candidateUsers=\"${committees}\" activiti:candidateGroups=\"${committeeGroup}\">\n      <extensionElements>\n        <activiti:taskListener event=\"create\" delegateExpression=\"${projectCurrentStateListener}\"></activiti:taskListener>\n        <activiti:taskListener event=\"complete\" delegateExpression=\"${projectPreviousStateListener}\"></activiti:taskListener>\n      </extensionElements>\n    </userTask>\n    <exclusiveGateway id=\"primaryReviewConclusion\" name=\"初期评审结论\"></exclusiveGateway>\n    <sequenceFlow id=\"toCommitteeApproval\" sourceRef=\"officerApproval\" targetRef=\"committeeApproval\"></sequenceFlow>\n    <sequenceFlow id=\"toprimaryReviewConclusion\" sourceRef=\"committeeApproval\" targetRef=\"primaryReviewConclusion\"></sequenceFlow>\n    <userTask id=\"departleaderApproval\" name=\"部门经理审批\" activiti:assignee=\"${departLeader}\" activiti:candidateGroups=\"${departLeaderGroup}\">\n      <extensionElements>\n        <activiti:taskListener event=\"create\" delegateExpression=\"${projectCurrentStateListener}\"></activiti:taskListener>\n        <activiti:taskListener event=\"complete\" delegateExpression=\"${projectPreviousStateListener}\"></activiti:taskListener>\n      </extensionElements>\n    </userTask>\n    <sequenceFlow id=\"primaryReviewConclusionPass\" name=\"初期评审通过\" sourceRef=\"primaryReviewConclusion\" targetRef=\"departleaderApproval\">\n      <conditionExpression xsi:type=\"tFormalExpression\"><![CDATA[${committeeApproval_result eq \'pass\'}]]></conditionExpression>\n    </sequenceFlow>\n    <exclusiveGateway id=\"resultOfDepartApproval\" name=\"部门经理审批结论\"></exclusiveGateway>\n    <sequenceFlow id=\"flow4\" sourceRef=\"departleaderApproval\" targetRef=\"resultOfDepartApproval\"></sequenceFlow>\n    <sequenceFlow id=\"resultOfDepartApprovalNotPass\" name=\"部门经理审批未通过\" sourceRef=\"resultOfDepartApproval\" targetRef=\"pm_process_jianguan_end\">\n      <conditionExpression xsi:type=\"tFormalExpression\"><![CDATA[${departleaderApproval_result eq \'cancel\'}]]></conditionExpression>\n    </sequenceFlow>\n    <sequenceFlow id=\"resultOfDepartApproval2publishParallelfork\" sourceRef=\"resultOfDepartApproval\" targetRef=\"publishParallelfork\">\n      <conditionExpression xsi:type=\"tFormalExpression\"><![CDATA[${departleaderApproval_result eq \'pass\'}]]></conditionExpression>\n    </sequenceFlow>\n    <userTask id=\"pmModifyMaterial\" name=\"项目经理修改申报材料\" activiti:assignee=\"${projectManager}\">\n      <extensionElements>\n        <activiti:taskListener event=\"create\" delegateExpression=\"${projectCurrentStateListener}\"></activiti:taskListener>\n        <activiti:taskListener event=\"complete\" delegateExpression=\"${projectPreviousStateListener}\"></activiti:taskListener>\n      </extensionElements>\n    </userTask>\n    <sequenceFlow id=\"primaryReviewConclusionNotPass\" name=\"初期评审不通过\" sourceRef=\"primaryReviewConclusion\" targetRef=\"pmModifyMaterial\">\n      <conditionExpression xsi:type=\"tFormalExpression\"><![CDATA[${committeeApproval_result eq \'reject\'}]]></conditionExpression>\n    </sequenceFlow>\n    <sequenceFlow id=\"resultOfDepartApprovalNeedModify\" name=\"修改评审材料\" sourceRef=\"resultOfDepartApproval\" targetRef=\"pmModifyMaterial\">\n      <conditionExpression xsi:type=\"tFormalExpression\"><![CDATA[${departleaderApproval_result eq \'reject\'}]]></conditionExpression>\n    </sequenceFlow>\n    <sequenceFlow id=\"flow9\" sourceRef=\"pmModifyMaterial\" targetRef=\"committeeApproval\"></sequenceFlow>\n    <userTask id=\"submitMonthlyCheck\" name=\"提交周期监测\" activiti:assignee=\"${committee}\" activiti:candidateUsers=\"${committees}\" activiti:candidateGroups=\"${committeeGroup}\">\n      <extensionElements>\n        <activiti:taskListener event=\"create\" delegateExpression=\"${reportCurrentStateListener}\"></activiti:taskListener>\n      </extensionElements>\n    </userTask>\n    <sequenceFlow id=\"toContinue\" sourceRef=\"reportCheckJoin\" targetRef=\"determineTheNeedToSubmit\"></sequenceFlow>\n    <parallelGateway id=\"ReportCheckfork\" name=\"周期报告、周期监测分支\"></parallelGateway>\n    <sequenceFlow id=\"toSubmitMonthlyReport\" sourceRef=\"ReportCheckfork\" targetRef=\"submitMonthlyReport\"></sequenceFlow>\n    <parallelGateway id=\"reportCheckJoin\" name=\"周期报告、周期监测汇合\"></parallelGateway>\n    <sequenceFlow id=\"submitMonthlyReport2reportCheckJoin\" sourceRef=\"submitMonthlyReport\" targetRef=\"reportCheckJoin\"></sequenceFlow>\n    <sequenceFlow id=\"submitMonthlyCheck2reportCheckJoin\" sourceRef=\"submitMonthlyCheck\" targetRef=\"reportCheckJoin\"></sequenceFlow>\n  </process>\n  <bpmndi:BPMNDiagram id=\"BPMNDiagram_pm_process_jianguan\">\n    <bpmndi:BPMNPlane bpmnElement=\"pm_process_jianguan\" id=\"BPMNPlane_pm_process_jianguan\">\n      <bpmndi:BPMNShape bpmnElement=\"pm_process_jianguan_start\" id=\"BPMNShape_pm_process_jianguan_start\">\n        <omgdc:Bounds height=\"41.0\" width=\"35.0\" x=\"30.0\" y=\"21.0\"></omgdc:Bounds>\n      </bpmndi:BPMNShape>\n      <bpmndi:BPMNShape bpmnElement=\"pmSubmitMIdMaterial\" id=\"BPMNShape_pmSubmitMIdMaterial\">\n        <omgdc:Bounds height=\"80.0\" width=\"100.0\" x=\"620.0\" y=\"266.0\"></omgdc:Bounds>\n      </bpmndi:BPMNShape>\n      <bpmndi:BPMNShape bpmnElement=\"DispatcherMidMaster\" id=\"BPMNShape_DispatcherMidMaster\">\n        <omgdc:Bounds height=\"80.0\" width=\"100.0\" x=\"1185.0\" y=\"266.0\"></omgdc:Bounds>\n      </bpmndi:BPMNShape>\n      <bpmndi:BPMNShape bpmnElement=\"midApprovalReport\" id=\"BPMNShape_midApprovalReport\">\n        <omgdc:Bounds height=\"80.0\" width=\"100.0\" x=\"1185.0\" y=\"427.0\"></omgdc:Bounds>\n      </bpmndi:BPMNShape>\n      <bpmndi:BPMNShape bpmnElement=\"midConclusion\" id=\"BPMNShape_midConclusion\">\n        <omgdc:Bounds height=\"40.0\" width=\"40.0\" x=\"649.0\" y=\"446.0\"></omgdc:Bounds>\n      </bpmndi:BPMNShape>\n      <bpmndi:BPMNShape bpmnElement=\"pmSubmitEndMaterial\" id=\"BPMNShape_pmSubmitEndMaterial\">\n        <omgdc:Bounds height=\"80.0\" width=\"100.0\" x=\"620.0\" y=\"541.0\"></omgdc:Bounds>\n      </bpmndi:BPMNShape>\n      <bpmndi:BPMNShape bpmnElement=\"PMSelfConclusion\" id=\"BPMNShape_PMSelfConclusion\">\n        <omgdc:Bounds height=\"80.0\" width=\"100.0\" x=\"412.0\" y=\"886.0\"></omgdc:Bounds>\n      </bpmndi:BPMNShape>\n      <bpmndi:BPMNShape bpmnElement=\"DispatcherEndMaster\" id=\"BPMNShape_DispatcherEndMaster\">\n        <omgdc:Bounds height=\"80.0\" width=\"100.0\" x=\"1186.0\" y=\"543.0\"></omgdc:Bounds>\n      </bpmndi:BPMNShape>\n      <bpmndi:BPMNShape bpmnElement=\"endConclusion\" id=\"BPMNShape_endConclusion\">\n        <omgdc:Bounds height=\"40.0\" width=\"40.0\" x=\"650.0\" y=\"746.0\"></omgdc:Bounds>\n      </bpmndi:BPMNShape>\n      <bpmndi:BPMNShape bpmnElement=\"resultOfEndChecked\" id=\"BPMNShape_resultOfEndChecked\">\n        <omgdc:Bounds height=\"40.0\" width=\"40.0\" x=\"266.0\" y=\"746.0\"></omgdc:Bounds>\n      </bpmndi:BPMNShape>\n      <bpmndi:BPMNShape bpmnElement=\"resultOfMidChecked\" id=\"BPMNShape_resultOfMidChecked\">\n        <omgdc:Bounds height=\"40.0\" width=\"40.0\" x=\"266.0\" y=\"446.0\"></omgdc:Bounds>\n      </bpmndi:BPMNShape>\n      <bpmndi:BPMNShape bpmnElement=\"publishParallelfork\" id=\"BPMNShape_publishParallelfork\">\n        <omgdc:Bounds height=\"40.0\" width=\"40.0\" x=\"649.0\" y=\"191.0\"></omgdc:Bounds>\n      </bpmndi:BPMNShape>\n      <bpmndi:BPMNShape bpmnElement=\"departleaderMidApproval\" id=\"BPMNShape_departleaderMidApproval\">\n        <omgdc:Bounds height=\"80.0\" width=\"100.0\" x=\"412.0\" y=\"427.0\"></omgdc:Bounds>\n      </bpmndi:BPMNShape>\n      <bpmndi:BPMNShape bpmnElement=\"departleaderEndApproval\" id=\"BPMNShape_departleaderEndApproval\">\n        <omgdc:Bounds height=\"80.0\" width=\"100.0\" x=\"412.0\" y=\"726.0\"></omgdc:Bounds>\n      </bpmndi:BPMNShape>\n      <bpmndi:BPMNShape bpmnElement=\"monthlyReportJoin\" id=\"BPMNShape_monthlyReportJoin\">\n        <omgdc:Bounds height=\"40.0\" width=\"40.0\" x=\"266.0\" y=\"906.0\"></omgdc:Bounds>\n      </bpmndi:BPMNShape>\n      <bpmndi:BPMNShape bpmnElement=\"pm_process_jianguan_end\" id=\"BPMNShape_pm_process_jianguan_end\">\n        <omgdc:Bounds height=\"35.0\" width=\"35.0\" x=\"1330.0\" y=\"908.0\"></omgdc:Bounds>\n      </bpmndi:BPMNShape>\n      <bpmndi:BPMNShape bpmnElement=\"inputMidGrade\" id=\"BPMNShape_inputMidGrade\">\n        <omgdc:Bounds height=\"80.0\" width=\"100.0\" x=\"960.0\" y=\"427.0\"></omgdc:Bounds>\n      </bpmndi:BPMNShape>\n      <bpmndi:BPMNShape bpmnElement=\"endApprovalReport\" id=\"BPMNShape_endApprovalReport\">\n        <omgdc:Bounds height=\"80.0\" width=\"100.0\" x=\"1186.0\" y=\"727.0\"></omgdc:Bounds>\n      </bpmndi:BPMNShape>\n      <bpmndi:BPMNShape bpmnElement=\"inputEndGrade\" id=\"BPMNShape_inputEndGrade\">\n        <omgdc:Bounds height=\"80.0\" width=\"100.0\" x=\"970.0\" y=\"726.0\"></omgdc:Bounds>\n      </bpmndi:BPMNShape>\n      <bpmndi:BPMNShape bpmnElement=\"departleaderConclusion\" id=\"BPMNShape_departleaderConclusion\">\n        <omgdc:Bounds height=\"80.0\" width=\"100.0\" x=\"626.0\" y=\"886.0\"></omgdc:Bounds>\n      </bpmndi:BPMNShape>\n      <bpmndi:BPMNShape bpmnElement=\"midCommitteeApproval\" id=\"BPMNShape_midCommitteeApproval\">\n        <omgdc:Bounds height=\"80.0\" width=\"100.0\" x=\"765.0\" y=\"428.0\"></omgdc:Bounds>\n      </bpmndi:BPMNShape>\n      <bpmndi:BPMNShape bpmnElement=\"committeeEndApproval\" id=\"BPMNShape_committeeEndApproval\">\n        <omgdc:Bounds height=\"80.0\" width=\"100.0\" x=\"765.0\" y=\"726.0\"></omgdc:Bounds>\n      </bpmndi:BPMNShape>\n      <bpmndi:BPMNShape bpmnElement=\"determineTheNeedToSubmit\" id=\"BPMNShape_determineTheNeedToSubmit\">\n        <omgdc:Bounds height=\"40.0\" width=\"40.0\" x=\"0.0\" y=\"285.0\"></omgdc:Bounds>\n      </bpmndi:BPMNShape>\n      <bpmndi:BPMNShape bpmnElement=\"submitMonthlyReport\" id=\"BPMNShape_submitMonthlyReport\">\n        <omgdc:Bounds height=\"78.0\" width=\"105.0\" x=\"171.0\" y=\"544.0\"></omgdc:Bounds>\n      </bpmndi:BPMNShape>\n      <bpmndi:BPMNShape bpmnElement=\"MonthlyReportTimer\" id=\"BPMNShape_MonthlyReportTimer\">\n        <omgdc:Bounds height=\"35.0\" width=\"35.0\" x=\"154.0\" y=\"289.0\"></omgdc:Bounds>\n      </bpmndi:BPMNShape>\n      <bpmndi:BPMNShape bpmnElement=\"determineComplete\" id=\"BPMNShape_determineComplete\">\n        <omgdc:Bounds height=\"40.0\" width=\"40.0\" x=\"151.0\" y=\"368.0\"></omgdc:Bounds>\n      </bpmndi:BPMNShape>\n      <bpmndi:BPMNShape bpmnElement=\"officerApproval\" id=\"BPMNShape_officerApproval\">\n        <omgdc:Bounds height=\"75.0\" width=\"105.0\" x=\"250.0\" y=\"4.0\"></omgdc:Bounds>\n      </bpmndi:BPMNShape>\n      <bpmndi:BPMNShape bpmnElement=\"committeeApproval\" id=\"BPMNShape_committeeApproval\">\n        <omgdc:Bounds height=\"77.0\" width=\"105.0\" x=\"577.0\" y=\"3.0\"></omgdc:Bounds>\n      </bpmndi:BPMNShape>\n      <bpmndi:BPMNShape bpmnElement=\"primaryReviewConclusion\" id=\"BPMNShape_primaryReviewConclusion\">\n        <omgdc:Bounds height=\"40.0\" width=\"40.0\" x=\"864.0\" y=\"21.0\"></omgdc:Bounds>\n      </bpmndi:BPMNShape>\n      <bpmndi:BPMNShape bpmnElement=\"departleaderApproval\" id=\"BPMNShape_departleaderApproval\">\n        <omgdc:Bounds height=\"78.0\" width=\"105.0\" x=\"1295.0\" y=\"1.0\"></omgdc:Bounds>\n      </bpmndi:BPMNShape>\n      <bpmndi:BPMNShape bpmnElement=\"resultOfDepartApproval\" id=\"BPMNShape_resultOfDepartApproval\">\n        <omgdc:Bounds height=\"40.0\" width=\"40.0\" x=\"1327.0\" y=\"191.0\"></omgdc:Bounds>\n      </bpmndi:BPMNShape>\n      <bpmndi:BPMNShape bpmnElement=\"pmModifyMaterial\" id=\"BPMNShape_pmModifyMaterial\">\n        <omgdc:Bounds height=\"71.0\" width=\"105.0\" x=\"832.0\" y=\"111.0\"></omgdc:Bounds>\n      </bpmndi:BPMNShape>\n      <bpmndi:BPMNShape bpmnElement=\"submitMonthlyCheck\" id=\"BPMNShape_submitMonthlyCheck\">\n        <omgdc:Bounds height=\"77.0\" width=\"105.0\" x=\"50.0\" y=\"544.0\"></omgdc:Bounds>\n      </bpmndi:BPMNShape>\n      <bpmndi:BPMNShape bpmnElement=\"ReportCheckfork\" id=\"BPMNShape_ReportCheckfork\">\n        <omgdc:Bounds height=\"40.0\" width=\"40.0\" x=\"151.0\" y=\"446.0\"></omgdc:Bounds>\n      </bpmndi:BPMNShape>\n      <bpmndi:BPMNShape bpmnElement=\"reportCheckJoin\" id=\"BPMNShape_reportCheckJoin\">\n        <omgdc:Bounds height=\"40.0\" width=\"40.0\" x=\"151.0\" y=\"746.0\"></omgdc:Bounds>\n      </bpmndi:BPMNShape>\n      <bpmndi:BPMNEdge bpmnElement=\"toPMSubmitMIdMaterial\" id=\"BPMNEdge_toPMSubmitMIdMaterial\">\n        <omgdi:waypoint x=\"669.0\" y=\"231.0\"></omgdi:waypoint>\n        <omgdi:waypoint x=\"670.0\" y=\"266.0\"></omgdi:waypoint>\n      </bpmndi:BPMNEdge>\n      <bpmndi:BPMNEdge bpmnElement=\"toResultOfMidChecked\" id=\"BPMNEdge_toResultOfMidChecked\">\n        <omgdi:waypoint x=\"412.0\" y=\"467.0\"></omgdi:waypoint>\n        <omgdi:waypoint x=\"306.0\" y=\"466.0\"></omgdi:waypoint>\n      </bpmndi:BPMNEdge>\n      <bpmndi:BPMNEdge bpmnElement=\"toDispatcherEndMaster\" id=\"BPMNEdge_toDispatcherEndMaster\">\n        <omgdi:waypoint x=\"720.0\" y=\"581.0\"></omgdi:waypoint>\n        <omgdi:waypoint x=\"1186.0\" y=\"583.0\"></omgdi:waypoint>\n      </bpmndi:BPMNEdge>\n      <bpmndi:BPMNEdge bpmnElement=\"toResultOfEndChecked\" id=\"BPMNEdge_toResultOfEndChecked\">\n        <omgdi:waypoint x=\"412.0\" y=\"766.0\"></omgdi:waypoint>\n        <omgdi:waypoint x=\"306.0\" y=\"766.0\"></omgdi:waypoint>\n      </bpmndi:BPMNEdge>\n      <bpmndi:BPMNEdge bpmnElement=\"toPMSelfConclusion\" id=\"BPMNEdge_toPMSelfConclusion\">\n        <omgdi:waypoint x=\"306.0\" y=\"926.0\"></omgdi:waypoint>\n        <omgdi:waypoint x=\"412.0\" y=\"926.0\"></omgdi:waypoint>\n      </bpmndi:BPMNEdge>\n      <bpmndi:BPMNEdge bpmnElement=\"toDepartleaderConclusion\" id=\"BPMNEdge_toDepartleaderConclusion\">\n        <omgdi:waypoint x=\"512.0\" y=\"926.0\"></omgdi:waypoint>\n        <omgdi:waypoint x=\"626.0\" y=\"926.0\"></omgdi:waypoint>\n      </bpmndi:BPMNEdge>\n      <bpmndi:BPMNEdge bpmnElement=\"departleaderConclusion2EndProcess\" id=\"BPMNEdge_departleaderConclusion2EndProcess\">\n        <omgdi:waypoint x=\"726.0\" y=\"926.0\"></omgdi:waypoint>\n        <omgdi:waypoint x=\"1330.0\" y=\"925.0\"></omgdi:waypoint>\n      </bpmndi:BPMNEdge>\n      <bpmndi:BPMNEdge bpmnElement=\"toMidConclusion\" id=\"BPMNEdge_toMidConclusion\">\n        <omgdi:waypoint x=\"765.0\" y=\"468.0\"></omgdi:waypoint>\n        <omgdi:waypoint x=\"689.0\" y=\"466.0\"></omgdi:waypoint>\n      </bpmndi:BPMNEdge>\n      <bpmndi:BPMNEdge bpmnElement=\"toEndConclusion\" id=\"BPMNEdge_toEndConclusion\">\n        <omgdi:waypoint x=\"765.0\" y=\"766.0\"></omgdi:waypoint>\n        <omgdi:waypoint x=\"690.0\" y=\"766.0\"></omgdi:waypoint>\n      </bpmndi:BPMNEdge>\n      <bpmndi:BPMNEdge bpmnElement=\"toDispatcherMidMaster\" id=\"BPMNEdge_toDispatcherMidMaster\">\n        <omgdi:waypoint x=\"720.0\" y=\"306.0\"></omgdi:waypoint>\n        <omgdi:waypoint x=\"1185.0\" y=\"306.0\"></omgdi:waypoint>\n      </bpmndi:BPMNEdge>\n      <bpmndi:BPMNEdge bpmnElement=\"midConclusionPass\" id=\"BPMNEdge_midConclusionPass\">\n        <omgdi:waypoint x=\"649.0\" y=\"466.0\"></omgdi:waypoint>\n        <omgdi:waypoint x=\"512.0\" y=\"467.0\"></omgdi:waypoint>\n        <bpmndi:BPMNLabel>\n          <omgdc:Bounds height=\"14.0\" width=\"72.0\" x=\"571.0\" y=\"468.0\"></omgdc:Bounds>\n        </bpmndi:BPMNLabel>\n      </bpmndi:BPMNEdge>\n      <bpmndi:BPMNEdge bpmnElement=\"resultOfMidCheckedNotPass\" id=\"BPMNEdge_resultOfMidCheckedNotPass\">\n        <omgdi:waypoint x=\"286.0\" y=\"446.0\"></omgdi:waypoint>\n        <omgdi:waypoint x=\"286.0\" y=\"306.0\"></omgdi:waypoint>\n        <omgdi:waypoint x=\"620.0\" y=\"306.0\"></omgdi:waypoint>\n        <bpmndi:BPMNLabel>\n          <omgdc:Bounds height=\"14.0\" width=\"84.0\" x=\"306.0\" y=\"429.0\"></omgdc:Bounds>\n        </bpmndi:BPMNLabel>\n      </bpmndi:BPMNEdge>\n      <bpmndi:BPMNEdge bpmnElement=\"resultOfMidCheckedPass\" id=\"BPMNEdge_resultOfMidCheckedPass\">\n        <omgdi:waypoint x=\"286.0\" y=\"486.0\"></omgdi:waypoint>\n        <omgdi:waypoint x=\"286.0\" y=\"581.0\"></omgdi:waypoint>\n        <omgdi:waypoint x=\"620.0\" y=\"581.0\"></omgdi:waypoint>\n        <bpmndi:BPMNLabel>\n          <omgdc:Bounds height=\"14.0\" width=\"72.0\" x=\"286.0\" y=\"493.0\"></omgdc:Bounds>\n        </bpmndi:BPMNLabel>\n      </bpmndi:BPMNEdge>\n      <bpmndi:BPMNEdge bpmnElement=\"midConclusionNotPass\" id=\"BPMNEdge_midConclusionNotPass\">\n        <omgdi:waypoint x=\"669.0\" y=\"446.0\"></omgdi:waypoint>\n        <omgdi:waypoint x=\"670.0\" y=\"346.0\"></omgdi:waypoint>\n        <bpmndi:BPMNLabel>\n          <omgdc:Bounds height=\"14.0\" width=\"84.0\" x=\"674.0\" y=\"416.0\"></omgdc:Bounds>\n        </bpmndi:BPMNLabel>\n      </bpmndi:BPMNEdge>\n      <bpmndi:BPMNEdge bpmnElement=\"endConclusionNotPass\" id=\"BPMNEdge_endConclusionNotPass\">\n        <omgdi:waypoint x=\"670.0\" y=\"746.0\"></omgdi:waypoint>\n        <omgdi:waypoint x=\"670.0\" y=\"621.0\"></omgdi:waypoint>\n        <bpmndi:BPMNLabel>\n          <omgdc:Bounds height=\"14.0\" width=\"84.0\" x=\"670.0\" y=\"702.0\"></omgdc:Bounds>\n        </bpmndi:BPMNLabel>\n      </bpmndi:BPMNEdge>\n      <bpmndi:BPMNEdge bpmnElement=\"endConclusionPass\" id=\"BPMNEdge_endConclusionPass\">\n        <omgdi:waypoint x=\"650.0\" y=\"766.0\"></omgdi:waypoint>\n        <omgdi:waypoint x=\"512.0\" y=\"766.0\"></omgdi:waypoint>\n        <bpmndi:BPMNLabel>\n          <omgdc:Bounds height=\"14.0\" width=\"72.0\" x=\"574.0\" y=\"774.0\"></omgdc:Bounds>\n        </bpmndi:BPMNLabel>\n      </bpmndi:BPMNEdge>\n      <bpmndi:BPMNEdge bpmnElement=\"resultOfEndCheckedNotPass\" id=\"BPMNEdge_resultOfEndCheckedNotPass\">\n        <omgdi:waypoint x=\"286.0\" y=\"746.0\"></omgdi:waypoint>\n        <omgdi:waypoint x=\"285.0\" y=\"600.0\"></omgdi:waypoint>\n        <omgdi:waypoint x=\"620.0\" y=\"581.0\"></omgdi:waypoint>\n        <bpmndi:BPMNLabel>\n          <omgdc:Bounds height=\"14.0\" width=\"84.0\" x=\"291.0\" y=\"722.0\"></omgdc:Bounds>\n        </bpmndi:BPMNLabel>\n      </bpmndi:BPMNEdge>\n      <bpmndi:BPMNEdge bpmnElement=\"resultOfEndCheckedPass\" id=\"BPMNEdge_resultOfEndCheckedPass\">\n        <omgdi:waypoint x=\"286.0\" y=\"786.0\"></omgdi:waypoint>\n        <omgdi:waypoint x=\"286.0\" y=\"906.0\"></omgdi:waypoint>\n        <bpmndi:BPMNLabel>\n          <omgdc:Bounds height=\"14.0\" width=\"72.0\" x=\"296.0\" y=\"798.0\"></omgdc:Bounds>\n        </bpmndi:BPMNLabel>\n      </bpmndi:BPMNEdge>\n      <bpmndi:BPMNEdge bpmnElement=\"notNeedToSubmit\" id=\"BPMNEdge_notNeedToSubmit\">\n        <omgdi:waypoint x=\"20.0\" y=\"325.0\"></omgdi:waypoint>\n        <omgdi:waypoint x=\"20.0\" y=\"926.0\"></omgdi:waypoint>\n        <omgdi:waypoint x=\"266.0\" y=\"926.0\"></omgdi:waypoint>\n      </bpmndi:BPMNEdge>\n      <bpmndi:BPMNEdge bpmnElement=\"toSubmitMonthlyCheck\" id=\"BPMNEdge_toSubmitMonthlyCheck\">\n        <omgdi:waypoint x=\"151.0\" y=\"466.0\"></omgdi:waypoint>\n        <omgdi:waypoint x=\"102.0\" y=\"465.0\"></omgdi:waypoint>\n        <omgdi:waypoint x=\"102.0\" y=\"544.0\"></omgdi:waypoint>\n      </bpmndi:BPMNEdge>\n      <bpmndi:BPMNEdge bpmnElement=\"toDetermineTheNeedToSubmit\" id=\"BPMNEdge_toDetermineTheNeedToSubmit\">\n        <omgdi:waypoint x=\"649.0\" y=\"211.0\"></omgdi:waypoint>\n        <omgdi:waypoint x=\"17.0\" y=\"211.0\"></omgdi:waypoint>\n        <omgdi:waypoint x=\"20.0\" y=\"285.0\"></omgdi:waypoint>\n      </bpmndi:BPMNEdge>\n      <bpmndi:BPMNEdge bpmnElement=\"needToSubmit\" id=\"BPMNEdge_needToSubmit\">\n        <omgdi:waypoint x=\"40.0\" y=\"305.0\"></omgdi:waypoint>\n        <omgdi:waypoint x=\"154.0\" y=\"306.0\"></omgdi:waypoint>\n      </bpmndi:BPMNEdge>\n      <bpmndi:BPMNEdge bpmnElement=\"toDetermineComplete\" id=\"BPMNEdge_toDetermineComplete\">\n        <omgdi:waypoint x=\"171.0\" y=\"324.0\"></omgdi:waypoint>\n        <omgdi:waypoint x=\"171.0\" y=\"368.0\"></omgdi:waypoint>\n      </bpmndi:BPMNEdge>\n      <bpmndi:BPMNEdge bpmnElement=\"complete\" id=\"BPMNEdge_complete\">\n        <omgdi:waypoint x=\"191.0\" y=\"388.0\"></omgdi:waypoint>\n        <omgdi:waypoint x=\"222.0\" y=\"387.0\"></omgdi:waypoint>\n        <omgdi:waypoint x=\"222.0\" y=\"277.0\"></omgdi:waypoint>\n        <omgdi:waypoint x=\"68.0\" y=\"277.0\"></omgdi:waypoint>\n        <omgdi:waypoint x=\"20.0\" y=\"285.0\"></omgdi:waypoint>\n      </bpmndi:BPMNEdge>\n      <bpmndi:BPMNEdge bpmnElement=\"notComplete\" id=\"BPMNEdge_notComplete\">\n        <omgdi:waypoint x=\"171.0\" y=\"408.0\"></omgdi:waypoint>\n        <omgdi:waypoint x=\"171.0\" y=\"446.0\"></omgdi:waypoint>\n      </bpmndi:BPMNEdge>\n      <bpmndi:BPMNEdge bpmnElement=\"toMidApprovalReport\" id=\"BPMNEdge_toMidApprovalReport\">\n        <omgdi:waypoint x=\"1235.0\" y=\"346.0\"></omgdi:waypoint>\n        <omgdi:waypoint x=\"1235.0\" y=\"427.0\"></omgdi:waypoint>\n      </bpmndi:BPMNEdge>\n      <bpmndi:BPMNEdge bpmnElement=\"toInputMidGrade\" id=\"BPMNEdge_toInputMidGrade\">\n        <omgdi:waypoint x=\"1185.0\" y=\"467.0\"></omgdi:waypoint>\n        <omgdi:waypoint x=\"1060.0\" y=\"467.0\"></omgdi:waypoint>\n      </bpmndi:BPMNEdge>\n      <bpmndi:BPMNEdge bpmnElement=\"toMidCommitteeApproval\" id=\"BPMNEdge_toMidCommitteeApproval\">\n        <omgdi:waypoint x=\"960.0\" y=\"467.0\"></omgdi:waypoint>\n        <omgdi:waypoint x=\"865.0\" y=\"468.0\"></omgdi:waypoint>\n      </bpmndi:BPMNEdge>\n      <bpmndi:BPMNEdge bpmnElement=\"toEndApprovalReport\" id=\"BPMNEdge_toEndApprovalReport\">\n        <omgdi:waypoint x=\"1236.0\" y=\"623.0\"></omgdi:waypoint>\n        <omgdi:waypoint x=\"1236.0\" y=\"727.0\"></omgdi:waypoint>\n      </bpmndi:BPMNEdge>\n      <bpmndi:BPMNEdge bpmnElement=\"toInputEndGrade\" id=\"BPMNEdge_toInputEndGrade\">\n        <omgdi:waypoint x=\"1186.0\" y=\"767.0\"></omgdi:waypoint>\n        <omgdi:waypoint x=\"1070.0\" y=\"766.0\"></omgdi:waypoint>\n      </bpmndi:BPMNEdge>\n      <bpmndi:BPMNEdge bpmnElement=\"toCommitteeEndApproval\" id=\"BPMNEdge_toCommitteeEndApproval\">\n        <omgdi:waypoint x=\"970.0\" y=\"766.0\"></omgdi:waypoint>\n        <omgdi:waypoint x=\"865.0\" y=\"766.0\"></omgdi:waypoint>\n      </bpmndi:BPMNEdge>\n      <bpmndi:BPMNEdge bpmnElement=\"start2jzdc\" id=\"BPMNEdge_start2jzdc\">\n        <omgdi:waypoint x=\"65.0\" y=\"41.0\"></omgdi:waypoint>\n        <omgdi:waypoint x=\"250.0\" y=\"41.0\"></omgdi:waypoint>\n      </bpmndi:BPMNEdge>\n      <bpmndi:BPMNEdge bpmnElement=\"toCommitteeApproval\" id=\"BPMNEdge_toCommitteeApproval\">\n        <omgdi:waypoint x=\"355.0\" y=\"41.0\"></omgdi:waypoint>\n        <omgdi:waypoint x=\"577.0\" y=\"41.0\"></omgdi:waypoint>\n      </bpmndi:BPMNEdge>\n      <bpmndi:BPMNEdge bpmnElement=\"toprimaryReviewConclusion\" id=\"BPMNEdge_toprimaryReviewConclusion\">\n        <omgdi:waypoint x=\"682.0\" y=\"41.0\"></omgdi:waypoint>\n        <omgdi:waypoint x=\"864.0\" y=\"41.0\"></omgdi:waypoint>\n      </bpmndi:BPMNEdge>\n      <bpmndi:BPMNEdge bpmnElement=\"primaryReviewConclusionPass\" id=\"BPMNEdge_primaryReviewConclusionPass\">\n        <omgdi:waypoint x=\"904.0\" y=\"41.0\"></omgdi:waypoint>\n        <omgdi:waypoint x=\"1295.0\" y=\"40.0\"></omgdi:waypoint>\n        <bpmndi:BPMNLabel>\n          <omgdc:Bounds height=\"14.0\" width=\"72.0\" x=\"935.0\" y=\"42.0\"></omgdc:Bounds>\n        </bpmndi:BPMNLabel>\n      </bpmndi:BPMNEdge>\n      <bpmndi:BPMNEdge bpmnElement=\"flow4\" id=\"BPMNEdge_flow4\">\n        <omgdi:waypoint x=\"1347.0\" y=\"79.0\"></omgdi:waypoint>\n        <omgdi:waypoint x=\"1347.0\" y=\"191.0\"></omgdi:waypoint>\n      </bpmndi:BPMNEdge>\n      <bpmndi:BPMNEdge bpmnElement=\"resultOfDepartApprovalNotPass\" id=\"BPMNEdge_resultOfDepartApprovalNotPass\">\n        <omgdi:waypoint x=\"1347.0\" y=\"231.0\"></omgdi:waypoint>\n        <omgdi:waypoint x=\"1347.0\" y=\"908.0\"></omgdi:waypoint>\n        <bpmndi:BPMNLabel>\n          <omgdc:Bounds height=\"42.0\" width=\"100.0\" x=\"1347.0\" y=\"231.0\"></omgdc:Bounds>\n        </bpmndi:BPMNLabel>\n      </bpmndi:BPMNEdge>\n      <bpmndi:BPMNEdge bpmnElement=\"resultOfDepartApproval2publishParallelfork\" id=\"BPMNEdge_resultOfDepartApproval2publishParallelfork\">\n        <omgdi:waypoint x=\"1327.0\" y=\"211.0\"></omgdi:waypoint>\n        <omgdi:waypoint x=\"689.0\" y=\"211.0\"></omgdi:waypoint>\n      </bpmndi:BPMNEdge>\n      <bpmndi:BPMNEdge bpmnElement=\"primaryReviewConclusionNotPass\" id=\"BPMNEdge_primaryReviewConclusionNotPass\">\n        <omgdi:waypoint x=\"884.0\" y=\"61.0\"></omgdi:waypoint>\n        <omgdi:waypoint x=\"884.0\" y=\"111.0\"></omgdi:waypoint>\n        <bpmndi:BPMNLabel>\n          <omgdc:Bounds height=\"14.0\" width=\"84.0\" x=\"890.0\" y=\"73.0\"></omgdc:Bounds>\n        </bpmndi:BPMNLabel>\n      </bpmndi:BPMNEdge>\n      <bpmndi:BPMNEdge bpmnElement=\"resultOfDepartApprovalNeedModify\" id=\"BPMNEdge_resultOfDepartApprovalNeedModify\">\n        <omgdi:waypoint x=\"1347.0\" y=\"191.0\"></omgdi:waypoint>\n        <omgdi:waypoint x=\"1276.0\" y=\"146.0\"></omgdi:waypoint>\n        <omgdi:waypoint x=\"937.0\" y=\"146.0\"></omgdi:waypoint>\n        <bpmndi:BPMNLabel>\n          <omgdc:Bounds height=\"14.0\" width=\"72.0\" x=\"1171.0\" y=\"150.0\"></omgdc:Bounds>\n        </bpmndi:BPMNLabel>\n      </bpmndi:BPMNEdge>\n      <bpmndi:BPMNEdge bpmnElement=\"flow9\" id=\"BPMNEdge_flow9\">\n        <omgdi:waypoint x=\"832.0\" y=\"146.0\"></omgdi:waypoint>\n        <omgdi:waypoint x=\"629.0\" y=\"146.0\"></omgdi:waypoint>\n        <omgdi:waypoint x=\"629.0\" y=\"80.0\"></omgdi:waypoint>\n      </bpmndi:BPMNEdge>\n      <bpmndi:BPMNEdge bpmnElement=\"toContinue\" id=\"BPMNEdge_toContinue\">\n        <omgdi:waypoint x=\"171.0\" y=\"786.0\"></omgdi:waypoint>\n        <omgdi:waypoint x=\"170.0\" y=\"827.0\"></omgdi:waypoint>\n        <omgdi:waypoint x=\"113.0\" y=\"827.0\"></omgdi:waypoint>\n        <omgdi:waypoint x=\"43.0\" y=\"827.0\"></omgdi:waypoint>\n        <omgdi:waypoint x=\"43.0\" y=\"348.0\"></omgdi:waypoint>\n        <omgdi:waypoint x=\"20.0\" y=\"325.0\"></omgdi:waypoint>\n      </bpmndi:BPMNEdge>\n      <bpmndi:BPMNEdge bpmnElement=\"toSubmitMonthlyReport\" id=\"BPMNEdge_toSubmitMonthlyReport\">\n        <omgdi:waypoint x=\"191.0\" y=\"466.0\"></omgdi:waypoint>\n        <omgdi:waypoint x=\"224.0\" y=\"466.0\"></omgdi:waypoint>\n        <omgdi:waypoint x=\"223.0\" y=\"544.0\"></omgdi:waypoint>\n      </bpmndi:BPMNEdge>\n      <bpmndi:BPMNEdge bpmnElement=\"submitMonthlyReport2reportCheckJoin\" id=\"BPMNEdge_submitMonthlyReport2reportCheckJoin\">\n        <omgdi:waypoint x=\"223.0\" y=\"622.0\"></omgdi:waypoint>\n        <omgdi:waypoint x=\"223.0\" y=\"764.0\"></omgdi:waypoint>\n        <omgdi:waypoint x=\"191.0\" y=\"766.0\"></omgdi:waypoint>\n      </bpmndi:BPMNEdge>\n      <bpmndi:BPMNEdge bpmnElement=\"submitMonthlyCheck2reportCheckJoin\" id=\"BPMNEdge_submitMonthlyCheck2reportCheckJoin\">\n        <omgdi:waypoint x=\"102.0\" y=\"621.0\"></omgdi:waypoint>\n        <omgdi:waypoint x=\"102.0\" y=\"765.0\"></omgdi:waypoint>\n        <omgdi:waypoint x=\"151.0\" y=\"766.0\"></omgdi:waypoint>\n      </bpmndi:BPMNEdge>\n    </bpmndi:BPMNPlane>\n  </bpmndi:BPMNDiagram>\n</definitions>',0),('1775004',1,'D:\\apache-tomcat-7.0.54-windows-x64\\apache-tomcat-7.0.54\\wtpwebapps\\process\\WEB-INF\\classes\\deployments\\changeProcess.bpmn20.xml','1775001','<?xml version=\"1.0\" encoding=\"UTF-8\"?>\n<definitions xmlns=\"http://www.omg.org/spec/BPMN/20100524/MODEL\" xmlns:xsi=\"http://www.w3.org/2001/XMLSchema-instance\" xmlns:xsd=\"http://www.w3.org/2001/XMLSchema\" xmlns:activiti=\"http://activiti.org/bpmn\" xmlns:bpmndi=\"http://www.omg.org/spec/BPMN/20100524/DI\" xmlns:omgdc=\"http://www.omg.org/spec/DD/20100524/DC\" xmlns:omgdi=\"http://www.omg.org/spec/DD/20100524/DI\" typeLanguage=\"http://www.w3.org/2001/XMLSchema\" expressionLanguage=\"http://www.w3.org/1999/XPath\" targetNamespace=\"http://www.activiti.org/processdef\">\n  <process id=\"changeProcess\" name=\"变更流程\" isExecutable=\"true\">\n    <startEvent id=\"startChangeProcess\" name=\"开始变更\"></startEvent>\n    <userTask id=\"committeeApprovalChange\" name=\"决策委员会审批变更\" activiti:assignee=\"${committee}\" activiti:candidateUsers=\"${committees}\" activiti:candidateGroups=\"${committeeGroup}\">\n      <extensionElements>\n        <activiti:taskListener event=\"create\" delegateExpression=\"${changeCurrentStateListener}\"></activiti:taskListener>\n        <activiti:taskListener event=\"complete\" delegateExpression=\"${changePreviousStateListener}\"></activiti:taskListener>\n      </extensionElements>\n    </userTask>\n    <userTask id=\"departleaderApprovalChange\" name=\"部门经理审批变更\" activiti:assignee=\"${departLeader}\" activiti:candidateGroups=\"${departLeaderGroup}\">\n      <extensionElements>\n        <activiti:taskListener event=\"create\" delegateExpression=\"${changeCurrentStateListener}\"></activiti:taskListener>\n        <activiti:taskListener event=\"complete\" delegateExpression=\"${changePreviousStateListener}\"></activiti:taskListener>\n      </extensionElements>\n    </userTask>\n    <exclusiveGateway id=\"committeeApprovalChangeConclusion\" name=\"决策委员会审批变更结论\" activiti:async=\"true\"></exclusiveGateway>\n    <userTask id=\"modifyChange\" name=\"修改变更\" activiti:assignee=\"${projectManager}\">\n      <extensionElements>\n        <activiti:taskListener event=\"create\" delegateExpression=\"${changeCurrentStateListener}\"></activiti:taskListener>\n        <activiti:taskListener event=\"complete\" delegateExpression=\"${changePreviousStateListener}\"></activiti:taskListener>\n      </extensionElements>\n    </userTask>\n    <endEvent id=\"endChangeProcess\" name=\"结束变更\">\n      <extensionElements>\n        <activiti:executionListener event=\"end\" delegateExpression=\"${changeEndListener}\"></activiti:executionListener>\n      </extensionElements>\n    </endEvent>\n    <exclusiveGateway id=\"isAgreeChange\" name=\"是否同意修改变更\"></exclusiveGateway>\n    <sequenceFlow id=\"toIsAgreeChange\" sourceRef=\"modifyChange\" targetRef=\"isAgreeChange\"></sequenceFlow>\n    <sequenceFlow id=\"agreeChange\" name=\"同意变更\" sourceRef=\"isAgreeChange\" targetRef=\"committeeApprovalChange\">\n      <conditionExpression xsi:type=\"tFormalExpression\"><![CDATA[${modifyChange_result eq \'pass\'}]]></conditionExpression>\n    </sequenceFlow>\n    <sequenceFlow id=\"notAgreeChange\" name=\"不同意变更\" sourceRef=\"isAgreeChange\" targetRef=\"endChangeProcess\">\n      <conditionExpression xsi:type=\"tFormalExpression\"><![CDATA[${modifyChange_result eq \'reject\'}]]></conditionExpression>\n    </sequenceFlow>\n    <sequenceFlow id=\"startChange2committeeApprovalChange\" sourceRef=\"startChangeProcess\" targetRef=\"committeeApprovalChange\"></sequenceFlow>\n    <sequenceFlow id=\"toCommitteeApprovalChangeConclusion\" sourceRef=\"committeeApprovalChange\" targetRef=\"committeeApprovalChangeConclusion\"></sequenceFlow>\n    <sequenceFlow id=\"committeeApprovalChangeNotPass\" name=\"决策委员会审批变更不通过\" sourceRef=\"committeeApprovalChangeConclusion\" targetRef=\"modifyChange\">\n      <conditionExpression xsi:type=\"tFormalExpression\"><![CDATA[${committeeApprovalChange_result eq \'reject\'}]]></conditionExpression>\n    </sequenceFlow>\n    <sequenceFlow id=\"committeeApprovalChangePass\" name=\"决策委员会审批变更通过\" sourceRef=\"committeeApprovalChangeConclusion\" targetRef=\"departleaderApprovalChange\">\n      <conditionExpression xsi:type=\"tFormalExpression\"><![CDATA[${committeeApprovalChange_result eq \'pass\'}]]></conditionExpression>\n    </sequenceFlow>\n    <exclusiveGateway id=\"departleaderApprovalChangeConclusion\" name=\"部门经理审批变更结论\"></exclusiveGateway>\n    <sequenceFlow id=\"toDepartleaderApprovalChangeConclusion\" sourceRef=\"departleaderApprovalChange\" targetRef=\"departleaderApprovalChangeConclusion\"></sequenceFlow>\n    <sequenceFlow id=\"departleaderApprovalChangePass\" name=\"部门经理审批变更通过\" sourceRef=\"departleaderApprovalChangeConclusion\" targetRef=\"endChangeProcess\">\n      <extensionElements>\n        <activiti:executionListener event=\"take\" delegateExpression=\"${changePassListener}\"></activiti:executionListener>\n      </extensionElements>\n      <conditionExpression xsi:type=\"tFormalExpression\"><![CDATA[${departleaderApprovalChange_result eq \'pass\'}]]></conditionExpression>\n    </sequenceFlow>\n    <sequenceFlow id=\"departleaderApprovalChangeNotPass\" name=\"部门经理审批变更不通过\" sourceRef=\"departleaderApprovalChangeConclusion\" targetRef=\"modifyChange\">\n      <conditionExpression xsi:type=\"tFormalExpression\"><![CDATA[${departleaderApprovalChange_result eq \'reject\'}]]></conditionExpression>\n    </sequenceFlow>\n  </process>\n  <bpmndi:BPMNDiagram id=\"BPMNDiagram_changeProcess\">\n    <bpmndi:BPMNPlane bpmnElement=\"changeProcess\" id=\"BPMNPlane_changeProcess\">\n      <bpmndi:BPMNShape bpmnElement=\"startChangeProcess\" id=\"BPMNShape_startChangeProcess\">\n        <omgdc:Bounds height=\"35.0\" width=\"35.0\" x=\"110.0\" y=\"40.0\"></omgdc:Bounds>\n      </bpmndi:BPMNShape>\n      <bpmndi:BPMNShape bpmnElement=\"committeeApprovalChange\" id=\"BPMNShape_committeeApprovalChange\">\n        <omgdc:Bounds height=\"80.0\" width=\"121.0\" x=\"490.0\" y=\"18.0\"></omgdc:Bounds>\n      </bpmndi:BPMNShape>\n      <bpmndi:BPMNShape bpmnElement=\"departleaderApprovalChange\" id=\"BPMNShape_departleaderApprovalChange\">\n        <omgdc:Bounds height=\"80.0\" width=\"100.0\" x=\"501.0\" y=\"270.0\"></omgdc:Bounds>\n      </bpmndi:BPMNShape>\n      <bpmndi:BPMNShape bpmnElement=\"committeeApprovalChangeConclusion\" id=\"BPMNShape_committeeApprovalChangeConclusion\">\n        <omgdc:Bounds height=\"40.0\" width=\"40.0\" x=\"530.0\" y=\"180.0\"></omgdc:Bounds>\n      </bpmndi:BPMNShape>\n      <bpmndi:BPMNShape bpmnElement=\"modifyChange\" id=\"BPMNShape_modifyChange\">\n        <omgdc:Bounds height=\"80.0\" width=\"100.0\" x=\"350.0\" y=\"161.0\"></omgdc:Bounds>\n      </bpmndi:BPMNShape>\n      <bpmndi:BPMNShape bpmnElement=\"endChangeProcess\" id=\"BPMNShape_endChangeProcess\">\n        <omgdc:Bounds height=\"35.0\" width=\"35.0\" x=\"173.0\" y=\"510.0\"></omgdc:Bounds>\n      </bpmndi:BPMNShape>\n      <bpmndi:BPMNShape bpmnElement=\"isAgreeChange\" id=\"BPMNShape_isAgreeChange\">\n        <omgdc:Bounds height=\"40.0\" width=\"40.0\" x=\"170.0\" y=\"180.0\"></omgdc:Bounds>\n      </bpmndi:BPMNShape>\n      <bpmndi:BPMNShape bpmnElement=\"departleaderApprovalChangeConclusion\" id=\"BPMNShape_departleaderApprovalChangeConclusion\">\n        <omgdc:Bounds height=\"40.0\" width=\"40.0\" x=\"530.0\" y=\"410.0\"></omgdc:Bounds>\n      </bpmndi:BPMNShape>\n      <bpmndi:BPMNEdge bpmnElement=\"toIsAgreeChange\" id=\"BPMNEdge_toIsAgreeChange\">\n        <omgdi:waypoint x=\"350.0\" y=\"201.0\"></omgdi:waypoint>\n        <omgdi:waypoint x=\"210.0\" y=\"200.0\"></omgdi:waypoint>\n      </bpmndi:BPMNEdge>\n      <bpmndi:BPMNEdge bpmnElement=\"agreeChange\" id=\"BPMNEdge_agreeChange\">\n        <omgdi:waypoint x=\"190.0\" y=\"180.0\"></omgdi:waypoint>\n        <omgdi:waypoint x=\"190.0\" y=\"85.0\"></omgdi:waypoint>\n        <omgdi:waypoint x=\"459.0\" y=\"85.0\"></omgdi:waypoint>\n        <omgdi:waypoint x=\"489.0\" y=\"85.0\"></omgdi:waypoint>\n        <omgdi:waypoint x=\"490.0\" y=\"58.0\"></omgdi:waypoint>\n        <bpmndi:BPMNLabel>\n          <omgdc:Bounds height=\"14.0\" width=\"48.0\" x=\"190.0\" y=\"180.0\"></omgdc:Bounds>\n        </bpmndi:BPMNLabel>\n      </bpmndi:BPMNEdge>\n      <bpmndi:BPMNEdge bpmnElement=\"notAgreeChange\" id=\"BPMNEdge_notAgreeChange\">\n        <omgdi:waypoint x=\"190.0\" y=\"220.0\"></omgdi:waypoint>\n        <omgdi:waypoint x=\"190.0\" y=\"510.0\"></omgdi:waypoint>\n        <bpmndi:BPMNLabel>\n          <omgdc:Bounds height=\"14.0\" width=\"60.0\" x=\"190.0\" y=\"220.0\"></omgdc:Bounds>\n        </bpmndi:BPMNLabel>\n      </bpmndi:BPMNEdge>\n      <bpmndi:BPMNEdge bpmnElement=\"startChange2committeeApprovalChange\" id=\"BPMNEdge_startChange2committeeApprovalChange\">\n        <omgdi:waypoint x=\"145.0\" y=\"57.0\"></omgdi:waypoint>\n        <omgdi:waypoint x=\"490.0\" y=\"58.0\"></omgdi:waypoint>\n      </bpmndi:BPMNEdge>\n      <bpmndi:BPMNEdge bpmnElement=\"toCommitteeApprovalChangeConclusion\" id=\"BPMNEdge_toCommitteeApprovalChangeConclusion\">\n        <omgdi:waypoint x=\"550.0\" y=\"98.0\"></omgdi:waypoint>\n        <omgdi:waypoint x=\"550.0\" y=\"180.0\"></omgdi:waypoint>\n      </bpmndi:BPMNEdge>\n      <bpmndi:BPMNEdge bpmnElement=\"committeeApprovalChangeNotPass\" id=\"BPMNEdge_committeeApprovalChangeNotPass\">\n        <omgdi:waypoint x=\"530.0\" y=\"200.0\"></omgdi:waypoint>\n        <omgdi:waypoint x=\"450.0\" y=\"201.0\"></omgdi:waypoint>\n        <bpmndi:BPMNLabel>\n          <omgdc:Bounds height=\"42.0\" width=\"100.0\" x=\"450.0\" y=\"151.0\"></omgdc:Bounds>\n        </bpmndi:BPMNLabel>\n      </bpmndi:BPMNEdge>\n      <bpmndi:BPMNEdge bpmnElement=\"committeeApprovalChangePass\" id=\"BPMNEdge_committeeApprovalChangePass\">\n        <omgdi:waypoint x=\"550.0\" y=\"220.0\"></omgdi:waypoint>\n        <omgdi:waypoint x=\"551.0\" y=\"270.0\"></omgdi:waypoint>\n        <bpmndi:BPMNLabel>\n          <omgdc:Bounds height=\"42.0\" width=\"100.0\" x=\"550.0\" y=\"220.0\"></omgdc:Bounds>\n        </bpmndi:BPMNLabel>\n      </bpmndi:BPMNEdge>\n      <bpmndi:BPMNEdge bpmnElement=\"toDepartleaderApprovalChangeConclusion\" id=\"BPMNEdge_toDepartleaderApprovalChangeConclusion\">\n        <omgdi:waypoint x=\"551.0\" y=\"350.0\"></omgdi:waypoint>\n        <omgdi:waypoint x=\"550.0\" y=\"410.0\"></omgdi:waypoint>\n      </bpmndi:BPMNEdge>\n      <bpmndi:BPMNEdge bpmnElement=\"departleaderApprovalChangePass\" id=\"BPMNEdge_departleaderApprovalChangePass\">\n        <omgdi:waypoint x=\"550.0\" y=\"450.0\"></omgdi:waypoint>\n        <omgdi:waypoint x=\"550.0\" y=\"527.0\"></omgdi:waypoint>\n        <omgdi:waypoint x=\"208.0\" y=\"527.0\"></omgdi:waypoint>\n        <bpmndi:BPMNLabel>\n          <omgdc:Bounds height=\"42.0\" width=\"100.0\" x=\"550.0\" y=\"450.0\"></omgdc:Bounds>\n        </bpmndi:BPMNLabel>\n      </bpmndi:BPMNEdge>\n      <bpmndi:BPMNEdge bpmnElement=\"departleaderApprovalChangeNotPass\" id=\"BPMNEdge_departleaderApprovalChangeNotPass\">\n        <omgdi:waypoint x=\"530.0\" y=\"430.0\"></omgdi:waypoint>\n        <omgdi:waypoint x=\"399.0\" y=\"430.0\"></omgdi:waypoint>\n        <omgdi:waypoint x=\"400.0\" y=\"241.0\"></omgdi:waypoint>\n        <bpmndi:BPMNLabel>\n          <omgdc:Bounds height=\"42.0\" width=\"100.0\" x=\"530.0\" y=\"430.0\"></omgdc:Bounds>\n        </bpmndi:BPMNLabel>\n      </bpmndi:BPMNEdge>\n    </bpmndi:BPMNPlane>\n  </bpmndi:BPMNDiagram>\n</definitions>',0),('1775005',1,'D:\\apache-tomcat-7.0.54-windows-x64\\apache-tomcat-7.0.54\\wtpwebapps\\process\\WEB-INF\\classes\\deployments\\pm_process_bumenjlfb.bpmn20.xml','1775001','<?xml version=\"1.0\" encoding=\"UTF-8\"?>\n<definitions xmlns=\"http://www.omg.org/spec/BPMN/20100524/MODEL\" xmlns:xsi=\"http://www.w3.org/2001/XMLSchema-instance\" xmlns:xsd=\"http://www.w3.org/2001/XMLSchema\" xmlns:activiti=\"http://activiti.org/bpmn\" xmlns:bpmndi=\"http://www.omg.org/spec/BPMN/20100524/DI\" xmlns:omgdc=\"http://www.omg.org/spec/DD/20100524/DC\" xmlns:omgdi=\"http://www.omg.org/spec/DD/20100524/DI\" typeLanguage=\"http://www.w3.org/2001/XMLSchema\" expressionLanguage=\"http://www.w3.org/1999/XPath\" targetNamespace=\"http://www.activiti.org/processdef\">\n  <process id=\"pm_process_bumenjlfb\" name=\"部门经理发布流程\" isExecutable=\"true\">\n    <startEvent id=\"pm_bumenjlfb_start\" name=\"project_start\"></startEvent>\n    <userTask id=\"pm_xiangmugly_chushen\" name=\"项目管理员初审\" activiti:assignee=\"${officer}\">\n      <extensionElements>\n        <activiti:taskListener event=\"create\" delegateExpression=\"${bumenjlfbListener}\"></activiti:taskListener>\n      </extensionElements>\n    </userTask>\n    <sequenceFlow id=\"to_pm_xiangmugly_chushen\" sourceRef=\"pm_bumenjlfb_start\" targetRef=\"pm_xiangmugly_chushen\"></sequenceFlow>\n    <userTask id=\"pm_juecewyh_pingshen\" name=\"决策委员会评审\" activiti:assignee=\"${committee}\">\n      <extensionElements>\n        <activiti:taskListener event=\"create\" delegateExpression=\"${bumenjlfbListener}\"></activiti:taskListener>\n      </extensionElements>\n    </userTask>\n    <userTask id=\"pm_sanjibm_xg\" name=\"三级部门经理修改\" activiti:assignee=\"${threeLevelsLeader}\">\n      <extensionElements>\n        <activiti:taskListener event=\"create\" delegateExpression=\"${bumenjlfbListener}\"></activiti:taskListener>\n      </extensionElements>\n    </userTask>\n    <userTask id=\"pm_bumenjl_pingshen\" name=\"部门经理审批\" activiti:assignee=\"${departLeader}\">\n      <extensionElements>\n        <activiti:taskListener event=\"create\" delegateExpression=\"${bumenjlfbListener}\"></activiti:taskListener>\n      </extensionElements>\n    </userTask>\n    <endEvent id=\"pm_bumenjlfb_end\">\n      <extensionElements>\n        <activiti:executionListener event=\"start\" delegateExpression=\"${bumenjlfbEndListener}\"></activiti:executionListener>\n      </extensionElements>\n    </endEvent>\n    <exclusiveGateway id=\"pm_sanjibm_request_result\" name=\"项目管理员初审结果\"></exclusiveGateway>\n    <exclusiveGateway id=\"pm_juecewyh_pingshen_result\" name=\"决策委员会评审结果\"></exclusiveGateway>\n    <sequenceFlow id=\"to_pm_sanjibm_request_result\" sourceRef=\"pm_xiangmugly_chushen\" targetRef=\"pm_sanjibm_request_result\"></sequenceFlow>\n    <sequenceFlow id=\"to_pm_juecewyh_pingshen\" sourceRef=\"pm_sanjibm_request_result\" targetRef=\"pm_juecewyh_pingshen\">\n      <conditionExpression xsi:type=\"tFormalExpression\"><![CDATA[${pm_xiangmugly_chushen_result eq \'pass\'}]]></conditionExpression>\n    </sequenceFlow>\n    <sequenceFlow id=\"pm_sanjibm_request_result2pm_sanjibm_jujue\" sourceRef=\"pm_sanjibm_request_result\" targetRef=\"pm_sanjibm_xg\">\n      <conditionExpression xsi:type=\"tFormalExpression\"><![CDATA[${pm_xiangmugly_chushen_result eq \'reject\'}]]></conditionExpression>\n    </sequenceFlow>\n    <sequenceFlow id=\"pm_bmjl_pingshen_result1\" sourceRef=\"pm_bmjl_pingshen_result\" targetRef=\"pm_sanjibm_xg\">\n      <conditionExpression xsi:type=\"tFormalExpression\"><![CDATA[${pm_bumenjl_pingshen_result eq \'reject\'}]]></conditionExpression>\n    </sequenceFlow>\n    <exclusiveGateway id=\"pm_bmjl_pingshen_result\" name=\"部门经理评审结果\"></exclusiveGateway>\n    <sequenceFlow id=\"to_pm_bmjl_pingshen_result\" sourceRef=\"pm_bumenjl_pingshen\" targetRef=\"pm_bmjl_pingshen_result\"></sequenceFlow>\n    <sequenceFlow id=\"flow1\" sourceRef=\"pm_juecewyh_pingshen\" targetRef=\"pm_juecewyh_pingshen_result\"></sequenceFlow>\n    <sequenceFlow id=\"pm_juecewyh_pingshen_result2pm_bumenjl_pingshen\" sourceRef=\"pm_juecewyh_pingshen_result\" targetRef=\"pm_bumenjl_pingshen\">\n      <conditionExpression xsi:type=\"tFormalExpression\"><![CDATA[${pm_juecewyh_pingshen_result eq \'pass\'}]]></conditionExpression>\n    </sequenceFlow>\n    <sequenceFlow id=\"pm_juecewyh_pingshen_result_to_pm_sanjibm_jujue\" sourceRef=\"pm_juecewyh_pingshen_result\" targetRef=\"pm_sanjibm_xg\">\n      <conditionExpression xsi:type=\"tFormalExpression\"><![CDATA[${pm_juecewyh_pingshen_result eq \'reject\'}]]></conditionExpression>\n    </sequenceFlow>\n    <sequenceFlow id=\"pm_sanjibm_xg2pm_xiangmugly_chushen\" sourceRef=\"pm_sanjibm_xg\" targetRef=\"pm_xiangmugly_chushen\"></sequenceFlow>\n    <sequenceFlow id=\"to_pm_bumenjlfb_end\" sourceRef=\"pm_bmjl_pingshen_result\" targetRef=\"pm_bumenjlfb_end\">\n      <conditionExpression xsi:type=\"tFormalExpression\"><![CDATA[${pm_bumenjl_pingshen_result eq \'pass\'}]]></conditionExpression>\n    </sequenceFlow>\n  </process>\n  <bpmndi:BPMNDiagram id=\"BPMNDiagram_pm_process_bumenjlfb\">\n    <bpmndi:BPMNPlane bpmnElement=\"pm_process_bumenjlfb\" id=\"BPMNPlane_pm_process_bumenjlfb\">\n      <bpmndi:BPMNShape bpmnElement=\"pm_bumenjlfb_start\" id=\"BPMNShape_pm_bumenjlfb_start\">\n        <omgdc:Bounds height=\"35.0\" width=\"35.0\" x=\"320.0\" y=\"105.0\"></omgdc:Bounds>\n      </bpmndi:BPMNShape>\n      <bpmndi:BPMNShape bpmnElement=\"pm_xiangmugly_chushen\" id=\"BPMNShape_pm_xiangmugly_chushen\">\n        <omgdc:Bounds height=\"80.0\" width=\"100.0\" x=\"460.0\" y=\"82.0\"></omgdc:Bounds>\n      </bpmndi:BPMNShape>\n      <bpmndi:BPMNShape bpmnElement=\"pm_juecewyh_pingshen\" id=\"BPMNShape_pm_juecewyh_pingshen\">\n        <omgdc:Bounds height=\"80.0\" width=\"100.0\" x=\"820.0\" y=\"82.0\"></omgdc:Bounds>\n      </bpmndi:BPMNShape>\n      <bpmndi:BPMNShape bpmnElement=\"pm_sanjibm_xg\" id=\"BPMNShape_pm_sanjibm_xg\">\n        <omgdc:Bounds height=\"80.0\" width=\"100.0\" x=\"599.0\" y=\"206.0\"></omgdc:Bounds>\n      </bpmndi:BPMNShape>\n      <bpmndi:BPMNShape bpmnElement=\"pm_bumenjl_pingshen\" id=\"BPMNShape_pm_bumenjl_pingshen\">\n        <omgdc:Bounds height=\"80.0\" width=\"100.0\" x=\"820.0\" y=\"346.0\"></omgdc:Bounds>\n      </bpmndi:BPMNShape>\n      <bpmndi:BPMNShape bpmnElement=\"pm_bumenjlfb_end\" id=\"BPMNShape_pm_bumenjlfb_end\">\n        <omgdc:Bounds height=\"35.0\" width=\"35.0\" x=\"320.0\" y=\"368.0\"></omgdc:Bounds>\n      </bpmndi:BPMNShape>\n      <bpmndi:BPMNShape bpmnElement=\"pm_sanjibm_request_result\" id=\"BPMNShape_pm_sanjibm_request_result\">\n        <omgdc:Bounds height=\"40.0\" width=\"40.0\" x=\"628.0\" y=\"102.0\"></omgdc:Bounds>\n      </bpmndi:BPMNShape>\n      <bpmndi:BPMNShape bpmnElement=\"pm_juecewyh_pingshen_result\" id=\"BPMNShape_pm_juecewyh_pingshen_result\">\n        <omgdc:Bounds height=\"40.0\" width=\"40.0\" x=\"849.0\" y=\"225.0\"></omgdc:Bounds>\n      </bpmndi:BPMNShape>\n      <bpmndi:BPMNShape bpmnElement=\"pm_bmjl_pingshen_result\" id=\"BPMNShape_pm_bmjl_pingshen_result\">\n        <omgdc:Bounds height=\"40.0\" width=\"40.0\" x=\"628.0\" y=\"366.0\"></omgdc:Bounds>\n      </bpmndi:BPMNShape>\n      <bpmndi:BPMNEdge bpmnElement=\"to_pm_xiangmugly_chushen\" id=\"BPMNEdge_to_pm_xiangmugly_chushen\">\n        <omgdi:waypoint x=\"355.0\" y=\"122.0\"></omgdi:waypoint>\n        <omgdi:waypoint x=\"460.0\" y=\"122.0\"></omgdi:waypoint>\n      </bpmndi:BPMNEdge>\n      <bpmndi:BPMNEdge bpmnElement=\"to_pm_sanjibm_request_result\" id=\"BPMNEdge_to_pm_sanjibm_request_result\">\n        <omgdi:waypoint x=\"560.0\" y=\"122.0\"></omgdi:waypoint>\n        <omgdi:waypoint x=\"628.0\" y=\"122.0\"></omgdi:waypoint>\n      </bpmndi:BPMNEdge>\n      <bpmndi:BPMNEdge bpmnElement=\"to_pm_juecewyh_pingshen\" id=\"BPMNEdge_to_pm_juecewyh_pingshen\">\n        <omgdi:waypoint x=\"668.0\" y=\"122.0\"></omgdi:waypoint>\n        <omgdi:waypoint x=\"820.0\" y=\"122.0\"></omgdi:waypoint>\n      </bpmndi:BPMNEdge>\n      <bpmndi:BPMNEdge bpmnElement=\"pm_sanjibm_request_result2pm_sanjibm_jujue\" id=\"BPMNEdge_pm_sanjibm_request_result2pm_sanjibm_jujue\">\n        <omgdi:waypoint x=\"648.0\" y=\"142.0\"></omgdi:waypoint>\n        <omgdi:waypoint x=\"649.0\" y=\"206.0\"></omgdi:waypoint>\n      </bpmndi:BPMNEdge>\n      <bpmndi:BPMNEdge bpmnElement=\"pm_bmjl_pingshen_result1\" id=\"BPMNEdge_pm_bmjl_pingshen_result1\">\n        <omgdi:waypoint x=\"648.0\" y=\"366.0\"></omgdi:waypoint>\n        <omgdi:waypoint x=\"649.0\" y=\"286.0\"></omgdi:waypoint>\n      </bpmndi:BPMNEdge>\n      <bpmndi:BPMNEdge bpmnElement=\"to_pm_bmjl_pingshen_result\" id=\"BPMNEdge_to_pm_bmjl_pingshen_result\">\n        <omgdi:waypoint x=\"820.0\" y=\"386.0\"></omgdi:waypoint>\n        <omgdi:waypoint x=\"668.0\" y=\"386.0\"></omgdi:waypoint>\n      </bpmndi:BPMNEdge>\n      <bpmndi:BPMNEdge bpmnElement=\"flow1\" id=\"BPMNEdge_flow1\">\n        <omgdi:waypoint x=\"870.0\" y=\"162.0\"></omgdi:waypoint>\n        <omgdi:waypoint x=\"869.0\" y=\"225.0\"></omgdi:waypoint>\n      </bpmndi:BPMNEdge>\n      <bpmndi:BPMNEdge bpmnElement=\"pm_juecewyh_pingshen_result2pm_bumenjl_pingshen\" id=\"BPMNEdge_pm_juecewyh_pingshen_result2pm_bumenjl_pingshen\">\n        <omgdi:waypoint x=\"869.0\" y=\"265.0\"></omgdi:waypoint>\n        <omgdi:waypoint x=\"870.0\" y=\"346.0\"></omgdi:waypoint>\n      </bpmndi:BPMNEdge>\n      <bpmndi:BPMNEdge bpmnElement=\"pm_juecewyh_pingshen_result_to_pm_sanjibm_jujue\" id=\"BPMNEdge_pm_juecewyh_pingshen_result_to_pm_sanjibm_jujue\">\n        <omgdi:waypoint x=\"849.0\" y=\"245.0\"></omgdi:waypoint>\n        <omgdi:waypoint x=\"699.0\" y=\"246.0\"></omgdi:waypoint>\n      </bpmndi:BPMNEdge>\n      <bpmndi:BPMNEdge bpmnElement=\"pm_sanjibm_xg2pm_xiangmugly_chushen\" id=\"BPMNEdge_pm_sanjibm_xg2pm_xiangmugly_chushen\">\n        <omgdi:waypoint x=\"599.0\" y=\"246.0\"></omgdi:waypoint>\n        <omgdi:waypoint x=\"510.0\" y=\"245.0\"></omgdi:waypoint>\n        <omgdi:waypoint x=\"510.0\" y=\"162.0\"></omgdi:waypoint>\n      </bpmndi:BPMNEdge>\n      <bpmndi:BPMNEdge bpmnElement=\"to_pm_bumenjlfb_end\" id=\"BPMNEdge_to_pm_bumenjlfb_end\">\n        <omgdi:waypoint x=\"628.0\" y=\"386.0\"></omgdi:waypoint>\n        <omgdi:waypoint x=\"355.0\" y=\"385.0\"></omgdi:waypoint>\n      </bpmndi:BPMNEdge>\n    </bpmndi:BPMNPlane>\n  </bpmndi:BPMNDiagram>\n</definitions>',0),('1775006',1,'D:\\apache-tomcat-7.0.54-windows-x64\\apache-tomcat-7.0.54\\wtpwebapps\\process\\WEB-INF\\classes\\deployments\\pm_process_xiangmujlsq.pm_process_xiangmujlsq.png','1775001','PNG\r\n\Z\n\0\0\0\rIHDR\0\07\0\0+\0\0\0Ҳg\0\0bIDATx	^Ũqk̺뺮kt%љqDf1HaWOxe\Z4xou=MMO\0Tz쪾|z<U\0:y^^{mc=Y*ϟOpz.|j(-vO\0\0&u-Z^裏-Tk֬,XuNUi \0ݠ^v|/*i{	\0n7whzOY\'Z%v=\0\r\Z\"g\'ӫ:yvO`\0،7z/^旖u;\':y{vOh\0ݺ+=mJ6vPh`O ;7^]՛/cŎvO	m\0{)󓢝<힢)>\0DbGt~SncŎvO	m\0Qh{=m\0&-m)=ᆢ@$vt*m)=@$vtx[u;:=E\'S}\0ĎN9vr;:=E\'S}\0N\'e7xvncŎvO	m\0zN?-E(6~ԍ힢)>\0Z{E;xtݗ;:=E\'S}\0U;vni{=\0ueN;:=E\'S}\0;v\\bGGh{\0bGGS{=MMM_={\'O	}<dگ#F|~we]W\\qfcG=}>^cʔ)O8wC\Z{{9oާ~9/{?7m4O=fDEEE?$;:vtAۧ\"\Z\Z\Z2~g9眿͝;/㏽ŋ{VWWsVeGǎ{=h}\0=j	>O~yׯ6O<YxȑVVVfGǎ{=h}\0%\\r\\SO=mJٳg\\[[ΗсvOm`QF}i6nCog_8;:vtAۧ4M#638w߇pV0Îh{i\06)<@<3^O[Wϙѱv>m&s%<x|ѱv>mFtϛhZbŧ555J$;:il@wm)_~n~	vt@݃OmMMM_:tJM<z;{Îh{i\0+	-?h{i\0eOΛ7o3g.fjZ[=w%uuGw}y{x~x_xSN-zs=阭bkdP777wygϙ3]{r;2hUUUnN|6k׮^~_Ki隖ײe/^Tʫk~߳t҂ϯe]:}ovtup&LXۖc=S]]=<:{xMn{oyw>ho͚5ĉ˂駟-}\\\'H]HSNuN;\\_]\'MKaK˪g}\n֭{ɽpPsRuPiT#Q##]w5oz>;7x6{@aȵS[Xr޵k&Nty9xsmoPh9餓n\\kŞCV:\n.NYx]fm/YJ!\0uuuďvvfժUo[iClG0Cy]wFk/oNѼmֿ]p~0NFz\\K,5k)tmpa3i$L{OK,itBۣ^mmߙs)#̅!WxС\"UjۮPP}QGy\'OpP[V8M7o-+z>S_hQo5JK̂}u\r@}^out}ugFN~\nn4M*r~)S:a?|GrUGI#. tqGC!}\\=(oVm\r\r\r:O>dV1{;{^\\PmiiGӻ]	kj;{RSv\\iх*ݿBfGmT:VVʿ]}ϵ}8\ZD!\0(ô tF[vJ	7hcժU\'x_:eȑmu{챹)*\Zpz܈ZaMqD^OE\nQq3N5j;	BWlkd\'?o={?L8!,vnS׭w6]n_یڙڌkJFuni=忞qaPMjU4jP^W_?6+(鶝v\'oOXH!\0\rUzuS\'uܱ\0j:2o7z6SgJQ9蠃\nC](n6X\":RguVO>cbӨzNǩQSXޔRNtMv1..Tc3LPWr45R\n0_hԍhӽyF9u?M}_)v;hY}lzقZ[~mVoZn_}^ұOY=njBij+[_Zgu\\;n&뭮׾jUj4{:y&u?~ߖ[}\"FZku]w][nu=\Za:8[VUUUGYW:ꐚmXվvWBj0pT䘛ݕpsw57,<EMeM\n?N8ujԡ=C)xtS0ڝu6ÝIu6Mߢou?\Z)4L[pnSx@vtѽȍA*4+Tk)\0:F@ba0nb!VdJ޳7D7׭kGuo+vFm\r6ld_mE[Ca=jufu*\0A?V4a\'`aU%,[>ϪNA%,s\\luե\n6\n8vV?(\0A(iͲRA)L\nNsnyg`2APS`{*jBYj]7|F!\0^/[Ζ#vtJ4n;<i\nFXTu5\r}ܕpP?r)d%qn\'\"pQ=*Wچz~τVyRʱ6zg;vz]:MO#nSmvF4jX ~~yuW)ciA,8LP@\ns1r\nFq8\'9\Z(}=nܸ}QN/Nhƞ=qcƌ)|g#s--J\"Ds߹nI\"8ecϜo#7\ZYԱQwSttದ[\"ᑛʹi\nv>k{jnȅ$}SDAvtjzٝ6m9Lߦߠnhg~G¹;#[8mjS\r#7\Z^4/;ovYM>ڪw]1}N\nfMoH)k_ǵ埊}S]C_J)Ow~b ̦п>̞={Uoiֱ^\Zf\n7[8}XS`fYw\\qڄ@ַ:vzjvNNκ_7蝕;H<@۩jg~4<pn/6--XçΝBm_Sɴ@g\'7W,8v(xpG;V8ڍ=Ngˮۥopnn/*(Ƃeђ\"f~K=ƽV~QԿ܈M}u4QP}\nX	?13@>ܶ)vfM>Ћ]|_:3ՉD/ҕM.M/6F/p3Wm궟iw\rÁ*3k Ǹ?}L!(L3}z.ҍ:\rzHls_Yw~b F?F\\1t^jܸqxGX5k֓~-\'n=St84ξ=*LX0u<;ӥT꥞]t7⪩f{hK}źc(h@D]r%c~%N	~Ojjj4dȐ/|:yL#46Ms(th~]cEN\"V,ӣw4GSh}F@/MAֲ)Д5Lc]p6\"θinT\'6Ǻx\ZqBJ)b]MWO\'ԠT]]*ci\\uuunq\n4.ĸ[bE~_cKIwTiߒo5EF\rGߌpu^.s\\-vkj)~XKw)<Fb6/<@mQ(tƵMch\0+4\nEjzN3u\"3ܝ-XLgԈ#;s?}znܑN@\r:́:S:l\r7}-t\'v7]mc9TKhT9\nqV/$.r=ͻ\nٝ@Mh7rΒ;+;Eiq.ZVp.GI¯NᎇhӠ⇒Ϊ+\'0Sr\'^p? G\"jȑ9s\'=1=mʕ5|yo&ܨ`>ӝlKIwTi B6ARQ.Xz/	?&~uh6:y);HڔB>m1*߁>Sm\n:Q@b3)T=ݕkzOcݨV,\'h@/Sy̙6Wv~1^F\ZjjB~Rnh]=nvΑ%.6UL[fh2\Z:ZWèΝ>FaMt~fΜwLC:`\0qlz5\r(ViimjC\ZU)tLF\\Q`Q	_ 9jF]Ԗ4bMt]z;ш\'z7znĀnGAH{B?!@\"ǮÆ\r{hsln4Z;bᦧ$n.i2c>X0ݲ~oivks\\F~ܲFoF=&|F?I/ߗOS;m\0:+nUMEcĦ|Í:^{nMxwlɎvߕpӕvn6ukIjd\'\n$?YTbht%л{ES}OX_gQ{?=h:y\0ؔ玮Д\ZuܷŚi8+ᦔv~\\D\'\"s(Li~]QyTL7\rpM_}X)ힶO>\'_}ՒFrVZzOhvWrV\Z5N^o{OvtRNvYhF	Y;艦\07tX?Aٱ,YߥW)>)؎#F2u%L?񏯇Ì~Ǟ9sQF-M$pt-?vtn[8{:pQ,T:֦PP@nD0Xm,&+q6?u~#${>EɉǏCV˭>7AeV۱_ѕWḑh\0;:=}>\0;:iŎvOim\0QhힶOŎvOi\0\0vt@݃O\0cGGh}\0(vt{vOۧh\0bGGh}\0сvOm\0`Gǎ{=m6G\0vt;:=ES}\0`GGS{>E\0vt@݃O\0cG=}>\0)=m\0;:힢)>\0cG=}>\0;:i/JR`zO}`;Oh{=7\0@7,\\իWbŊێ%Z%v=\0\rtG}~hN׭NUi \0dAAyo(_GcE\'i\0|l)TTTck\0@D\"A\0x<~Onlg7-\0>?ܚ-\0(psMPOE\0O,|-\0(ۡnƕAl\0(Zٞ-\0(ۼpq7{\0-Hy;%\0\0lڍڸ)l!\0(_x|mmm\0r	7\n6A-a@Y>|\0rة\0UDbw\0vj:\n69\r\0~?\0ryl\03ڋ-\0 \0\0r\0p\0g27%\0\0\0@%-+[\0@\0D=ܼ`\0\0p\0gpbK\0\07\0?m_l	\0\0\0\'l	\0\0\0%x\0p\0g%\0\0\0@%nbK\0\07\0,͖\0\0n\0\0Qͱl	\0\0\0,dK\0\07\0ϋ\0\0\r\0 Z9-\0 \0\0%\0\0\0@?H$Ul	\0\0\0,$\0\0\r\0 7[ʖ\0\0n\0\0Q̿Ѫ-\0(pԴU~+ϑjj+unlE\0guVg%\0\0en\ZS4~3lZhhNs4$]\\3ce}25qvf\Z[u^Gc׍iN9=\"Tec\0}3j+>\0n2\ZZ2]ذppDfe5$S7/ڻa=\Z\'L^ߒ}\r#/ZoNOe23.><W긆df[׽mQ!\nMњdw5F9ٜ\Z0Ho8,N$ul	\0@Yh1`ᢡ>rvS\ZZWgGe#|6l0\r\'+\Zg~՞s]߂ə.(]0\Z!\Z3u?{(pP՘l!:3\rpOZ-\0(p`~h|\'z܌`/dGVғ\Z3gp(h%n(O.$eCFj2Fm,4燎eh!dX=G$_d3u\Z@73,4%\0\0en\Zfd芎UaIPPШFJb\\Lti4rmQ	?FKQ{n-jtH!$S3sƂUkNiHPhHSˆ/5\r5i\"m\0|Wj,[\0P&ңL9I0\'|L6L4⦅moj.ݔB\r[Ѵ3NuHIq\n*~𲠔\r`N0u؜ԷL?uu\0Ї?/b$\0PƟ~LOQߜ9#{?j=_ΞlZ64g.UQ0	{uw5de&5rރ?.xm?s6<ǌnNM\r\0g%\0\0enSβ#!h촯8\\IXkBOkc;tv=35hnndH/r4NK\r\0}Y\"\0\0mQ0Ɏtdԩ5\ZLn֯jtčdϬt8wGr\'lg:9}km:\0lp\0\r7l\03R7?dK\0\07\0I\0\0\r\0 cu:h\0p\0g~t\0p\0D\"qa<G\0\0@Ml	\0\0\0ps\0\0\r\0 ܿ-\0 \0\0_ku#[\0@\0D3\0p\0g~խl	\0\0\0iD>`K\0\07\0/\0\0\r\0 7%\0\0\0@Yd\0\0\r\0 -\0 \0\0n_%\0\0mx^c}JGn[[[c5	\0K$G~-\0hCfѢEի>Bf\Zo[9V	\0oXy-\0hC#6^p>?KJ\04|\"\0\rME#Xp	\0:Ǐp-\0hC|*zU\0y9l	\0@_{{Z/K˺@B-np[\0PrYvWgM:F(!\0@OJ$Yy-\0(9ܼ킍7_G(!\0@Op-\0(9ܼIp%\0p.	\0(=,T46B	\0zReeniv;[ʐ!C̖\0\rp\0r\"u#[\n\07vuvbFJ7\09%s:5O4zÖ\0Meg\r7PBͩ_0rS,\\V\0t)ܼ9o#OItp\0[7\0\0nT˟.:	\0zB0zRp3\0zCool?%ͮm\r\0x<>(?$e\0\0]\n7֮~17M!n\0\'XY\n6\"\0͇zo-K{?ƕ2C7\n\0ph\r8\0ؒgl	\0@+5R7\0qՄ\0@ᦻ!pXK)ojjjS~SSߖ=KZ%\0pCn\0Vߒ7&Sud\ZIlHg559Nc2s.4~]\\@.듩Q3{^%]Wf0cge[҃=}ý:]؆|J]?3}xױio8jՌr-\0@!\0\")\r-	k>\r1\n>~(hoz\n+@1A0ò%ӯ9==~e7\n\\\0+$Ե\nOwts@\n-~ǻ?ٺW6A953S,=l\\\Z\0pCP1F7F7t\'f~Q \r\r5ku}}2=%<E~hUhwM.XTqHϙnlgFh:[44fV~~h$S7O#Bn[ppz\0\0\"\0(䃟ה,hG\Zw?u4d**\np\ZjB~]=_}K2;R?7jӒTm.)n9X[̿FZR#ueSp?<-wv`\0B@GbD,dܮ\r4i_\ZT\\H\ZhҒ	~hHȉ\n\"\ZGPilFN܈;F]O̎[ݱ={{\n\\\ney;$	%΂#8\0@!n\0tğe?%-XpJvu?9=](h]9si.<$S\\p\nBǱ;FM-SKaJaƅcffm`J]fM271FdJ?\0pCn\';%+{2Y4e+|zd懍)]`Tif.q씴Dw̋W\ZAzp}\ZS7\r2NH<{w=luq8\0@7\0(?5+ƱE(Hht&wꚅw2 <,vήw<*!,ߍ*\'@P*V\nj\nBt<e\ZSvQ-w`\0 PMzF</?$S׺QС3i4MN\rK]nshƭgg_	}*\\]l= z_7ef4MKS4MNDtԙ\nq\nLW:;y@O?\0pCn\0ہdSM)c\07\0z\\\0$\0@7\0fP(\\o]\r8G\0\rE6rFPN8ظ\Zcp\0pCn\0`)8\nN_W\0p\0-,!\n8]\r6)j\0@[rwQGywwꩧz555=P,Y߫3xoF~i9֯_z<oZ|ykz/r{9wuN;smw[wnrD\\WFg`~51Fp\0ȕ<H?иBx{衇:,s]wiǏ/^Y&\nڄ[nOs\Z>u@\\P*nCC	\'4w=[l^{y\r\r\rҥK(/\nb\nOz>=[WwÍB<OPX٪\0Fx;찃7t\\0P\'_@`ѢEu~p?6۴7n=wssny/:\0~?馛__Vr_Gy]AM͞=l^*ߋ^N)\\R[ޗFuܶoP㊖+l6\0\0n\\\'?niW^B\\^q7rBرcL_uvwxG}FeKl.ܬ[_hN,4r{{\r7䦔|ɹ4}tzb;[|ɢAP-#4,?n\0DƎ\n8l\0@_7\ntPᦳuuFbhB\n3nڙ)hM\rSH\nUV~T3&]w榏iemw{oo퉅F)q\nbnr3gi{u%\Zɯ*++?餓^5lذl}4dȐ*jjjvgD\"f[ݖ{s-ieedϱ-ŖQW-|-kbl_9T~=A*{eˇT1EA;wOUUU[Q\r[olh[-cSsom[wO|OSm;|OJ[e[?ն\Z[bCU>և\\kgl,s\\*[?.G}η:_`lB[m*[oF[cl}_lߵq|lR~Plv9Ѫ3Ie˗YMlvy=\'<Ue?i<ݖgl}7r.[e\n+m*-_mu-_ku=\rvyM3-ϱٖo[nSvs;lN-ϵ]eu$(>[?7?`Z=dlWVͷ֠Rˌգ@eYjoZbo	\'z^w*[~Y[~.j=vKʖ_2?kV˭h՛V+V*Vwdeʖ߳z^v.XVקA}f336rh#6os}\0p{pSWW+Mܨ*tBK(ĸq=\nAMKsG#DZd2mBt<UW]Qt1 wqGcj6WKM?&vڔ)Sr˝+AбX:A你sNPkA筠V7Aô<@tt~+A%u1:gKY:ngNAGɠ:\r:KMquБT-:égL3\ZtL	WA!udա\r:T\'7t\r:wrYtPZsAQW=_N|С&\n\0\nApfBJaCCDAD$%\n(S29˂0Ӥ	\n?AJH!IIIJ0PRRS S0S)))))aN YAU0T@T),*4*@*H*.48<U\n\n\n\n\n*VXYZ­BJaXXYAYЬ @`RVVV\0W)++++U\n\n@_@_%PA/BB/\'%*}/3ņ*}/?E#*}I/Lŉ@Q}/XEUFMEEE?[ZԴUhDmM)?\r\0n>;ﾻAwAF&MʅY\\QwA!C#A\Z	7n\\f:F.LhG\'<L4\nIЉ\'Mi}WNn@_SLjBٴSX(usMw\0@_7.h]J~sw\n#Ŏ])tR\0vI\'#)\n(n\ZFntgP9ro7w\\ԩSیhD&NcEщnLqmr0JAPNb{.tRgKnJ|mmmnD#:;Y)\'()5r:pNAF4\n\'܄M4z9ɓ\'˝,W]#V\ZrW3=1?,\"\0(YwlC;7\0wM,XP>|ZYǎ\Z5p҇~4N<`v?FV܉eK,8sBc4EЏowv\ZIk;̅?Zȏ~vG<%\\\0e@gM;\0@|\Zڔߘ,\0@)6`SjqG\0\rEMN#8SΈ;6\0 |i~hX̟\n~&wM+t}li\0>@8psdI9w>S0B&oUUUt܍q~3p\0[D5O}\0\0Y7:[Ǐϝ|=Ϩ뵬wi\'d\0z~[MhÝ	7\0*4\r\0@ټaeNΰVfBMzX#ᳱбza\02\0@ٲ7sɅ\rBY\Zq)tJѣGe]W_}տnٲeICØ1c6:n\0ةdLE\0͖72~5js\'ڵk;ϿF|\\ѥOϣwuW4_Hip\05ԑN\0\0n^B#):;K./ݏjyڴiGb_q~\n@:׏ \r\0\nN-c*\Z\0nzO9ۍh!w?ָFn\\7:F\'(p+i*_ii\0PPu1~\07wn:csu\n+k֬i;7:YA~p\0 5\0 p	#])vb?\0zb#8LE\0pߡp\0*l\0\0?\"\0@\r\0pCX]]KXK)njjjSLn\0\rE^ͧ[k%oL,4&ӓtِLjjsvd]in\\3[0p7͙]\'S\Zggmv]cKvϾ~8ͩ\r1~J]?3}x^\r\0\r\0w=<\ZZ24\'( h>\r1\n>~xhoAqX\09,Z2Ӄ`=_v}Cp2!L])(F`gei]uMiN;-Mm=\0pC76lZ3{^ndtsk\n+A0FX.E`df6ԤH\n!AqFW~\n7\0Ғ:Sa\"=gҒ3u??YRȲ׿1~\rZt#<ߠ@u\0 n\0<{_05uK#/\ZQ\0qh_aLs~J\n+\n(\n*~~\r7a؜Qߒ~}=_}K2;R?7jӒ:TfdQRGZR#ueQpN-\0 n\0\ZUqF6dHtF2ՠ@㇗t?pXE2=%tFX\\\0Q?Lc=_0Fܱ4mB=6;ғYrIAJakR3fCM:\'?\0\0\rE^欳Ye[-xSǂcl,D|C+\n@TtC\0u̥LMӥK]㇦)ua(A(uyx]79?:O\0p\0e!C|9;u+{24+|\Zeݦ؜9#;+8@^ QO>ꄧ	-AHɞ-39;%-31dCWvdIAHa9us q3=\07\0(p+\Zp%L6c\nn4E4:?\\dvS,츓!c;-tvѓLmOl`aJt}h^o3[\nWݮ3\0pC7*++UPH̎8Ե\n	ZO\ZMѨu_wC#0n={KbHPzn,h*^OS4MwuP 3,m\07\0(pR\"؟-\0 n\0 x<~ [\0@!\0@Y]MMl	\0\0p\0V]]աl	\0\0p\0Q7Kl	\0\0p\0Q7\0\0\r\0n2Vl	\0\0p\0H$WUUÖ\0\0n7\0iYȖ\0\0R)BE,|B.yx|[\0p·V^MbŊ[yV	\0]\n7w[ʖ\0\0}~0܈MkkV*sDx<^ɖ\0\0aABStGo(_\"\0@mpl	\0@)TTTck\0@c5-\0(uj۹}pYs\0lp&[\0PN`\0@`X˖\0\0ˎP7jӂ@\\a%\0\0c6nco\0YI&\0r6Fm\\\0~`U#[\0P;\n\0%xb\0 \r\0@x\0 ;yΜ\0}b_p\0wr[\0x<D\"1-\0 \0\0=)l	\0\0\0iDx\'l	\0\0\0ilX_\0p\04~ȓ-\0 \0\0\"͂[\0@\0Ds\\k\0\0\r\0 D\0p\009l	\0\0\0i	c%\0\0\0@J7w%\0\0\0@?O-\0 \0\0\"-HgK\0\07\0H`s}?Ȗ\0\0n\0\0H$G\0\0\r\0 Ҫi\'͖\0\0n\0\0Q`-\0 \0\0\"-HiaK\0\07\0Hgl	\0\0\0;\0p\046gZΖ2dȐ/e\0\0\0@oX-zKEF\0p\09\Z\'\ZaK\07\0^_0rS,\\V\0n\0\0\r6\0\0\r\0 :ћ\nl\0\0\0)x|P~I$_g\0\07\0(~/\nl\0\0\0M[\0@\0Dsq\"-\0 \0\0\"x-\0 \0@y^^{mc=Y*ϟOpz.|j(-\0@nRYhzj>PY[`tNU\07\0\r\Z!_U\07\0\rF=eZ%\0p\0ݠc>*ܰ\0n\0`s7z/^旖up\0 \0@dͺ+=mJ6B	\0@H7^]q%\0\0\0n^hm\r\0p\07K7\r7PB\0n\0pCn\0\0\0p7PB\0n\0 fYEÍn#n\0\0\0DywsG&f6B	\0@H\'7@B\0n\0 :e4NJ7\0\0\r\0pn\n[st	\0@n>{kY{\r6tݗQ\r\0p\0*t6Z(\0@Ht4CH!\0\07\0+Mw+B\n\0@^n(\r\0p\0p\0 \0\0\"\0\07\0@!\0\07\0@!Tn\0\0\0 P\0\0\07\0@\0\r\0@\0n7\0\0\r\0n(\r\0p\0p\0 \0\0p\0 \0\07\0\0\07\0@\0\rE\0n\0pC\0n\0\0\r\0p\0p\0 \0\0\"\0\07\0@!\0\0@-nik&U?n[~}~iM_,YZ|ykz/rGsssرcs-7\0\0\r\0D ,^KRԩSC=qe˖׷m;üW_};O<ѻ>]?~|֬Y]_UUʕ+[n;#9ss=9͝;7{~ꮻgv-vm	7\0\0\r\0D,ܼhźuR_E\n\n\"ЈF[@Nva?䏪n^3<_tM믿/+\n$nw\\XEE⴬=s==䓄\0\0\0n\\kم7j:PM\n>4tGkTF˺x㍂ƽB#7{G{Ө5}-|b#7첋?Ftu\r\0p\0	7\Zeuuu~o@sUW~߸d<HF,\Z9q!IagwOFIt7LS4^߅$H\nJ.9ci~\n]x̴4\0\0\0n	\0Bܺ:nm0SJ	|@\\z=7NyB\\q5Zd2)nnYg/kOoѢE^MMM.L-o&\0\07\0pS@d-]Y\\\0(%ܸ`4LƍchxÊFyzq=`F!P\nh(£@VX\"\r\0p\0<ܸ\\\n~,8fJQq:1@8\Z%ȑn;餓gaӱ0\Z7:\'f]w\Z\Z\Z:=F\'KYbx\0\0\0\"nt@:ȅL,8BuvBt\Z^M8Íu6G+rXhٙˍĂ\Z7͝\0@ØB#+_,t*pD+C9$4\ZqE`c:VGp	}_ݴqPq\nnN\"Bc_Xx\"\0\07\0KM/)p\0 \0\0,p\0 \0\0p\0 \0\0PA\0n\0pCn\0\0\0 P\0\0\07\0\0\0@!\0\07\0@7\0\0\r\0n(\r\0p\0\r\0p\0 n\0\0\0 P\0\0\07\0@\0\r\0@\0n7\0\0\r\0n(\r\0p\0p\0 \0\0p\0\0\07\0\0\07\0@\0\rE\0n\0pCn\0\0\0 n\0\0\0\0p\0 \0\0\"\0\07\0ЋR)BE,|B\0n\0.\\ի	VXs7/*\0\0t:}>oWƖQimm}tZ%\0p\0dABStG+HxQ}v`\0 \0@WQQ>9V\0@\0D[mmv[\0@\0DZeeٿ-\0 \0\0\"f[\0@\0DZeenٿ-\0 \0\0\"mС{gJ\0p\0^VdK\0\07\0H>_cK\0\07\0Hg+l	\0\0\0i$\0\0\r\0 ,dϲ%\0\0\0@C)\0p\0߲%\0\0\0@UUUl	\0\0\0iD([\0@\0Ds[Vl	\0\0\0i555\0\0\r\0 \'Z-\0 \0\0\"-Hb%\0\0\0@?O˖\0\0n\0\0ǫl	\0\0\0ilgl	\0\0\0Z\0\0\r\0 9xZ\0p\046gl	\0\0\0iDB8I\0p\0~t\0p\0x<~q\"ʖ\0\0n\0\0ff}-\0 \0\0\"-$\0p\0eV\0\0\r\0 ?4\0p\04L@\'`K\0\07\0O\0\0\r\0 -x|[\0@\0DsJl	\0\0\0ixD\"q[\0@\0DsFZ\0p\0͉Db([\0@\0DsVq\0p\0x<D\"q\Z[\0@\0Ds^8\'%\0\0\0@?iu\"[\0@\0DZ<x\0p\0~*H͖\0\0n\0\0ffAUUQl	\0\0\0VÖ\0\0n\0\0QmMM%\0\0\0@?ㇰ%\0\0\0@dTVV~>b;,<7dȐ`\0\07\0(}_\"jբZ\0\0\r\0\Z2dȗsG\0\0\0@>[:7o1j\0 \0\0\"Fm\0\0\0@X@yQ\0\0\0ps}nj2\0\0\r\0 Py[\0@\0D1\n7E\0\0\0@?Y}QO\0\07\0(~zi)l\0\0n\0\0Q6.\0 \0\n_|y\\_?ӯi1é;jՌr\0@\'44inf6شМӥ%]\\3ce}25qvf\Z[u^Gc׍iN9=\"TecG4\ZYC\0n\0=D6,YA\rԍfnp=3Ӈ׷gcȋӃ̌ˮ*?:!umjsBTfBSx%sE-u-zN}66j=hz\0\07\0ʇFi4јLOUPXpPLO9E_)\r-髳2\nG\n>N6sφ3Zj9ݮoL@.EzRz^պfu^p\\QjLR	{}Ncp\0\0\0G,0$ђiD#-	^#7cf/K ّ.~ntG%\n*\ZiɆt7 7ʓI|PQM)`Y(Zo-!Vh/ϙ:N	FH,0\0 \0(O\r32ktEǪǰ$[((hF#%\n1\n.\n&:vE4\Z9qǶ(ܴyd*Ᏺs,p4m	WC\n!A7<_szLC23*hF#@&*K*eCMj)cbȔz\0\07\0AAA13?S}dDN#(nZ؆Mi+)M;są/$8?xYP\r\'PҺlNn[Fo:26u\0\0@Y%ӓfgvT7gȞ0 7:~#1Zg03*(5de&5rރ?.xm?s6<ǌnNM\rߏ`\0\0@r	Gk,d}e)H2Ά_zg~Ni+ݮQMGsgwkNw#C\nd~%wZ2zy\0\0 \0زL#ueƸ\00\Zq+3g3)hh&4\Z{~Z.L7omZWfSM)c\0@\0e)I\0\0\0@Ar\\v5{\0@\0x3p\0 \0\06bPP(u18\0\0\r\0`%B&?0E\r\0@\0lN&kb\0\07\0Ml\Z,l\0n\0\0=l:\n8lD\0\r7A-Ϭ>\r>\nCz.HYe[תlOV՚V[m*VM7A^zA-}Py._\nE[AeKʖzFe뿳˧zI\'zA=f7A-uPV2TϷG*[~A?`{_ly=vyGP?U|խ*[.oMAh7A]g}ʖZeWVWl}]\n֓v٬i3T>זl>Ue?Uc.\'uO˦&c	VWv=x_bT][ؖǪl\"[F[ozU>/Pzo#U~]\\[?.,*[Pp[fCU>kTu[Ze*[?OlT[?Ee\'`dlDUMMͷm6֏T~lUU1*lh+l*[?lߖGeGs[e5bm?~\0[7o}mm*[Ǟ+*[ɖRT?:tɞaÆw]UÇ?{]T_U|<xNI\'*[N?7bĈmTl}k~486vP٘`p8\0hwڡvjҎ픵֎Z;mvڙc^;{v!puaPAT:*u@Qc:)갨NJ\Z׹QGGu~TSRI%uT@3RuRK0:ds:l꼩ԑSN:*u]\'QFuՉTCΥJMTTQuJU꠺Ϊ:3RV\\:RXc:ʮӬ:TvmuYANzQ?uރHuUNBJAaA\00RPP)p @p\nA5)2@4%I?\nT\nZ\n]*012ZZ\\AȻ2|WuMz 8d,a x\ZmA0yPw(vnh\nn paAp~0`QxA@ /jQK%ˁǃ/)B3_@<zI_b_drcYǫAR/J)o_/Y\nxy;ա/g	ї7\ny//zˠCK/>ЗK_8yߪ+cF\\_`7\n\0\0\03+_^)>1r\0\0\0[Ab]lsӝ17\0\0\0\06*2RRtυΖVJli\0\0\0\06Y,Xt;6]|\0\0\0\0Hg#\']R\Zw\n\0\0\0\0l*Fp\ZlJ\r86\0\0\0\069O;#V\n8^cl\0\0\0\0l>@8\0\0\0)j\n&c9q:\0\0\0\0gc\0\0\0\0\n8@\'\0\0\0-nc1\r\0\0\0@8p\0\0\0\0\0NS˘\0\0\0 Pu1~\0\0\0@/60.;}\r\0\0\0@a*\Z\0\0\0\r\0\0\0\0\0\0\0Q7ڋqg\0\0\0\0Q\0\0\0\0 \0\0\0\0\0\0\0\0\07\0\0\0\0@\0\0\0@\0\0\0\0\r\0\0\0\0n\0\0\0\0p\0\0\0p\0\0\0\0\0\0\0\0 \0\0\0\0\0\0\0\0\0\0\0\0\07\0\0\0\0@\0\0\0	7MM~l\0\0\0PƆU]\\3ce}25qvflh=F5\n=_փ{wZ}pMeؘ9Vb/u2(c2\Z7njQDk	UV/dL\'aB|{D*Ő R$ēph<x8}/ۻj}o~`.\0\0ebG5P`2L\ZQU~|q1rs*\\ՏW4bt#f8rBfzSA\0\0x,,-r#?*׶7SR6b%7|KRm=4Ø>tC#?fx*ߧqnQ\0\0Kv\'qS;0򳞁]گFptU35OTjG~߁4~24imG2 W#*ݍʹT\r\0\0JoK 81ҘivMKڝͰDLg\'fz&2,zj_}@cOO\0\0Ƕ3hDGm.>ܣ1ے/Be\"jB?痯{9d{F\0\0׷]892}YtUꅈ%i{cb&_RmB<Ӟ_L=GF$E\0\0\0`V;>ٓiڏ\"v\Z4Pȏc(ekyk;-fb[XGGO컩\'e\0\0\0<-WyK<\'Llk3-[#ef43-SҺ{{u8 )m3,W\0\0x8\nS\0\0\0\r\0\0\0\07\0\0\0\0\07\0\0\0\0\0@\0\0\0\0\0@\0\0\0\0\0\0q\0\0 n\0\0\0q\0\0 n\0\0\0\r\0\0\0\0\r\0\0\0\07\0\0\0\0\0@\0\0\0\0\0@\0\0\0\0\0\0q\0\0\0\0\0q\0\0 n\0\0\0\r\0\0 n\0\0\0Ԑ91\'\0\0<qBz}X\n\0\0C泶g<%\0\0`9b\0\0S̴Y\0\0`͗k\0\0,Ki|b\0\0x\Z^_x\"\0\01k\0\0,bqePH[fþnQ=~\0\0<1֯_񇽼s+,Jfv\0\0%3y\"Ab6S\0\0U\Z\"G=wvv&ɓ\'/&7nHǓpΝ͛˗}7n)rNg\'\0\0,iT*%ǎkK+n߾\r\r%Ip>O?y\0\0B͙|ڵ1C3K3?Ez\0\0y&E̗dǎ/\nk=y\0\0`L\ns%!~NW\0\0`&OEYHq@__ߴ;t\0\00\'B_=6AƒM68`$\0\0YtOEpB\0\0`VҠ8Fߟ}F\0\0hYs˲tpʕi)J_72\0\0@KҘؐE`T/Lk\0\0Z넴9q℃\0\09K;/]dq|jd\0\0VzyJZk׮M{獑\0\0Z_z/F\0\0u,5q\0\0Kܘ\0\0ss\0\0<q4\0\0ੈʓ۹\0\0ZR,EE͎;q\0\0Zٹ*dlllی\0\0\0-\\9|p>n\Z\0\0`VKӶlٲGB6fѱƈ\0\0\0L\Zchhhf޽SaS(>1\Z\0\0gob&ի6hwӸyH\0\0\0sƩ,6z{{۷o/X؜={vrl\0\0y42G___rΝ	R\0\0`\n,<bO̭[u)Zӌ4Vx\0\0+w,ΝhwG\0\0_I|\'.]jٚR4a\0\0,b:MQlݺ59~xr̙Ʃjپ1<\'OLv4S\0\0\0,]I#yg6Wq\0\0\\{;G;::x\0\0T*=;g_0òbc%\r\r+=5\0\0\0\0\0\0\0\0\0\0\0\0\0\0\0\0\0\0\0\0\0\0\0\0\0XSF\0\0\0\0IENDB`',1),('1775007',1,'D:\\apache-tomcat-7.0.54-windows-x64\\apache-tomcat-7.0.54\\wtpwebapps\\process\\WEB-INF\\classes\\deployments\\pm_process_jianguan.pm_process_jianguan.png','1775001','PNG\r\n\Z\n\0\0\0\rIHDR\0\0\0\0\0\0\0\0\0\0IDATx	TN4j\\&:c{\\q{!ׄdDsNHFFbVB4J#\ZMH-A1Kd !h0>SiEUwFy^Wթ:\0\0\0\0\0\0\0\0\0\0\0\0\0\0@}^ziʕ+?Jŋ2T*/]FS\n\0\0\0\0\0\0G/[߸qSeT6m,Y5JO*\0\0@l`f\0\0\0:~M?\0;;\0f6\0\0\0sQ˻/^!?\0;;\0f6\0\0\0sDZAO*\0\0E0\r\0\0\0\\A࿴fA.%@Av\0R4\0\0\0m۶WC2]GoKb~ldfc#\0\0\0}s}ۺg)3mvP@yl`l\0\0oo~.Ao@A1he=62\0\0yⶢ}o@A1he=62\0\0 \0aŠ\rR\0\0\057kyb}o@A1hc#\0\0@k)7:z[f\06Pc#3\0\0;7_ԝso@A1he=62\0\0yqIn۩ge\0;(mFf606\0\07摟\'t-}3\0A(\r\0\0\0l۶_X,:Li[f\06Pc#3\0\0蛋d~ؖѾ\0;\0\0}sg2=4}3\0A(\r@eٟC\0\0}s)rG=4.}sڳLaܸq>w]7Ϙ1cu]7a/~Mm\0]T\0]7w7EK߼A~W_5a?7οUVׯo[7o|I\'O`cؾ\0JTSLm15+<=C\0U}3EܫZ[[G;/_~vW_\rBƏ?]2`&`FB؆0\0fL6N-ٿ]	mذ~!}_]0hv0hel*\\~\0\077Dkke9mï/)m\0@ߎ^{=k\0_j+WFzq/+mA\0c#c#PaJ\ry\0oo.o^zu_|_?,[>|ۦ`ЦFFBpwp\0\0}3}vرcoܸkgĈO644ů2)mbl\\wgv\0B_xUZ[[_w]w\Z`ЦF(c=]e\"\0\0?q/o߾˂`A<rȷ\\`ЦF(C}0ܮ\0\0}3E}\rSO=jz{w\'`ЦF(3~0\\\0oo_W_}t6>|bJAb)FL\'LO\"v|\0eΜ9O93_i0hS\0c#\nqo4凧nG\0oo͛w#zڵkp]w\Z6H16\rG08\Z\Z5\0ͻֵ^{o{ï5)mblIpPQ\\h\nϚ\0:?}+Xzw{<mڴU\\ȯ?;(mblt}0\\ap!2\0P\\U8ΗLkk˗/ x+_p0h3h@yfY8\05+R\n=6iҤׯ_AO?A_ů?66ǋ!p!l0-\0vP+{h˖-[&~Q/8FFF<^Lw3(CB>\0@њXAL+?lBυ_Tmm(u=[(Ie*>IU,mРA\Z?eP\r2dφTfӧ~ު#GcU\r:tÇlFe߿\0QFʌT>l2۟1b!*s?}0ۇ?;\\e?2}lAe4G?#Ufc2lV_*2*S}lQe.;l2j7?IemذaUdOV/ Uw>l]eTyo*=lSe>Me;lU3*m}ll21=Lez!]o=ReG*`Q\Z2םgN#F}ʜk@eǩegx=Aevl*}ٞ2i/Vf{*}lO1ժ29\ZV29i*s:=+T?R*=lXegelَʜO2s5al_2発Ne77uTͦnQ[Um~2۷ӟuTw[e1Uq9yX0T/Mݫ2~28ʜTi*ΨUf{9]\Z2S	kyXZJS\rQxXz<\'ʜUf)stX>2ϩ*s^kES/abհ֙z-^k7z3Mm-|?ڪ2t[Xoz\'z7L_߮	޽;\0FO\'U)uYgvV:-?=1+|j꣰00H_\"a6a)SZ0crlH!\'\"+emX/̋a8&\0a\\XFB6\n߇d$<z\"*=֪0xz4V\"	C+b-Vt=V6mHf a(ۯ@na/#!/l}Aw`0$#)HğmaxKX7GBmXׅ5/nĆ\n@tN&Ð4Rx UPՆ\n\\m ֆ\nh#amR{y5Up80Y\r8YA\rP۰ZJ!mm*\nU\nm8<70=Ǆun$|ozz*\nU\n7}s@o7\r}3Ao,7Jo>ޔ*Y7.Tzþ78zþ	7D#zľi7P)zcE7YߩވQMAқ5c<cB!Qd4H*7TzIo8ވRM)&ްo^,ov/&S1QқfzM7ƚJo7}3No7}No\rf2/~	uu׵oo޼oF>uN=NkgWXZvZ~&Mj?p&]ST5׮;4?;]vwtzR[̙3+25k\';{n28vPT厍\Z\n\'Oq}衇46Y]h\\rIps;6N8KKyU&*\"M:Ό{qFpete\\okW_[_7\0oW߬՟i\nn߽>:mL&}S\'/o|ַ{FکUloӦMAoYA}I\'v[gyϟ?=Tm,Y<Sz?`?~s\r7:Լ5Y#׭[b\Z5r!@@5\0wg.26zY9΄@厍O=T0&k1`TƮ?<hto֭[w5_&7-8|;E)b:n5\ZMɬӒHYے\\DfN[={ӳZSt:1jp_SǎO,=(?iS\"}a;ݯ%W3upӧǌ\'53~I4;3 z\0(]+4û߬^Gkrmۂ-:U̠.2@x؆g}:6p$:8p`~]m?-+yz=3aZ_Bq\rodK/{&M/AO?_TDӦMpYWwgBG3ip&\0*{l㕚L0͎G\Z/\n~?iu}VaqC\ZPGo2j;_Jm^:^cbav9Rg\n&\'\\ޕ0k*\ni3VnJd\'DAК՜<k!-\neu0l=iv\\ݽ)Am6#mW\";=MWlyؙMsi[ϵq½w}_cK\"sU\0vued\n;>¶:kA\rտjB׾rM@yj6vrhϮ^>7MyWstb%8gDu2j涶Wa+6}=#X!Cg84k2\rn\Zx3تD9e%l\\	3aPcc~3?UFM={e%p3t[xʔ)KW謊;zOFrKQ/BOtp})a	6ՕL`k%ٵ/*\rCIp6\\\0^7%2ӣ3|m6io^Ap{XL`׆Ǻϝdf9#:@<5Idg7%c5(<VoJN;7.{< ߌlt.V,$MT|3jYQlY;4>\rs6۰YC$OX_}ltfϞV1cį5G_v`ߘm@Db͠l6;5gSN\rgF; 5\ZlU@ֆ\Z_޴8Ҷ\Z38#8o+cg=O?=x͎zN_}^=26Ft6#a]r; OЌ^VXk_ԉ78*UkBd 8=RKF3MXnp̼PwV8=\nX]`WKM\0=*٩X.\0=QnW=^fvR%+ۼBNL	o{nwW-[̯otL(Lk/ \'5{_<T@:[\ZV>b#\Z@YgF	\nZ56ZGcStV:ꨣ?C3ڃZ;X\ra־^-f6V]׸X9Pg!f\Zw5Wv!_M\neson`ղ\nl\"ݬ7zA8;+{\\&2#ykZ\rhp殝il!06 XIK&ĳLB_l\0)Io1lYCmٕ ekv	\nMP8u6vpBqǵ;:m\n}\\KCӁ/Fo$W`}(R}:ڰC\'Li\\3aPcغ馛1AgԺnnq]dFkPl?~رcX}PnsvelT})!JR7}\ZKQc438];\nG=NY}0\\kě{)\r>d-uB|C&pK\"͝O8Xn!5j[als<;=Mgؐ9\'Z7\Z59!0̭;+KH˦凾u\0)O=b]\rmyWr4k(4)A3ucN}h?Vm{hlL1kyΖNSOn?k~>^D0uԵ?xzrqf+\r\'M̌Uyg ꏄf\rk`/f΄@euT-cZ\"-`ysLϾ>mMo{? cc_洞r626FECRBNnrfg݆OfSώ-~P\\^xP8`ppt7t<+-f܌e\n[f2Kr]\0j-So\'_?,N}>,N}\r.S\r>C-g{BDW7A땋v[]89N\"QQRyrM\Z5UqW\Z}4D53{2?SHSLThg0h[aw;Foti(5Z#X㌖P+d>8ÎG\n` ب1/cSgcKQP;!p]\r8V2\nYK\nR,]Ѭ_Ofu#@vxY\nl&_|h]2;5)\n@i]cZ\"EY<٩càzopZ턈B3vS[C$\r|0~pNU\n\'Yh>bȐ!>iםΟtI;[kȤh/Y,hLԽ;ׯ_CGyd>M_g0hvyȿ>V`kgiMB\0\"LTبfTcRt^[Z#\nw\0G.\ZӸf*Hլa!t*#F:6\\!%\\4κAqa,elap-Phى234vDzV\ZٸvI}>4n}p[1vqzv NcZNBe,ׇiewׇic͉5\0\02ʫ^B*3)Sܦ߻Zcc㳞\r9V\"\0*olRFJۡ2\0\"SX,1c}wY|=<8~M1hc#PzC,\0ojonll:iҤ>_x?z92)mblʜ\rs:\">\0@LX<hРǌ]wQ_dQFX~M1h?@,\0oo._~nĈy$޾}?~5\\_c0hS\0c#c#PAJ\rwO0ԙ2\0\0}3}s\Z6l)G~^xҤI|B`0hS\0\ne_Ao#\077W9rWZno[n}{̘1AA\0c#c#Pf9\0\0}3}sq]7tӋZ׷zg$B`0h302h`ldlD~K\0oo\\X쳎,8s6<~%/.>yW\0*cYu\0\0fj u݅oM>7.J4ݼytz%FZg_el~Umm\0@l^d0\0@L\\54C49\r~jjmjzӵ9s9\066\0FFA0\0\0\0͠\rV\0\0f\066\0FF\0)f\0\0*G\0o0h3h`ldlA0\0o͠\rr\0\0f\066\0FF\0)f\0\0*G\0o0h3h`ldlA0\0o͠\rr\0\0f\066\0FF\0)f\0\0*WJ|5}}7c[[v>N\0oM1hc#-MɬӒHZhے\\DfN[={ӳZSt:1jp_SǎO,=(?iS\"}a;ݯ%WNj[MsOf=ӓ㙉.>ivfNc&~Z\0\06Š\r06R@E(V`9=9iUHDvr.DLTH}/JfjNdnT\0ےH_U	CԳfNyͬmgf\rfuxz\rkJd\nxFZ\rcq½Ǟ{sWLZq\0\0F:f`,z\nR4@W2#x%Y/*\rIpm*M_*헹eVf	zvd:XneIksRGw\";<=Hߜf\ZۙM}\nS\0d\nd\n\0ҥK7lܸLkwA9~R\ZZ΂F\"hFf+kkO!xAhH{\nv*Եj2}`\\%#ZF-}\\_S2\0>8Wy*|u6DV0~ݬqz\n4k9jI1ggIf]`\0\0dxoAB\rةTSg\nR4@Wu+Uh۔LߩPV٥4W%}fAЛBYtfG4#׆\nm56.%~\\;خ<uAH<nnvߦxgv-9ȅĹ+V~阖7S\0d\neU]ʢxhh*K-|xZ2h`pM`}fΧNVX,Ԛ\nQ9b)S;X3u\rA̞i/}(xV^h̀e..5a.2~R\0Lv)\0\0\0Vdy4@liܲzi˧^l<;:BAqyB-(-jUP]XicˆMٹWvK<m6G\0\0\0\0rmf4h\rQ,ȜCFBW`dv]G8X>\"m?M~˵.϶U0CQ%S9P[`XKUH7_Աa=P7[w\0\0\0\0\0(|4<o0GlB]ͤ/ap\"}pͲK-gH_o}hfέ@bξ/K=v2Ӳz^ZBKUz}ȝ]SX3uZvBws\"sM%#\0\0\0\0\0*8̆#b\0\0\0\0\0Ğ`gr4Y\0\0N\0\0\0TO0\ZYb\0\0\0\0\04ؖygr\0^\0\0v\0\0EBVp\0^\0\0v\0\0עY+,\0\0o\'\0\0\0y]Ql\nH\0\0\0\0\0\r-\0~\0o\'\0\0\0@C}\0\0	\0\0\0w\0\0v\0\0\04\0\0\0\0\0\0\r-\0~\0o\'\0\0\0@C}\0\0	\0\0\0\ZZ\0\0\0v\0\0\0\0\0\0\0\0>\0\0\0\0\0hh\0\0;\0\0\0\ZZ\0\0N\0\0\0@wZő\0\0\0\04\0*Sv;s\ZG\n\0\0f\0\0\0E+\r\Z;G	\0\0f\0\0\0\0\0\0\04\0Z\r\0\0}3\0\0\0hhTNk60\0\0\0\0\0PeYl`\0\0\0\0@C99\"\0\07\0\0@uk3\0\0f\0\0\0\0\0\0\04\0K/4ʕiTT*.]GS#)\07\0\0\04@(^lqFߧʨ6m/Ydk*:T\0\0}3\0\0\0@Ctfuŋ\'\0@\0\0\0ݦ \\˻/^!?\0\0f\0\0\06GKZA0\0\0\0\0 ?m_ZuLt^\0\0\0\0\ZZ̕o۲_Vta-A0\0\0\0\0X)Ag)3	k	\0\0\0\0\0\r-PJ	hk	\0\0\0\0\0\r-PJ	W/n+\Z:Z`\0\0}3\0\0\0@C1``\0\0}3G\0\0\04@+%~&uy X\0\0\0\0\ZZY>hk	\0\0\0\0\0\r-PJ	7_ԝ0:Z`\0\0}3\0\0\0@CR`n)e\0\0f\0\0\0(s%y\';/a.u\0\0f\0\0\0(c۶_X,F>\0\0f\0\0\0(SE7O?!-}L\0o\0\0\0hh2T(l0	\0\0\0\0\0\r-PA\nhv0-A0\0\0\0\0H !-[`\0\0}3\0\0\0@C>,\"\07\0\0\04@#&\07s\0\0\0@CT9``\0\0}3G\0\0\04@#&\07s\0\0\0@CT9``\0\0}3G\0\0\04@#&\07s\0\0\0@CT9``\0\0}3G\0\0\04@#&\07s\0\0\0@CT9``\0\0}3G\0\0\04@+%~/w_bE~/kt\'|_nN?};͛g~ڵkw޲epSO=ܿ?~u)ϟ~:rH<C.Qٺuk`3ޝ8~\0\0\0\0PP XaI\'6Eן{y;NK.	/_ߴiSغ|ذa;ѷ~{n6M.ݿ>uȐ!Ak7O0_faի(.j_{^yᇷo/[l=ؠsihh()p.+\06ԇy\0\0f\0\0\0(،w}g}#F\nD*\0UY7Ն3s?OxpXtv-+yk[3o5XM3rP[͝;|ӟt\\>1]z.,p?eʔ}^Xiưiݯg=Wx:`[4\0\0\0@CP \Z\rԂP*]]Ӓe&M;>hk_ZpfNB/\'Q۶mkZ\"3K3tMl8y̙zž|3_c=VtƮ.^ь`;8:;X8ΗD~\0L\0o\0\0\0\r-u5V0 4S.eU!GSk~в\nuu.#@9|x#<2XA.;c%!n{\\n>g]}zZufu2#8}ݺk6x\'Onn(\ZL\09r>f\0\0\0TiCKQTiՕ C\rԎqƵ?˛R\0˵.K#(uw4\r5Xm\Z]XkvF`-i+6W!]^B^S-gѝ\nHE>V*:чuSEQ=o%\0\0\0@MhFW^|A`iC_^veA1\rFC]fY0b͌U\\6\\aĺ{f*P.[o#W}]]1К\nY\\ʌ`}zn\n^!y2igKC6b}389Fs4v:6\r\0\0\0jW(!fZ\0W/}f·)o`P |u~z0CWa\r\\5#XivO<1VЬ%(]uU;xL;Ο:uj]WdM%Kϟlg%wF<Νyװ \0&/ךC\0\0\0\0l`~KmGR?,Nuau Xڙ\ne=\'NKBhVI\';6iӦ 8J2gv̈́֌huiXX*}]vF\'v㺼ł`+! \0J7bĈC̘{Sq	A0\0\0\0\0Ԅ|Ah]anr}^eS+0 S5W*	f}ӋW:7:sWO3jFDh=|5CY]~x(t>~oZB>7^O3P>xos?~v>Nٽj{>c͇MeQ?\0\0\0\0PJ	+\nn:xzx:?>:9XCڦ٩c\'-D{ڔH_27{N$3=nF/|%i̿)6J5dȐ=]םo*5tjg \0\0\0\0j@-^@P ۜNlS2}gɞ֜Hl/hNYKi>\\?ivf@S234wxffp_SvfOs>9n^vOW]9:)sQ2{%g<=yNk/8s]}k \0\0\0\0j@%Z<e;\\n@7Cݢ\0zfjmK\"sY͉tsS\"3kddf^noQABb\rq}_&2״J}{ZK2}\rkwNgj9#c\\LEapxc@$R\'mggv5~\\׽ԋXZ%\0\0\0\ZPA-Gݺt:l0ٲe:Zޏ&[$Cs2Bd	.ӌ\\ͨMfZufN0ͮ\\ώA5Wf\naK58{_ldf^t?M\no/zRV(s>UK\\FF1jg \0\0\0\0j@%\noə{w\\u~kpnݺ5ضF75YZ[7Xs7:Yfk_\nq֮n5#׮ū xL``n<=R8x#jֱ0xӓvxfbs\"sh\Z`,rtWDzP]CNw]w8.A0\0\0\0\0ԀJ| U\0K.	._nk\\*fF0PU!j>An\'f43.:JmxZq%!u2;&Vq\n%ܾDvw\n˪f\rq-A0\0\0\0\0ԀJ\n\'Lp/Y&LN81|ڴi+q`	DqsmgG>}o06;\'uRp>lC/pX!nxy7%)se!S>wsPp8X\"| 6Bg4gLg}U;quݗ=ϻ^`\0\0\0\0oٲ?\0\'h~uuNwͨQ<@o_!NJ`\0&Cnm0xN\n~͉̃٩ْ,׺oguXzՒvbjqY;<dfZ~bC]]8OTJ\0\0\0\05R`TիW=Pe3f(8W\0gG}4Oa>TN3	B1k(]S}xfYm7gjNd(նBY쵷BdvjG!KGX9v\"53?y]Rkӆ]]y퍍֯ \0\0\0\0j@%\nr5vF\r~`\r{_\0YIhYwy!\0\0%khhq:[_#A0\0\0\0\0ԀJZ#oLM-Z\\uA0\0Xl7uZ5rȿ \0\0\0\0j@%,hlɒ%e()ty\0fjM}}\0\0\0\0TJ\nk|xwMK|M\0\0\0\0P	\0]yޙi߫!\0\0\0\Z@L\0:uO68n|-\0\0\0jGL\0qq]UsT_A0\0\0\0\0\0``\0@bp]YSWV@\0\0\0\05  \03Xo]}-\rڽҞ?A0\0\0\0\0\0``\0@bO;s9rJz\0\0\0\0P	\0#~yށ	\0\0\0\0zy?0뺟K\0\0\0\05  \0\\u[ϕ3\0\0\0\0P	\0}uݳMijP?O\0\0\0\0@#&\0a|v?G\0\0\0\0@#&\0--e\"\\D9>?`\0\0\0\0\0w\0\0\0\0A0A0\0`<@ukX,[</`\0\0\0\0\0]gȑ8bOs\"\0\0\0\ZN	[˻]x@4hbX,|\0\0\0,]tƍ	\\˴֯_ŋ\'\0Wz6C??`\0\0\0\0vL指~Oo_^k&BT*I8N뺯cvZීZw\0\0\0\0P*:mū֣ʢx\08񆩓c`Î`|N\0\0\0\0\0\0\0u7ygZABk\0\0\0\0\0\0>Zy}8\'wE\r\0\0\0\0\0\0\051֗SdU\0\0\0\0\0\0]`ȑPԼX,[_<FY\0\0\0\0\0\0\0vX,뺿vgACC^}of\0\0\0\0\0\0@?jllya޾qYx0G\0\0\0\0\0\0\0\'ǙX,vho߹]+\0\0\0@ٟC\0\0\0Rxw/;ϽyZ+9\0\0\0@п)\0\0\0)q/\0\0\0)\0\0\0(8K\0\0uJ^h\0\0P*-`uScK\0\0lwv9\0\0\0PP,;uM]J_\n\0\0\04zf\0\0@I<;u\'ǙIR\0\0\0L3\0\0\0]2t\\M?dȐ=K\0\0qJ]fTtu\0\0\0ԸX,wz؜})\0\0\0kuw&n\0\0\0]	f#FB_\n\0\0\0\Z=w:\0\0\0]dSkc?ї\0\0\0}?R=\0\0\0`v]w1K$})\0\0\0PIJ	\0\0\0O<uСg]җ\0\0\0yq)k\Zw~\0\005:<ї\0\0fk3$t\0\0}Bþƺb/\0\0\0vn \0\0\0tt^YJ\rm/\0\0@-nܝ Xs\0\0\0K\0\0\0f; 8twq]=q|\0\0\0j/-5.5Q_\n\0\0\0T6=	o+a`SM}h[\0\0P}igapWC.\0\0\0@6=iv{\Zu,E~\0lo\0\0@Ou/./\0\0\0j.7q/i	\0 \0\0p\'\0\0\0~VMG=``\0\0K;R(IC_ZWkkw|SEQEQY͛IACQEQE_Z\"&{bVx_R~,ۃ7(\0\0\0n2wy1lذSL/\0\0\05ݗvڜyޟ?\0\0\0UE2^#8ҏv]wA0\0\0\0}iD)kw\'5M43	\0\0PMwOg:F\\pe\0\0\05ߗ\n&\'\\ޕ0kW6d\0\06=\rO0+^\0\0&b!\':0}i1MKX,\0\0T|Il\rL\0\0\0(/,h`Rq]9\0\0uwfpw`x\0\0\0(/-5hBa0}o~\0\0f`tk\0\0\0N_:*/-u+G\0\0f|PGW:\0\0\0^_\Z\ruK	:}i>u:#\0\0P3LDWஆ\0\0\0/\nqGՕ}i!릆\rv\nG\0\0bJ\r\0\0\0ϲ/*q&G\0\0Rn\0\0@_ڟS\\os$\0\0\0jROm\0\0\0}i%<Nq\\\0\0@7]9p\0\0\0R{y9\0\0\05Fǿ\0\0;T#G\0\0&SL!\0\0\0}ip]7yx\0\0\0rNOa\0\0\0}i%qgyq$\0\0\0*6\0\0\0}ir]ws$\0\0\0AsM\r\0\0\0J8ywG\0\0\0EY4\0\0\0/pN6u%G\0\0\06_W|m6\0\0\0_ҶOnk7geOfqf\0\0B\0\0\0(%n23}h[={4[wˬͳ\ZHnJ/l=Nmg$貋٣v҃f>vߖdz츹}u}4n=%WkjNf)6T۶3}r\0=8\\~\0\0\0PJ\r\0\0\0g_\Z)A`Lǚ9ߝ;-~3Ӈ*mJfV{D{\nv㙉:!9#vMP͉t5zO45M_}3L0sVlWpQ\0\0@G\r7\0\0\0P}i\neu9I%2dv_ABQk;ݽ%W<=[3/>\\*p֩ gfo[sy+.>4g~51B NddڧWy#A)?J\0\0\0\0\0\0ʥ/	-WNgV3k6\'7Y>Lk0؜jpnq.dc؀9.ܔHy״`fp\"liN4<}6p23o08,Gԉ]rc<ϻ%\0\0\0tp\0\0\0ٗFxU+Z~k/6hnt`RSj	{,;yN$Wثz\\&gkk\rc0˸})$og~ X\rG>p+p{Q\0\0@\0\0\0rKC?]t/t?љ 75zur}skgBjxff|b<U+ U}v\08΃(\0\0\0\0\04>pjfj	1\nuu]oLafFoPe48X\'؜jW,`=Ov\r5ha<xvJpv?=faÆ}?J\0\0\0(ps\0\0\0P}Z7}}83*:k5zW8\rg\nk7.Oi\rlљÖf_%\'t1/k1ۺO=BZo\0\0b\r7G\0\0\0Зj]6ЩWj~p+\n_6\r#p07<͛ūRP9tdoB!xdv\raw:UTdq9\0\0b\r7G\0\0\0qcA|#\0\0\0\Zn\0\0\0ЗV4\0\0\0h\0\0@_Z7\0\0\0h\0\0@_ZbgA\0\0\0\0\r7\0\0\0KT}} ő\0\0\0\0\r7\0\0\0K駟9p$\0\0\0@\r\0\0\0*v3q;G\0\0\04\0\0\0/]0G\0\0\04\0\0\0/ރ-\0\0\0\0\r7\0\0\0K8[\Z\Z\ZH\0\0\0\0\0\0{<`\0\0\0h\0\0@_ZX,	\0\0\0p\0\0zȑ\0\0\0\0\r7\0\0\0K >81	\0\0\0p\0\0zϑ\0\0\0p\ZNjG\n\0\0\0ЫA|8\0\0\05`Î`qNH\0\0zU^8YS8\0\0\00}\rڝ\0\0~S	{q\0\0\0@8+`yޙ!\0\0\0SJ^SC9\0\0\0Bkb60\0\0\0G%)q\'Ƒ\0\0\0@dV0k\0\0{T<vH\0\0\02f\0\0\\AԹ	\0\0\0X|)6`\0\0\0ApkLG\0\0\0y}bV0\0\0P)ApO93f\0\0\0h\0\0P&)}i/+MMH\0\0\0.w饗\\t:/^J\rw%>o[T_tM\'\0i*i{ ^8q$\0\0\0z^0-[߸qST6m,Yռ:J\0\0ii*Ap/pgy?H\0\0\0.͚SټpzS	\0\0=\r=Me\"8	\0\0ޥKy!?\0\0T&^yxq	\0\0ޥxRV/x\0\0\0=\r=M\"hjG\0\0^4\rKnI]2^	\0\0z\Z& x7[8\0\0\0EӶ-տnPLbM\0\0P4˹#\0\0_4{澝^0z홅E\0\04=MApp,s Α\0\0\0/&]ǋ^4\0@OCA_|,ל9,G\0\0_4^VE/\0\0iLA83nM:EҾO?}o\0\0M/\0\0>;h:U\Z\Z\ZgȐ!{|i\'_EZ1\0\0zE>Q؋&]ǋ^4\0@OCwKÆ+k<oykLp`\0Tڋ5}ѤxË&\0\0i(z\Z2n<Hr\n}Y`\nA\0P/6_ԝ\\xË&\0\0i(z\Z2ngF8yGdm\0_4>vN/t/tx\0\0=\rEOC&c+2`\0Tߋ<\\xË&\0\0i(z\Z2sw x~9>G\0\0Z_4m۲ayzzNM\0\0Pd2==\"Arzn,\0@վhz=Ú/ɖѾ̤E\0\04A0zz<o9<\'\0\0Z_4u6c4h\0!g}|+:sa0\0\0ES)3f:IË^4\0@OCOC&{y-vy\02`\0ʋ`ŋ^4\0@OCOC&8.Vdϱt\0\0E\0\04=\r̮V,744eY:\0\0^4Qh\0![\n^;kC\\*v=@TOm?wL6Mƍ`~QU뿦n˟k]zA\0&M\0\0P4d2}Æ]3ߔU=@T53L>SN݈#z)ƍ~[7obhу3|[Շ5ӓ٣iNCH\0\0/(^4\0@OCӐt]Wݒ4h<oe 9#/>yC|1v_v> c^}˿g|/[q޸=g㩯Ng4;3)ʠ\0Eŋ&\0\0i(z\Z2)VIxllZ\n)η^8f̘oVwAwW=_ߝy_A(+У/oAuoWy#ùw=63[f\0Eŋ&\0\0i(z\Z2u7:\\N\"a\nǹe fޱ7~z#Ak\0x͚5[aLOx/\'w8?kԅW\\w[^\'?ϼ_vk	:\0\0^4Qh\0!)MgוV~D.q߂}oބ>XB2O?i￿o.Wi[~WWZ=x`֟3>ChĈ[\0M/\0\0id:Wuǡh9Z?7gn/ZS[l,]Ӿxm ]`[!rvԳg/`y	^qG\\tX,Y\0\0/(^4\0@OCX\\}+o{w&l$V-Qٚ?5ooe{\Z4?Suֵ7Z}Q. ~ѵY~ѿ}=w6ߧ\"d\0E\0\04A0v&BMiapag|u=0jf-a.ДtiFp9y}{O;|Ӈ-Z?fZ\nO?Mwҿꪫ{?eo{냫`޻Qy-u!a,ϲn^^,$@@&$@@!3\r0fYd\'$(u5J!l\\ED`{\"eU9S/|:󫧞5w_ o%:\0\0`Є1h\0\0?q)7Y%b/n_\'9O~;}{rs{X|/j>u\r?z2>}xg/r~޼y~>ޜYPn~/~g~W_?߿/| 5sW^C{{}N\0\00M\0\0\044Ppqn918nk\'&f\":c,Xpl_x~?sNBQ2k?̿k.䒧eA:\0\0`Ġ	\0\0\0çA41\\bpE\"p7%nB:*Mձp=MoYf\'N,L#A.oܸ1婧\n,o[I&/W^yeC*U=\0\0M\0\0\0i0|\Z4mItbR$W+ߍ	Fj<ORiwW|Ug}6{zgJH`_,6u]{3nN\0\0wMZ]uAӫ?#\'|r=w~=s3G}45#<lf?Om7^~~~iۋ/3L2o9sT\\F{SLa\0\0P>>m%>Gt3gάh,Y\'֭[պ]F,y;݋/8h$|\Z4$.\'p9J%jؘ MD4Оդ~m݀UV٥KO^|Iߔ+)ƥ6-?+(^W!t\0\0j䮣̠Ib&e\r@~tJʟ}فggb&zG\Z膫;:X}\r7o}+Wؾt]OD][ǖ5oe?{q74\0\0l;FѺKH/>DOOO* RoN8ᄊ`E|~{w\nWOF7?7mY75~ӠTK\"\'?]\\g[GKpM7?y?b!8|mC2V\\?SG~t\0\0t..MV(C	\"VtTJF\r(,\ZضkGQrdb^ \ZF\Zlv1ci-&=jԨ``}\rg52Zf(Yj{9cw}<&\0\0m}mu]׍n{bAj9J+J`F)&[gӦMu5(-,?C5Do/vc>z~||\Z4Z)51\\ĉ\r\"7{uE!̙aÆ /|̓	zC|C*_s\Z\0\0u4xe5QN`݈UDO`駟EiD84jlWt6(ӠHˊIx9AWЫɏk{yggg3	Lr4,%vGg\0\0m|\Z	w\\/\rR+z*?j9Zow/O^QھoJC?}9;RQH7idAnC τǻ6;{:tqkgr>g8{8{/<e{}cqln1=d.g}Ͻýֻٽ~ٍngt+}íٕnrgrRο_w_sŽ~B?9>Ƚ/p6۽tg޽:>;]9zr36-DE綷Zcg2e\'6:qԩS ΁nygc:uuˣ}l	n{R6(?͛ƏOz=O<Qr{,ؖ<@S\r!\0\0\rh\Z]+krB@g\"aX&HN=G4eK#!A9n^[,Z߾S4/?7{gt\0\0\0ߧ1nB+_,֍g#Z|3K%%XpZ|yp3\\ѿ20aBA1L^hQpZѱ9z\"JvޏfƧA\\k\ZrrGGgd;p	;x≻r\rvڟO:,%\\/)aӽ[+S§{[>LQ7X8-O`*ԭs[8	Vg)\\%)<UYggΖ`+ֽ[>_]~[G	~Ba]/p,ٽq+a9vvPٷ%LKvop-۽Sm	n{Ww(wP@pg8%ˡ>PgG꼟zꩭ.M`F\rm!7aEl0B\ZXu4щ,F?\"Fy$\"i@M\Z-[	њ~\Z)Q[@MD#fe<{`[\Z4x\"RaaY&\"IU$KUJ6Ğ M_+f͚oDDa;2?jy8|\ZEE&Gpz`E#G$ϛ7m\rP+\0h胺	mV3hR:MHb6يQLg6!X/nԣJ;wn 4\'{ھAY	6	&k#!ַz(Vd%hu4=\Z=~fg\0\0m|\Z=~[u+9BX	-)い`-Bn\"\"+mR?i\"JEJvKi[;Mb(	*_D`.j		r7rg~h֡\ZlJVd45D4G_%G0.\0@_G\rjԣbm$)LA-qLOt4I0ZXtwgҵބl^5ي]Qp2J\0\0ϧ^Mf)S뉤h)?RbIMOI?4P`?JTĮ>SZ,:D4hCD1xD7bgq֛7oޯHI&o~i\09Xŭ\\2?yQĠ\0:^駢jMq2&E\'\"3fW:YJl_NxBp\"L`q)\Zat\Z٫\"1fQ[\"FMDsI\'1h\0\03TjĲZ|{?d&X)7xOe7MMG?\"Xbŋy睷U-E-[Z	?p%ӠIԊ.%$[UziTAC5[wy\\g]wUdϟ?h!Xж]VNp\0\0uFv$ӄ%$&!N\0wf?@11ؖ58\Zhd9ƏDDs|	Ptid?W8=w{W0c\ZH):bW^ye,F\"z\0\0\0ǧIx!պY~%>	ݢ~TKyO?>]e4ޞldN>SXn`,ܖ?䓃59nӠI\"+˭\'$>C|. Os rI(QZo\rEH%AuOt8~\0F!-A\0\0@4^ii$Gl4WE`#N>=?&.g^+V(]9摀[-~mzU\ZT*_ӧOߑN\0hA6\0\0OO&ьDEZ_ԭDNO	2̝;{oQU!X EŊ1E`F\'S4?!ݲeJ&+t8~\0\0M[#c6i{l6CvDmN93m)$G\'&\0\0iѯ7]	$Fh\'*%~\'-Å^3g-uP~n *7&B	etZWo7n\\p_O:t:?\0\0-b&9IV4[\"1ZlH94Ȳ{Lx-w[O[>ѣGs\n[^1cn\"NSL	|rvff\0\0\\>M5ntk[6:èQ$dKVNcǚRӠI5r׊D3g|xՙ}JUUrtuޏ=X!ʴAl޼9H>iҤ`Xx^:\0AS4J3qK`M©^mDdn|hF߾jfNxtl6öL J;vlp>sn\0OZ*#nd+`%\0\0>M5&j;mgѢE5oWʢj8M~&+5A>\rp1TbP@̘1SGh)\"cQ?[5L]\ZG/#<l*E[[ۮt:?\0\0k(Zt\"Plnݺam2}^5C\"^k/-+FnGGu4#gt3Xkpdi&\0\0ZƧGqz]ggg#nrӠIl5;|bZs9;{s YtE`)SL9N\0`д\0D-9QJ?rFE$v\Zؠ]׃*&.	ږue]ڟYf{.LDLfϞ|tP9c3gD\0\0h1\Z	GuTtLa9\\wu˗j+_0B0TUEǟz3ak3a<\\?܇>@}+9_xADذaOj*\04AW*=M\Z^)rŖDAguVN:߾i!zI¯^S\\%\rl};MM\0\0\0ԛ_@_,H\\dIq-jMb[Rmz`}t*O:\"lmyi/җu]W\\qE \n[*	C^reSO\rS~pHP*\0FE(_AR\"KE\rlx?e]e{SR>z-C)F3h\0\0h>^\Z_V֑va\"JPaMLgۙ#q!Mb[S<&g]AJ-K&*2bl]NiӦr׾@NbΕ?U\'WQÓ\'OuV:z\0edEhq#g[jd\r4ЉF(WyxO|-\"XQ!XQ4ʷgK@V:	xI\r\0\0b>M=5q\\{bIi+\ZkܬMPM9FgÂ~PI*:bl]}7p{_}~ŋ?-\'0\0Po&\rlʳk?Jz%FU28Hsgv-ǟh,_>n!\0\0}zk`=̙3zgfRai}|i$%\"<*t[d2y^{{_Wx^F\0~7,_AEs銶]t8~\0\0MMf3mkY«\"neue$\Z0i2J`?l`HRkϣ94\0\04OS~M,B9*4kr1c_zརۃui$ꅨ+a\ZAC΅^1c3^z\\./}7|{y;w+LP	:\0AS}pNt2҆\0\0к>M350L](;*\"A$ɏy;O^s5w\04a\0\0\0i0|\Z4cbXK%gIPt\041h\0\0i$0wdqpWZ\"\00hb\0\0OӠI4mazBk,JMv	Pt\041h\0\0i$0.>}Y*Z~3Vjt\0\04\0\0`4hM[qnq^nkkۉ҃Vit\0\04\0\0`4h-WTfJCE\0`Ġ	\0\0\0çAhL&mhooE	B+4T`:]\0\0M\0\0\0i0|\Z4,L]B	B+4T`:]\0\0M\0\0\0i0|\Z4,L?w+R\r!N\0A&\0\0\0|\ZMeS*B0.\0\0&M\0\0\04>\rDr+WrS\r!N\0A&\0\0\0|\ZM~n*fnt\0\04\0\0`4h-]mmm;ml	Pt\041h\0\0i$Z06fRՔ&4kCE\0`Ġ	\0\0\0çAh0an;L2hJ\"\00hb\0\0OӠIPd2[|\nPt\041h\0\0i$(,ARfkt\0\04\0\0`4hfRC(EREPL]\00h4\0\0`4hMZ4NQL]\0*LJܠi3g%\0\0\0>\r>\rD3ԅ7mmm;Q[\0ЊY\r60`{WMOsV\0\0ӠI<QTfݹ.\0\"l{7o3pvQ3\Z0TJ\0\0\0|\Z|\Z4g8\n3Lර}%̹űp\0\0s\'^A=§|nf]w]^#{h*\0\0ZۧӠI0U.98\0\0\Z_]J\0\0\0Ga?׶̹űp\0\0pT*\0\0\00¤%!\0b~WS\"\0\0\0?\n`2\0@J&LT0\0\0\00¤!\0B}ڨl%\0\0\0i0(hG-\0HjX{{\0\0\00¤!\0\"T*u%\0\0\0i0(hG-\04;Tjr),L~\0\0\0ƴ@QT4m#Ӗ\0d2`gPR\0\0\0?\n`2\0@1mڴ}\\*%\0\0\0i0(hG-\0\ZSN_$\0\0\01-P&~]qi\'?\0\04mmm)	\0\0\0`LIE_m`I\0\0\Z1\0\0\0\0ƴ@QTD2B	&@;\01hkkR\0\0\0?\nh}+%Rɴ\0\0\Zd2y$\0\0\01-P&qu+F\\\0Zd2W)%\0\0\0i0(r7rn`e\0UIR\')	\0\0\0`LIEA,df\\\0ZT*5Q\0\0\0?\nXǼi\'?\0\04kO(	\0\0\0`LIEAr7C402\0ЊQ\0\0\0?\nru?SNN8~\0\0hL?$\0\0\01-P&PJ|J;\0S=$\0\0\01-P&8[Ζh\'?\0\04SL9FI\0\0\0\0cZ(L*\n0_EoL4L[\0h5\0\0\00¤ JTs	\0\0Op$\0\0\01-P&>-\'i\'?\0\0?T(g(	\0\0\0`LIEQ۰e\0V#J{(	\0\0\0`LIE0qw0O\06d2CJ\0\0\0GaRQPk~)@b0B0m\0hoot2\0\0\0\0ƴ@QTTk34\r&!\0jR)	\0\0\0`LIE.M7ۡ\0`I&\'_)	\0\0\0`LIE&NW)\rL[\0h5)\0\0\0\0ƴ@QTT=_!@!\0Ђ}n$\0\0\01-P&ZD#w%~Y>|T.i\0\0-\'}\0\0\0\0ƴ@QTTAy*}tL[\0h5RHI\0\0\0\0cZ(L*5(%ƉY.s#Ӗ\0ZT*5S\0\0\0?\nj~R1Rب4e\0V#LJII\0\0\0\0cZ(L*THVcN\"i\0\0F2<3J]KI\0\0\0\0cZ(L*y6=C)1xDm\"Q79i\0\0F*:;L$\0\0\01-P&՜Ԛ7N~&Q<\\\0`p}gWQ\0\0\0?\nj>\'F6L>n;:cڴiI&γRQvlξ>%enyo8ۜ˺w5[e\0V]u\0\0\00¤=v tHgR7 ;}(ξyg?\ru2;%R5}Cw{_pvvL	CqCmmm,~\0Ђ}(	\0\0\0`LIE5<ߗ\'_@[\0Yz(	\0\0\0`LIE5\']7%\'Gp-bp]-\0\ZT3L.$\0\0\01-P&ռT\'+\'v1W#6g1Ж\0FNI(	\0\0\0`LIE57FSJq6&t\0`J1L~\0\0\0\0ƴ@QTT3PD@\"pʉb2U@\0\0ۆd2ya**%\0\0\0i0֠Tdp\"p`?D`:]\0\0؆$yT+\0\0\00¤ZEG4\\6#CN`:]\0\0/S\0\0\0?\nj-L	|Q81瞧t\0`xP\0\0\0?\nj=i\"$➞\\N]Td:]\0\0}LI\0\0\0\0cZ(L*5)3VN\0.\0\0lbg_$\0\0\01-P&պ<Ԣ2Ж\0`HR_M&R\0\0\0?\njm΁t\0\0PǤRK\0\0\00¤j#z~\0\0T*/dr6%\0\0\0i0(զw \0\04\0dri*$\0\0\01-P&F8gM\'\0\0I&T*u>%\0\0\0i0(QM\"0\0\04J߿(	\0\0\0`LIEAR\0\0pv%\0\0\0i0(#*\"O\0\0@cW9AI\0\0\0\0cZ(L*\nJa\"0\0\04jR\0\0\0?\nrL\"EA?\0\0G*6LII\0\0\0\0cZ(L*\n\0\0T*d2y:%\0\0\0i0(K\0\0hRR\rdr*%\0\0\0i0(K\0\0h޾Ɣ\0\0\0\0ƴ@QTP%\0\04oT*5\0\0\0\0ƴ@QTP%\0\04oS)	\0\0\0`LIEO]\0@;;\0\0\0\0ƴ@QTP%\0\04od$J\0\0\0GaRQ@S\0\0м}d29u.O^gvCveT\0\0\0\0i?¤8(\0\0\Z+L7zWvHg.+}W:H2	th{~z^=^ݶZ?/OLg]ٙqٹΥk1XT\\͞.gSjz2s:{m{,_Gwg\n\0\0@04$(L*\n.\0L&~lw3ve	^iq7w`g:\r	]%[;{Cڎ-0ۑ-\"vdN36V:7(ަ3+\"g>bbtϝ=ً,7{ÌV;{KdFW\r\0\0\0#6~ls9!ҧ\0M¤.\0IRLrtw\"f/\"JͬP(o3+yG:{kb?.Za,^B՛9Dgft?\"\"g/; ݱʭ{Y9ћf9c\0\0\0j{w!x	H&AaRQ@u	\0\0aߟIRG}ו-U她k%~zLgRv%JUp3%JՓ4j{Bph`o|$>;%*Y9\\®RRٝ=L\'ӛ[P8t\0\0\0P~̸RBo&SBh&?P\0\0\r>\\Q	,Q f/eu;әNۛ=\"]wK)\"DX\r\"sTil9}߅Db~r X.;\\2mJ1n72z<\0\0\0R_&.WDIPTP@]\0@9w3*S\n[VD]4\n=%+U%v6ms/_;>;+./[N@`rk-ao%~	E@GE_?*\Z\0\0\0җ*W0$(L`\0u:ͫ(R+6f{rg*E[rapTa~ޤBZѫ~>`	Ɔy{3mu%`wdO6vn-\0\0\0~I&w\r&#TT@]\0@c	.F(+\rRK(|%*V°M&zxѶ_M̒\0\0\0IDAT֑h|VO\'7 ܎S	JUЭ}ol(hg\\jg8\0\0\0/HIP@u	\0\0[ӡ	r.]Oso\n2+ D:w/-LVぎABP`KDfڔvBT$wSxNǬt\0\0\0Pw>M+h`4	H \rK\0\0N&P\0\0\0>8ƴ\r__#&ŹE)Pи[?f2ի5k~l\Zg$4d\'S\0???B\r$(L*\n9|k׮oذ!;`6nܘ~S9+a$I&O:o(	G0 m6&AaRQ@SCJ%X68r%sO)-kBzw8|uz`\'S_Sx#~`#A\0m}¤.N<d=eJg3]؞ΞɅ4Y黖}7\\|>؆-fgv,M*pMd˚0(xty7ǥe>~On^$F\"pǜӷF:JHI0f?1 IEO]\n_H{r;{sf/.Lg!+٧$ކ)_m{]sayan	ƚ>{G{Q 5}g:ӓ]*xVO#&FB3wd%*ku%VK0eqbFlՕG\n#?L&$xc_#m\r/QTP堐\0jQf;ӹ̧:әV~YBo!]מ쒎Jٛ[ Xlp_ٕ/amsoO	n_6Kk틎g\"Z1,x-;vdg4_y-+O}90-35>hd/)	}0F[\riK&?u9($U她%{dݓl;әTMۓ9-Mg.)tnخ%J(,;{/³<f+=C!8>W5[ MĢ-<E1wdߒ\n\"3GuGw޶nFv6J?vL;5>h1o>-iA%\nꟺE*\'Ղ[HPU]3!\rS)HX\",(\\oA4\'Jn{Ŗg?h~\"\"q T\"XK	,E!8wW Xvp=.x݈NKO}+VAc/%hA m}¤.ks7)jwKlܤ( C:7WQA^=y`ۓ9-ܓX՛Mw	7\\|wdou\n)){f	-b\"jvGD1%:@VҾK̎\nЍ=ZIOAC/$xc#m6H\r/QTuJ==HIOD3\Z=36Ղ(p;mRF͏ۦhh-]C|s=%4Y\"}S:snA^TAʋO4%>}\r:mڴ}(	}0F[\ri&~]sL&\'QRBoon%}\'TڛlG:;Kª_	$mJݠATp \'pek[D ń\"v)D$g56#_.Vvi5y]0]?9ַ:&	8}Naig}0FL[hA m!¤ ZwO0aJ~\"K\\R)lRKh\r =C!R3)֏sz\rao?vُ9É+	 f)/mECOJ9}g\r\ZߘJ$xc#m6H\r\"STD{\\)!\r$\'SB|N߳떕t\ZN4tQo>-iA4	\n: МNߛ<[G\ZN4t)	}0F[\rih&quU`rO@:}VN>Q郆7JI0G0m6HD0(%LA40+Ds;5>hv$xc#m6H\rIPT?HO@s:}z%u%KwZ\r\Zq>J7F?hA IEAr\rL?MמK:|fZG\"HAC3G0m6HD0(ǝr)?47 MqQ1`@\r$(L*\nʡ\Z.öL]U$<$ppxmhm}!li:\".9Z>37>?B[\0 FD_D\Z<ڠQDDRN>Gh@h&@u	8}N}0}0h@h@L`hߓk>>>h\rbAE`h@C\"Kp郁@[\0 FD_DDuBծ%a>-`\r!`8mbI]N@L1 \"B04q~%c\0A % 02Є2\"`۾.Gr;Ӈ}?m\0A6u4xqJ`ADQeP8}N}0}0h@hT3ALBpۅ8;#|K>>>h\rbAE`hc?\"m]j Q Pw%N@L1 \"B0\\Hkp[D\0өK>郁@[\0 FD_DƤA]-Bp3.Yp郁@[\0 FD_D\Z<gB?ґJJAe*:Sm8}NN?u]郁@[\0 FD_Dcb``	\"F.P\0^l3G9}:\'7|亯z<woV=#N5O_~}z뭷?GOOπ:}M6y)Ssgk7rB&\0;~gx3Zڂ5Vxa̙Ӓ%K\\rI`>lٺuZ7;On_5jTp#L&mѫ?#O;#8}˿[GͿK#>&ж/^U{v7N;gΜm.!3x;X!8 ඨRv5\nեs?`O4ӧK/487wA6\r~z衁x?OԱ袋qtp\r?<o}+cg[9rw_6\Z=ztev[~̘1BA.g˥pg>!s\\[9յn~sRwn~`\rdsf=SX~M}Y-~E7{!Hk\Z>$&f\\F_]ug}_@7w哘!!:*gjn#ǃu$UaG9[E@GkA]Ԟ$Z;27Q&XB}YgNfŝ9&M-߈kQ!Z+E56v	-ErʉPr1`cԨxɓcjsxyu^%(.;hݽ+G0f#^wu_|1X\'~HTh;ip-:-*\nr\0T:%Ku|Zﾁ^ݣvn	&@5V\0n@\r$\Z{m\Z~An}q~X\\.}V\\V-c=j`<@ڮK]e^;;7\Z-Hs^n\\ȾD}~Dĕ)s/|mS7ף]v?~|sx8\0L[h_ӦMצ99̍ۇsL 1cǎ\rֳ6V(_]Ue&4WDmXmgq٫ٳ~1g9T*u{sv9VMn[ξ\nY}/ng_v6}vޟS>ޟ\'ّsw[[Aooo}ny/gp	;Ϙ1㽉\"ph\r\"\\9#˃:8A1>?B	x?%G\0(*,V<GuT3-UGEsl?79r,	z\\sM,.nu|GM\r9~	/B&ERm>6&8[K~`VE$Odo=]_QV,q>S9~UY\Z}$\ZK]}Rbvi\rMVD]}xmAqW|GO\"	~);/D/ݧzr3=G\Z3CLe>^K&P#tlv\'#?}݄`3t(~DzQlO	53	3S.!QbDUuHt.>+QVDZI<QD\\[Iܕ+}6-ϕ,1}Ue%;}Mzdrcju\nEiӯ8^tCBXZn8\0ay.vHp4\ZPM]/~gO;{ҝ8y6l=ֽ:-ξ6ֿ!2!s[Jg=Ζmkjፚ͚y{?Yy\rυ|zx#g0g\'NpW?J};>߻0ݡqgg7>\07	r磦Nvr/[pv>ʑ%y2O`o$%I2AN]zd;<{K\"\"ysBm`hNeDM7BfQht\\;Pq\ZtiZun/Ƚ{΍tu^ڭ7:t|-z:sn?5αsսN\niu|vSt}9^:pgsL<-w9]նk~{]^^Y7Njjn;^Xͫ򊰍_v}-^SoR[kֽ^8Q?@\'=QDx-~:~iχ}/H~76r\r(~뷳?8{7Fu\nC%ò{8,ፐ{þG{ԯzo?rvmXߪeu]I؇//Y߭muᠯvvi>v65j+sn+Ranڣ^x≻ɏT?۾<z%FmA 9\"[#x޼yI?\"D/oTȮO|	l\'*HY͸nbn_r:VtRH\rEʂ&<>lwzv?qms?K5Jzj`]3][N(\"x$6hucƢ/7064IDU /\"S@o+!n\"\'E(_)ź.ǆIXM@Wp%aTp\r.LZ57$:;*_FK,нR͚@P^nbTDZ7q$B7r7*oP\n?0)\":i|)gB19Odz%t#W~KG_9|F\0{	)A9YN5Br|aA^=fZ>H	SfO:~j gNb9\rJWKmSNj~tE0P<|#k*?wu\\	nXq(9apŭP3~/Oo-/͖$Ѕ >	SܱS1_h>anuI݀X,Xmn7U13a.QZ^n8§lN~iIaܘ	7g$#\'q49ś4tN\0Է\Z,_bDBӧOnڄ77n$\ZrWgq	[?C݈P\nMBm{(ܞַCR/;s1u\r^_}{(@i}txqmxCa[zT7Baa|1_ݶ3ߑ_i?tޠR,APc}(|2E#`Rr<jkUZ&)ScWBl)|\noƍo~ngm7|i\\SC};Ûi3򹾟hSW_g?à77ٍ2?n7[|Ｗa}DC\'y=ItGJ%!i)nX.}=.Ey˥HMul0BvTbf׊k9&FO˘Ȭkڬ\rc-K61ͨ_\r]B0\'Pڦ9kJD\"PhyHƼIwt^H5gK`vMPrpi$KA!A`t$s̄\09qN0x}*@wRD\\\rYnY+|\"p.O^gvCxeۍ?K?>-	,ZJoJU~LOSe]V|[tJEDY>G`<\Zk\\ʴO`t\"L\Z@m׭Vq3P|nͶmy)r7n^hPx{n79|jb`vg(nO,c͖Jnv3,FT\r{&Q\\O)I$>^zҏ	h}i%?\"XBju|RLhYh !X˳f*+FHItCkEv]oRQ[zT@{w1\"r`[\Z:g7R>^-\n9uՓ\'8C.!r\n!x2NP^ȸ*0=8E#mDx7<sf\ZNEs&\'*-QDb\Z*-:O;G#5i/(9SS#\'T70T3Ѧw,WvHg.+}W:H2	th{~z^=^ݶZ?*&볮̸]̧?{2s:{mXٯ;{XV51\\(@/Vk=6x-x0~^Q֏Y	#ms9W*KQT42RKDmSz-Wk\ZH:^KkVf*r͸F>Ihyݜ`W`p?]v\Z&E{H:e:%.Rox0ZBkAy}&NO˩NXdq#5&P6!ntwwZMjhnI9ԃZE\nm\'Һ,%UץM/L\\i\'qR鎼x	zD^ŷǱf.Yw]4Dt2rW)*L/tsٞd_\\-.Lgѹt>]%e;{CConP\r܎tnn\'sҹE7Ya;{Ydoǲ$׾͸jDߞLwx}iגJ\" ʽL[\'e	E)킉KZ|$bKMKX5):A\\ȯ&\rh8ߊ`{7Qdqv3фh}&\")RjovC*\"EJe	3\"8ߘ}3fL9t;Q&P#aZB)	ƠڀW3YH	l>G\'ˡ<!\'ځ&6C`\"r#cˁD@%lww^EA&hg\Z`i0o](D !QA)\'Q^JYc\Z[GWi&1\Z!]*2Dv759-l-\n[/5.6Bw&J\r}vͲ%̙&:K<6t{3g/; >JvrYwEw>(f>\r@5U~F\'SoeJKIMW*e&@OF*(xgROHG#&*#E=^͸F-5/*u^ H7֥5[Ɖr<	ƷSlшd/G%2(WN(Bx=gnAk:O\0&y6):1L=&ozŏhND[Z#]sM\rki\"f\"nhnI9XjUL=X]V*T+u]8}`ffm+:}]⢈ڛ4w\"}=O^~߾LJ®\\.3%iJՓћ=_m7V\0}\rA4ro}.aW&\nq0,{s\nǓ.juM̄O	\ZJ\0ovwXl}$\\i}Mh^VI,\'ֵjd6}E7\rK7f FCj}=bdK͸GsA47\nXEզiEMXquyFB@9AFKk4k5OQ	, f/e*L@KsBl:{^J&JVdn(n/ܵHcO0v-DkMt0eL۬GBA;c\rv5Rǎ?hm-¤ZXmpW3\nC1A\\[]J\0kra	>S=M`3GU`ztL9HXYhS?4(N#Tb˔jyk\"jWo|Go BOvrJl{=yEA6l׎\nEYqy}r\nD݂pf8sBBQ׏vahB5\"Nqyve&~w===U[܄r\'ފ`?uME[[U*4J\Z)fljCzbfzL96դFVd.5?\n! Qw\rS8\"T~IqG}lr4?ِ9P<Rn^E^wzrg/E[ra\nnGo.)\" WA~Lz2}ly܎\'KYA*FL[jQeC|1<&\n=򔖚rjr)׭($)c6̶QipGk&~-p^͎;6Dw&Bl;\\b)V+kI;A=l]VJC%4!/\rZlN\r\\|&(1/!X9XR)?TjٜQr\nD\'ȧ,۷(+x >(_0l:|TWbrY=ُJDܼC+s;O%+C3طP}qժFGRDC-`Co}q@*E\0jYFdvSY>/ri:mgѢE/gXT|ϟ{l-A*:]5r{\rd9mp[fuE>ӓȗm5EQGbʔ)sr=BA[J@D(Kh,\"Nc¬	1Q +҄[ݑ?c#FDp}]fQ(]EZJM֙ά0q[\r#^z+W$JaQmp;M^uAX9ܙ^2\ZEn\r!ji\"-ϴ]sZzLչH^p/-fR=.=B{/W)Xuvv<`[G㙸L[[_?:R)cRGh1c0@1&疬Kh<!XEhD- O˽Gm Bk _/.\\gDVGJDC-s:Mx~?=Gڵ--˯e]\r(JTCaE\"qu䋨Y{ײ93~woB~3k֬Gi0Bp=Y_ՍI+2ɩ^]욦Ä	mZ=bꫯ.\"ZB0ȃj#\ZvB&疫Kh<!=s/:[vm(^+7z\'^#X09qzD҄`߉A\0~hE!xP\\G1p?\"rmٿ#g\\?묳kriT>~2D$Mm.Yv%x+i_lR]{&-Hf[L\"\'n(q܍ҸϹ S@6cM^-U\"D[\rr,dHÄeؠA~G2n?cO~H\09u!\0~E4`-/D|\0	/\Z1\r*J7K	x:\rl\"QNm(\"1v)o/Tkh0Rףzk#QW*W)z\'|r1s9ZB0q69L=SQؠ(\rtWޢqYūG)}̓\'!CIj;[Q@\08.>_$61T»!A7#[ci=-tHC{GvR]&4z@V>HٸڗRړQ9 Spp8}\"u	#B1LxiD8Sl|EcR=E+-wyZ.c]veż|1NC#!!_ȉĆ11bΜ9%דCinʵͥޖnbԨQL[c0ʫ9\'\nJ\'1s,\\b)ǦTDQ<FBu	!Bȹg\ng6Wid{{M\Zgw蕟/}E+/<1i/:z<T@ptف̢mD\\Xioo֍u\'\0WKG\'-p_ͪ=(/jYsDsFk=/]͔үp=BA[mT禮Khף<\"\Z}0mn#@|eڬE3b(L`Af<`=7m]B0/\0~`D4`F[\0 m-¤8\\D\\sex9q0>:@[-\0m\rPe>}0}0h@hh#P7a8}\0@L1 B03\r8}/\0`>6HD\0`NJ9n\0`>6HD\0`NJ9n\0`>6HD@آ8V9n\0`>6HD0(p2o.\\]5U6+Vn߭hSn>>\0imhA\nX!8FHHg.+tv^;ew)]z	[#յduf6l7;cYnRwteW9vOn龃8qp\0>-`\rb(L*cg.ZR{r;{s?,W\\ؙ~s}ҙK}Jm(\"ֶ՛9\'v`ܑ^ǽ#ν|(_]K2;ә`ktK,}I#1[\"P^\'Ba8}\0@LYI[hA6CaRQ9n	+a3ZX|3YaaYMkᷙ E(7x.\re~j]p6hJ6?`K\\{o%JK]=8}8}\0@0ih1&ű^ZӕxZf{WjavOӊLgRAmO 7 g:ҹjWt_s;]	K#!Xi\nƅ͞϶sՓ~K*	}{۾9qp\0>-`\rb(L*casn!UC!oncW$vfT 6L STEj}$J\rbW4rXc	,̈́@`z]$Q3\01`F[\0 m-¤8)i/-yܳzrjBR5زnIŠ\r|H*6+ѵ\'7/t{2{r9}s2Wony]!%{T^N_tx]ط@0%:@VtҾK6app\0>-` m6CaRQ> B7,XEv\'~+Lp9	vvڞכM%ZZ~H~3ٲ :g/Y=ُZJ EO\'8qp\0>-`\rb(L*cBmn*ĭ+AUۛlG:;K_	dnܽATp \'pk[D ń\"v)D$g56#K5)]0a]?9}TZ[RZh_%Zs\0}0FL[h@\rPTJ{ӕ\ZS\'AW)}%Bkw0zUߢМΤ\ZD&2+~?:L2 qoQ0YNN\0c\0A ZIEq8}N\0m\0A6&Aa\"qCdp~眾͜\01#ihI	3\rCʚ5k^۰aW+=Y	c?\0m6&@=s0dٓ߼9|}}}/:;7 mM9)zaq$7}PPz,qS?͠7hA@\0\0`1\0\0@mW@=s\0\0\0\0\0\0\0\0& 3\r\0\0\0\0\0\0\0P+h\rR@=s\0\0\0\0\0\0\0\0& 3\r\0\0\0\0\0\0\0P+h\rR@=s\0\0\0\0\0\0\0\0& 3\r\0\0\0\0\0\0\0P+h\rR@=s\0\0\0\0\0\0\0\0& 3\r\0\0\0\0\0\0\0P+h\rR@=s\0\0\0\0\0\0\0\0& 3\r\0\0\0\0\0\0\0P+h\rR@=s\0\0\0\0\0\0\0\0& 3\r\0\0\0\0\0\0\0P+h\rR@=s\0\0\0\0\0\0\0\0& 3\r\0\0\0\0\0\0\0P+h\rR@=s\0\0\0\0\0\0\0\0& 3\r\0\0\0\0\0\0\0P+h\rR@=s\0\0\0\0\0\0\0\0& 3\r\0\0\0\0\0\0\0P+h\rR@=s\0\0\0\0\0\0\0\0& 3\r\0\0\0\0\0\0\0P+h\rR@=s\0\0\0\0\0\0\0\0& 3\r\0\0\0\0\0\0\0P+h\rR@=s\0\0\0\0\0\0\0\0& 3\r\0\0\0\0\0\0\0P+h\rR@=s\0\0\0\0\0\0\0\0& ٬km\0{z\0\0\0\0\0\0\0\04)&9\\N L&8g	\0\0\0\0\0\0\0Ahlrvwp	v좞\'\0\0\0\0\0\0\0\0jMA\nɅqT*53z\0\0\0\0\0\0\0\0h\rR^Q%r>H40L?\0\0\0\0\0\0\00x$\Z0[@*,g	\0\0\0\0\0\0\0MA\n**LA4pL\0\0\0\0\0\0\04)?匝E=O\0\0@>矿c&ɯ^\Za˯YWΦqF\0\0\0I@!x3!K40L?\0\0B\"ڵk6lȿ;67Y	\0\0\0&Aa\"q㤤\'\0\0P$0\"p݈^iJ\0\0I\'tB0fHtt.hzt\0C=D1wY	\0\0P<ēN样MGu<uL\0P`c\0\0\05N<Lazt$߹PSt\0\0#o^?S}_LB0\0\0@N<Lazt$߹PSt\0\0C/oz?>w\\\0\0\Zůk)̲ۦ#i΅:n:\0kKO}+Vqb\0\0PB0O: #Hc`\0\0L[ӹ)L\0\0\0~\rB09h!`!\0ULO^XRw\\0\0\04_ÓN5栅`:c`\0\0``L\0\0\0~\rB09h!`!\0UL*oR\"J)EJ)JD\n\n;!!Fhfb$  *PDDAqgZD\"R@T\"vy}nv|wf{=<wCj3)L\0\0\0ů7~\rB0\'sB0\rI`!\0]Lܾe0\0\0 c5h4$B0\040{y0\0\0L\'k9iH/S\0\0:`=tUz>\0\0tkx	!9n!B0e\0жB?m{~\0\0tkx	!9n!B0e\0Ў|Ƿϴ\r}&\0\0 ~\rB0\'sB0\rI`!\0L>}-E`7mmf\0\00`t¯Ad[!)L#\0ɀi(`0\0\0LG!\'k9iH/S\0\04`\ZIP[\0\0\0̓N5q4$)c`\060Uvb\0\00U\Zt¯Ad[!)L#\0	c\0\0P\'k9iH/S\0\0&\0\0~\rB0\'sB0\rI`!\0\0!c\0\0_ dqB0\0\0&\0\0\0~\r_&!c\0\00L\0\0\05B0 cB0\0\0&\0\0\0~\r~\r% cB0\0\0&;\0\0\0ADF)c\Z]\0\0Lw\0\0\0__Dq@\0\0@L\0\0\05~\rB0\'!ƅ2F\0\0@L\0\0\05~\rB0B0\r	B0\0	c\0\0_ #cB0\0\0&\0\0\0~\r_&!c\0\00L\0\0\055h!c\0\00`\0\0\0\Z\ZK@1`\0QD?8믿cT*]w;cp|GsO#<wx_~~=C~\'~kZ2oK,rxlo;z*&\0\0\0`h!c\0\0$\'IcoLu^_nn)O?3;bg~֭[wtt\'D骫⋳m|?\\sohGH\\;3{-;j{Phn&3`\0\0@FA`!C\0_:#YHgy/y?(r*WB\"ao7E\rTv߿e?Z^y?p.X\"!{g#yoo֙}[ouPЬ(co]x/~!<0`\0\0S)w߻꫇HDFO+V?s3sE7auݔw}?4wy<H!\0Lw$٣<!F/]O{X[^`ܹs38͂~^{A/VZJΧp!%\\\"~\r`	(}$F?|OBe]67|sv~{w}7&\0\0qh6I\'|\nRgP?E7߱>A<	R3%/NvmL˗gMw_WڭxiB0B0!\0L}u8BX\n\Z)v(!x`E=<W2m$3_pi0A=f\Ziwql{Lm<@(^[,=w(\"uvmlSLh;F\0\01tR|f%*#@G$R+7vJSG X^ziU2Zm]wGO7瞮+kƌ#<!cB0FgIsa\r)QH7\r*JM&^[C7=1? sqXZT\Z=%+#Z͛Kv18ܔBԋGƃ8FWDG;,*3sfc{g͞1f5{7fNI[fe	_gf=j=lS~bf?6\rh~`߷}f߳זߵ;f6.;;eM;̾auj[\Z^eͬOQ^W47ֿl/`_f_0ٵ޿\ZlYmy٧>avq[^iv_n._bˋmy-?fvj^[eվW_my/~ϵGαٶ<˖fm2}~-?`{Klt[_l]il}fr^[?cfmyىf	\\[cl[zjHʶ|ukѶ~ϲ#mJ[flml<Ж{3$n:m&{oo[k[ʶs\'\Zlryw[f?vw7m}gl}OlNmo믱o7gΜ?mm}[mW+;5kVm#<eRk^l-ϟ3g7L!x\\O:IԔO+fP>v=>ƳrcG4\"/k|[E\Z}*I\'``DB`$\0\0\Z0rG+2E <묳8gWo_T6 iPDإKf+^~ТbFO!ABoy(V9iS\nP;#o\r\\Vc폢qF߽@D(Q$N͛7%$XI%1K-\\l |m+!L1d$I<?\rB$mn$I%Ip\'ObD={l} +PBDA\r%J,hh3xE	%6Jt(>;\\I	A<FDL5m#/3K(*qT\"+\'AT=E\"V~j`J\rbm%JĵA=Coz?( K(>G±d%.Kdl+JBtWA(/\r}p[dƯBgx~Mhn Sjvs$A \rÍ;ow	7	7t{n<nF(ܜM7,~n`4x$x,x<\0E!.$UikDpCM߇0υ2np5ܬ7kk_}<?AW)J}\"~=w,O\"_ifk֬ɢ{uY\0YOb0ESNY/I=-y	!!x#Y4*A2w3y@CQ(^||lK!7\0Ka>P]\rދ\rAȁ&uQ6z4~̳&A@\0\0F@\r`KB܌ %a5!X3C}\r4Ǹ \'8h&Pba$)V\"S}ȧG~ZJ|-Moɿha;\Znpfro֌)ؾHf\ZGiO\"5XX\\\nO)<	h=W_ZpzHSPD<QWl	>`y{El6åD(\Z`#z4* 7fG讐WQ=P\rr\n:^坉O(<~>ۨјx6?4ՠ\Z!\0yH(B$~!btZ>R08|}33f\Z8G\rτ!IO)	[4\"٠%--\\dq\Z=嶓±~$R4ľP)o^@FKEДLXG$VIR(;\0\0i6-.݈MG>EoV-ɓHBx	*Bn^oum%N!Ӻǿ/m5}O\'+m\'.`\r|FIh}	t.w$⪂KSsAX	U:>PQeF <;;F@\r0=xԌ/qM\ZZlY]U{	`BterT3E]|\0B0\0L2Dp\"QD#\rQFghBM!!f]xTBOC$7㵊\"DE	u(/	&|gs(+xc^D.;fqw)%4 >T7O,^:X=\"s=0EđS6Tt~&W7h3SL\0\0\0<VnN.L^˓H ?~s	j	p[cu}Qx=.?hό\'\'Q$\n僛RW`:q-h%2jTyuW++睋K}C]gm#hw\"Ow_48oh0\\=*=E(}}Ouͤ((`\0,#	Zãzt~xT;<yqxK1oG\Z9r:>\Zr/r$~!3 D~(<1<zhxvO=«~&Kzts0;\0\0	PV7Ǜ\Z\"OGI$ω&Xw~Wh.ӹ8\"XtSMw_i%O:!#O,UbHEX;E񌌥0Qۚ5bj$h52-	=7~ESCDⱸRJ,9dSE k1qGGc\0hҐQA@=4LrbX?\0 G`01σ\0 ~);Ä,Gx0k$(oj\\\'\0\0\0&ȯi\Z1`O\rj:\'4F;XJ$d#(0Z.X`(-&) 5.w!xiLz[\\\\y\ZO:!#өW\0WEz#\r8\nJj٪ҕ`*flh>Ϛ\rjL<g_ I26RBf;Eb:-}UhkUw&\0uxۛ=낿fT*e\0G(5A-TǄT\r	\ZR!|/Fe4úfM(L>r{0cx5Lز4Lք5F_Th(!4~oM̡K-C폧K#|O\n_*B0\0\0b~M0\Z`qD3	=uzߣ;A8\ZBM@H\"+Ec]͋r(ͮ:}v:PE(Bt;JFϺ>t)_*%bQ~z^b:Mf4Rkf0[0w%$̔\"L200	I49de&/fara4	qaR4M&KL]♞hsԻeףt(\Z}7\"yNakvycaR~Rf\0\0\0`5㊎ўjժlO^C	z%NZ]$Bp\Z8y~Y	]l&{\Z-(k=9T\"L=EدH-ZWuE-	N(V9@\0Z3o޼m+$4M-eU\'ٲӖly-?fOz[Ȝ-hl!]Sf?3J`E[~ʖ_lla˽7̙3m^J0`\ZvBZ\r~s㕢||2\\z2=9%nȪ/>}^+wޗ><\0\0\0\'NM@7k\'!ɶ<׮$oll.$jࡊ]\nWd\"]Κ\r3U-S)E)F\"3k{\rv0˦?~Q*hj,7`<\'\'KEg/*H4Mߨmy-	<ՖgX?^+ͮ5Y]gٯ̞3{	1FϚ]jҖmy-grVGG[mfۗ?kg͚(!T(sKMR.y?Һhy٬m_/S,2O!\0\0_3vjJ>o#FsimiIc8u|\n-\Z`qUd,*>vm\Z\r5$Rcq?UV9o<\Z(Ńx)F\'Ew@Rsmf?+\\_.:1cFvyGVBյ NP@`\\g~E\\!Mݒ$ǖ([o/mU̖Mf_7O֙=_1 +A>!ć/ZTI>W$$G|<E}.\"}Һ\"yuc4?H qJMn,^xpE1r!Y\0\0~~Tz_Mrߑ?s}Vsw	kA]B]fw~)%#@`cpG,M.^uGG<<I[mؖmy-/2[̾mc~t	!mc!]!!Bڅe!\r1tJWJ۠\rJ@\0BH\'F\'\rj|=\n.\rxٺ:E7=|>Wu8=%C\0\0PLf*>Ɗ8no|8`k!s#dh\"0MfmfϞJv[3Iwr-ϴ并\\c˫ly-̾eG~>ms̾aBτ	V	ϖ	*aB Mi4MV\"]㙐_\'S+M#t%2>*IWEjk\Z4i2\\m\'أ{b;\0\0N:蠖&_úǕW^ٿf͚Fw|~#B0сLMvsWΞ=O$J7.]Gr-r-ɖU[^nklۯv[kˇP5[Ko	woE}\0߀4	i}\"6\r\'kF.qUo^S;% +BRC\0\0\0<UvO:~ɟ~/SR+VG- ##\"cS̙3r5Jϒ$;Mmy-Skt[v_my-?m/)VQ!!!ܾ{U=7D.QQ~_(`ES<\0=`\Z넴8?~)/opl]h\r\']|{?;\0\0\0Lŧb!XQn`u<g\ZPk	1**l7!~-/0jfwoopې!-!/^.s*\00`X66`=69!83kkfs\n\0\0SjO;5^<Ay=^yZ_H<sV*i$IbCly-O婶<ڏ]ivfwgٯYuf?1n-/*[moז([d}lg~Ewwf\n\00LeH#7>\0\0kNqT=w,Yr;E+̈́´~嗯\'( ##!cӡ_0k֬>\\.-V[Jd-Oma[f56{4{l\'mi~ߖߴly[~ܖm϶-O<[gy-Je\'ۗ??h\0!c\0\00S<B9/4krw޹G^+:Ʃٶ\\5R/P=Nm-h˻lY-?flLiN:wr-J\rsrRZ]\0`!\0\0~\rB0B0M2N$Z\02`\0\0k94.qAXi-\00\0\0`5L`\ZʸB\0>\0\0\0~\r_Dq-\\.oAk	\0@Ȁ	\0\0\0ïAd\"ӸP7oKh-\00\0\0`5L`\ZʸBGyh-\00\0\0`5L`\ZʸBSryKZK\0\0@L\0\0\05~\rB0\'!ƅ2.hi߳fڊ\0>\0\0\0~\r_DqrJZK\0\0@L\0\0\05~\rB0\'!ƅ2.J5%\0\0} &\0\0\0\Z!LBWs羚\0>\0\0\0~\r_Dq+KtZK\0\0@L\0\0\05~\rB0\'!ƅ2.9s1%\0\0} &\0\0\0\Z!LBW~\\.\0>\0\0\0~\r_Dq+?fZZK\0\0@L\0\0\05~\rB0\'!ƅ2.h\\ށ\0>\0\0\0~\r_Dq+َ\0\0\0\0\0k0\Z`NVQ=cstt VZTv\099i\0\0\0)9k>OP=c~\\.Lk	\00rs\0\0\0 S #s2z[n׿/~GEZL}}}A0cV*Z\0b4\0\0\0A^<(mNvߥXw4X1SYܿ1L10kr%\0~Χ?l4\0\0!ȋ\'9e[kGI\0v>\rfΜB\0\0@BO:Mm:L`qiW\0\0@$[N}rF\0\0\0ڛ\"yz9V=$I\\\0\0탵שvg\0\0\0eɤ(+?4}#W\0\0@۴oh`$I\0\0\0\0cz8%e\\`lٳ+\0\0mbأ\0\0\0遲dRP\\q$I+\0\0-\r4=3\0\0\0遲d}AqQRE%IT*{q\0\0E_wS38!\0\0\0`L\'2.q;I\0\0\n޷&W0\0\0\00ʎIAqQRWwI\n\0\0(|{P\"\nL\0\0\0cz8m]P\\q[Jo\0\0\0\0\0\0kd}AqQR>o\0\0@\0\0\0_\'2.q#M\0\0\0\0\0\0kd}AqQR>wtt\0\0@\0\0\0_\'2.q5\0\0@\0\0\0_\'2.*iq\0W\0\0\0}\0\0\0\0~\rPv̶/(.Jʸ0\0\0@\0\0\0_\'2.q4=+\0\0\0\0\0\0(;Nf%e\\T4ZGG\\\0\0}\0\0\0\05@q2۾()i\0\0@\0\0\0_\'2.*I|R+\0\0\0\0\0\0(;Nf%e\\1Iø\0\0\0\0\0\0kd}AqQR>/\0\0@\0\0\0_\'2.qߐ$\\\0\0}\0\0\0\05@q2۾()f\0\0\0\0\0\0kd}AqQRE%I4=+\0\0\0\0\0\0(;Nf%e\\6Ic\0\0\0\0\0\0kd}AqQRE%IK8\0\0\0>\0\0\0\0\Z8m_P\\qQIsI\0\0\0\0\0\0kd}AqQR>Ϙ%\\\0\0}\0\0\0\05@q2۾()թ\0\0@\0\0\0_\'2.qʬ\0\0@\0\0\0_\'2.q\"M\0\0\0\0\0\0kd}AqQRE%Mӏ\'I2+\0\0\0\0\0\0(;Nf%e\\lW\0\0\0}\0\0\0\0~\rPv̶/(.Jʸizy$\n\0\0\0\0\0ʎEI/5;+\0\0\0\0\0\0(;Nf%e\\\\\0\0}\0\0\0\05@q2۾()㢒$Ʌi+\0\0\0\0\0\0(;Nf%e\\)\\\0\0}\0\0\0\05@q2۾()㢒$ɚ4Mp\0\0\0\0\0\0el⢤|ܽI\0\0@\0\0\0_\'2.qWr\0\0\0\0\0\0el⢤J$Y\0\0@\0\0\0_\'2.q0\n\0\0\0\0\0ʎEI$IOt\0\0\0>\0\0\0\0\Z8m_P\\qQI$I\0\0@\0\0\0_\'2.*I|4Mp\0\0\0\0\0\0el⢤J$?p\0\0\0\0\0\0el⢤|}+\0\0\0\0\0\0(;Nf%e\\>C\\\0\0}\0\0\0\05@q2۾()͖q\0\0\0\0\0\0el⢤|f˹\0\0\0\0\0\0kd}AqQRE%IL,\0\0\0>\0\0\0\0\Z8m_P\\qC\0\0@\0\0\0_\'2.q\0\0\0>\0\0\0\0\Z8m_P\\qQI;p\0\0\0\0\0\0el⢤|K\n\0\0\0\0\0ʎEI$Iޟy\\\0\0}\0\0\0\05@q2۾()㢒I\0\0@\0\0\0_\'2.*I,N_\0\0\0\0\0\0kd}AqQRE%M$IVr\0\0\0\0\0\0el⢤|ͪ\\\0\0}\0\0\0\05@q2۾()㢒$ɩv\\\0\0}\0\0\0\05@q2۾()Vs\0\0\0\0\0\0el⢤J$c+\0\0\0\0\0\0(;Nf%e\\T4}O$r\0\0\0\0\0\0el⢤|6+\0\0\0\0\0\0(;Nf%e\\T4=9IK\0\0\0\0\0\0kd}AqQR>.\n\0\0\0\0\0ʎEI]\0\0@\0\0\0_\'2.*IM\\\0\0}\0\0\0\05@q2۾()\0\0\0\0\0\0kd}AqQRE%Ii~+\0\0\0\0\0\0(;Nf%e\\TRÎj\0\0\0>\0\0\0\0\Z8m_P\\q;1W\0\0\0}\0\0\0\0~\rPv̶/(.JʸiaY\0\0\0>\0\0\0\0\Z8m_P\\qfp\0\0\0\0\0\0el⢤J$ڱ_\0\0@\0\0\0_\'2.*i$u\\\0\0}\0\0\0\05@q2۾()㢒$Qv_\n\0\0\0\0\0ʎEI4ML\\\0\0}{/ݍn1\0\0\0Sv0%O&B0Pƅ8;\0\0}_g6qp8z;S?+ۦs[X}OվE<gơܗzjvib1Yu4}u\\mp>@_oڒj}k;-ZUwc\0\0\0`L\'2.*If~#W\0\0@}O3AwEm=KZOmf/\0S;Wbkgo}>v;h]ٲtfӘ=(>HhjcH|L0~_tmWo{9\0\01=Pvm}22izM\\\0\0ou߫;{ji&\0{$v_xIgocy}m*DfB[~Nb؁t{m?w%V~\":.E/^ݷ%.g=+)#6Nc\0\0(;Nf%e\\T$yW\0\0ڳHP/AWBjzfH]eD;uGv%JUڻ$fs(C/F/j?[K\"\"[;EKUJ?Wɲ	bwI\0\0\0`L\'q88Mӯq\0\0o\'1sJVDmgqjJ!7z{g^oωK\"D[Ef!\\4}3X\"jS8i@$TwW\'jem	\0\0\01=Pv9@O4=Ȏ\0\0О}R7(%&\\Sn&V\'d9)TQzk(T+7K%a%J8]S;_^pݍc)	̽}gN~gU}x7r8Մwv^{\\\0\0\0遲dRP\\qaxku\0\0<JluVo~{Eflq@Z0Q\\N(M,J&bB4{^[X邱bs%YZ9;&VU}\"N<\\ȅ|\0\0\0\0@q2ۼ()㢒vp\0\09hT>Q\\T\'rU԰֕AQahjnW^_m+!Vbpm$\Z_XIr&>,ZշDc\n	JUU-;U}{A{}>^\0\0\00ʎنEIg\n\0\0hϾO5,-tl=@z%L\n0n%Dӷ{}	TYqo/+BX=rvBÚY\0\0\0`L\'qߎ\\\0\0}\0\0\0\05@q2۾()ߚ\0\0@\0\0\0_\'2.*IŎ\0\0\0>\0\0\0\0\Z8m_P\\qQT*c-\0\0\0>\0\0\0\0\Z8m_P\\qfwq\0\0\0\0\0\0el⢤JRy\\\0\0}\0\0\0\0ćA~0F>)\'X2_}+\0\0\0\0\0`0z$ILr2)((ʎ\0\0\0>\0\0\0i4|̙3_Y\'dRP+Pg$I\n\0\0\0\0\0F~̛[	i\'dRP+P9$Î{\\\0\0}\0\0\0\0̗i+.I9\nqi~cfwwfs[Lqww7Z:W4^\nj\0\0\0\0LI_f\\\'dRP+P-Ht7;ڦZ88[mhuiS?+ۦZ-\\\\{oke_6Ε62}?\r_/su~+n{lU}>}wΛ\r/8ƙN\r\0>\0\0\0G$\rO\np22.DZ}hUv\"};{jN۝^_&v$3m\'U4ꭝuEJ0^S?\'{۶ߔ lj}q.FⴞvVktܺcmߊ\nX-8٫\0\0}\0\0\0\0tL(7|RN&űe܂Jgv?nVfpo8AI;{76Z=z@HlYXoO^oI )Wt͐0kD7lz7[k;|_$4/^ݷ.ZΖx bUϧ\0\0}\0\0\0i\\Dr29V I7رGϲT|	QM	=$J ^\\CQhjmNS;7ۦV^X*kMcEe]桷LGJ|.\Z\Zw&,O51 X7TsWSAԖHV$D\"}\\o~kZ׾5lڵev<0@\0lT5PBX2rOZ}.!T%*GT-sѻzkR,6RIH(\\mY4p$f))V>%~NEu?^E QD7n lgQ/6;Cu^n\'m\"[n]\\``Pg`nr2)(.JJPTvci23Z	JK,oof)jVm򡧱4K%<S3~Oε8t Woh2\\UoFWo~{gOcvZA`+٣]E+,A7^S;D!jxEm͙(};rLMA``Pg`nr2)(.JJP.ԎfysL&1h8fo˂8rf[Q{3-k\0N\"ZO&Wߏ\'du?o; N|2,EE+{:fh}\r\ru\nhF>)\'⢤	g;G{Į*%)7VB\"x3qqҢB	YpqB6IR7YN,#t=	ѝ=/d!rx=ѸOD}}uvԖK\"x#H8[Sj@E?}mm0m0Pg30UF7ZI9%u}fߗߚY\r^Qy!ol,=@~_fSm+Y,8DȬhD^n׹)W1n)ۯōt@_?~߇3ӺIc@}@LO¨_@Osk\nkfO=X}_]/={G\r663h!-/|R``9ings\0f`߀}@LAFq(ڱ?o|J}u:ů_h~r22.\0s}q5g8j8|@@@7Z_L`@RڎW\\8|phi:Qg_/>)\'!2.({U$Or53Mg8j8|@@\0B0Oyx\Z0{Wر+\0=p>Q>\r\ru_B\'d\"e\\\0vOq5_>vo}7/𮿽pphi:C/nPI9@#<evOs𵲇jgO}u:QB\'d\"e\\\0KԞ}o|lû>Q>\r\ruڠ~qODxsa؎Y\0=c?#`L}u:B\'d\"e<?+\0/v|`Mh[?>``PgB07Z_L`B\\܎\\8|#qpphi:QgDF?ݛٱ/3l$NPm0m0Pg307Z_L`9Ԭ?,)i^`\r\rh663-/N&B08=i2,)K(Ç?uPBBd\"C<pa\0نe\\زT8|\0m0u\0LAqo81e	8|m0m0Pg3@¨_1iġC)cp0>``PgQc9w8pZGIEY\0?m0FL3@~ SP84nOSÇ1`63~aE9G{OMd˸pp\0hi1`F=!X\'vัOSÇ@Ou:/ sQN M&##Pƛ,\'w\0\r\ru_!!r\n\r{t$B6D,=;a8|m0m0Pg0~ sh&<ߥ\',_`vBX@\r\ru:C¨_1G\Z3\Z!xZ T PVBh=\0>h663~a/`ccKq,[Rc*r51 n>hiii:CFBF%{8>X1mv\rϘʲ٠~(16ٞ8|m0m0Pg3@¨_Iܷex& N\0NT;GtsYT0lrle{-rt=\\|Ń_?yw޹gO?};ɶg]wqǐC\'8qTaO=Tޗ?wO=ԍQo=`iڨK|}ꫯtM\'8;k֬iNXso}uCn36Uje#9״[ttttlpu`~łFO#3ZRd6w̮E;[od-if\\B0\"B0qC?sNFBay#+&2h;ǃ\0<h4<*Āъ\0#* h觏ç$w^v]H$g?ۿg°&z{{yl}~Ⴣ\rh#֭@g?Y&P~W]uU˖\'|r5\\3(*;zk>awl]vM`탎]Bx^\\{x}1;|o6{b\0\0=IDATlGk]C	NjNYV[emoֻhpY{#<?K6wq\nf#mSF=ܓ?.lyc\rn:ׁ{]3o}3蚒ב|ͮ#<rDBhL{{hL_VQcn\\x݉94hvMy=\">{.~%Kl-hn.K <o̙/f8G:+JMeiy!xX`eJl\"@˲j5	^!NK9L\ZH_9iz-E^gbDLv߿u9Z^y?p.YЋ_,_K,qZ;gu֠(σΣUNgr\0K!Rmhi6O\"C6%~uJm>wڼګ|ƬMUׁ1e~PG7=lvVJ\Zm*6=C8b]7~]I\0`	U.Z<4\Zw_##3M݄om\r?3fZp{(L1|b4QrO)Dx`iD}a\\E^y:\Zh2nB0ྵ4=tD%;![8l#(wK	mRd>g_֚i]=l_=;\r籖e31GZ1 \npzH}Prʆb!e	9蠃i]KmpÅ\nw	!/߷K/4[lm8S48g)DQl\'-w=;\rnF+5?uH?7x{oxFgt_Ԯ7a,.y{u!{m	삁x68uFa6$Xғ@Xu6\"/jWCHs鿼h٪(yo/]͏?nHԸ@7*JN\\`P0F^\0ćrHVsl;k\'HnE}nU\\<Q7Z\0!xӉܞ¡pfS~ƻ;D>̮OUf}52{NקdM8^ϲׇuttlvpٷj4\'Zq[lp\"QWn8K\rٙ%6\'/X!ٌJ7k\\S[Ζ4gĀ\0i͢hp\'FNb﮻9Irj$N87e+!XΙ@w4@`J9>jwu_a<藠>~Cr?h\"OE>cS\'	۠HT\rnfvE%\r%.ФvNzOv^\r>ꨣu_q;yЊ(^|`\ZXRӣ\\0qk,mObH\"vqOkNס|:a~GJ(nhWOgɤ40?&oҗt=!Xב\\|\"/.z缎,LFHT7\r}$F7˻Iqߩve	тv	ȜؗI8LtkT*;]$	zLDZ[;EJk}d=I\"^{o/,1g{|.>n˫%&KT6Z1!{s_9an\n!`#<Rԡ\"E;pq|$؏aIlH\r4(=Flw|sq789ZLQ4肇h.<K@р|SVT|3莨ŏ\r1°a`o$\Z}g7u=v5N!AK\"w{Nuw6Kr?Kф>0oXm׸ibj,mj)DE@m.@8=mpL\0..p8\"fq+1xuͣ%H>I*\rE)<W=	\'/IsُmLTuBoe0zx۾UAW χ\0υ OD?_`\"B[^`ڬjW\0#iSku{#{m!x^/HޣVC0׻	\nNia4;^%[?\\^foSw%JO0?~kSTdWlڣ\\.nޟ7\'fϞ\'̙3珥][Kǘ5kVmf[h|ݽx`];J.\"x2D$jz,ib:\\yarhaרiEt7FDqr:J|e9CE5M~Wrf B`z$6$޺#N f4Br@A\\t`\n\nrC9e>rOf±_<#)	\rq3/M4zpu嗯\'dz\'Z}Oу>)g)_O1\'܊rM3MhpcQK.l)jM@_El\n\0sSyu\nM4\\o%=GKHmh.z	pBpu-&S~poHj:b#-/:vlUgl\\I	(Tt.%`JAUo)^\04ӝ~UT©lwV%\0rªDjn	{m}r%\0%	iSk-ga#z[Z\r	u-AN\ngC\n/)Kvkf 38;z{ $<H4dm߶~w47Z	/tSd(!XOk ~L9~z:uy.>dm-hMs\\g:$!bTin?{фx/ˑв,Cdm*A;@ܹ;ڈ`9J\0MR[Ε+*`^?ǩpjm{ZE8$ ˁ(b[rzqd<Zϐ.S|j]\"{	/AeLZ~P}jתv6fg<m[QX>H|iqC?=0/růߗsEnȼN7h:emx%NRg_4yvm7rһM>VP+7W&*@Dã}</=\nq(P㜍|i.tOGZŀqGp޼y/QdMUD\0l6khĀe\rpz9|}`$&C?zj89aqDz9|(\\wf;7PGwLukI\ZRj2:|o6oT3Ċ\'y7\ZȪR\Z*niV)ޯkuz	~#Ͽ<1cwSM4G)z\"mp\rR.XOo\Zk⬼X5:~n=/?;=OҬ^\n)a&o	ߣ~5t:rAU-ӯͱL7Y\"qBQV=i1NK@Ac6{cfuG&˲!>0Q6wPtKv-nixlxlAkन.\'nLcYQtj1=ܝR9gEw*zLSpX>\rvU7<n.|J(#8nX$*^(IOBOߓ<RtM8㌬oq~ѴwnP@\\H2STĘ%^\r%	oF[g).T)EL<whqTr+C,Epƀ+XYRD7:】N7\"$Z*d<jX}O4.L`E`l3x`h`r84F1lUQlYGƶvt6x[m0uzCH\r|R-V	]:ߛ\0C_~R)|S	\'ht3=i0Y7Z.!X#*1p0Z1DP?u:/E6MXD Q\0Cs)KRH=!+rwd}գ[u]y}~2A\\?օRHiq-\r\'QUUݰIhɾK-&j8\'Ƭ.˷*7*u\'!s2)\r G3h1A,AHD0ߣ,q6y]=J幾<ou尌.k֬Yw4OOF<zp.P65^8q:qMO<rJPmS?\"=;0H?jB+ݰ1hɼ}1rwkGH-[K<VU7Fn]mj==u5qcF,FD	OwuD{vOB_D04G+2/K\rB(e÷MR[#R4X,GPC9$^B{9x!M<dLi\"0Gt4{G/Zhuʶ驯<VrqlѪ=OYm}q>增ک]k\Zd[_?{f\rm?%bյپt=?po>}|\\&iV\r90uf~D_4i~GR9l)Y^|/[irG=Ox7GMkM493I17f4^\'k67M78(ј>	}!A<0e9R(K	,wBp+\'lvk\Z7\">Y3AwEm=KZZ{:WݾvD kπxj}vi,xPo4fDjH~_tr&y6{0`\r}-o+ؤe<AD&E7j`7Ԯk]y݌1\\:3RbuX7$6k`O	3{}}㪫Cb3u>&ƌ\"ߪzOiv\'pS$_^tAttt/]>	}!F@\0o`9q [n0b viw09rcl_=hIUDP!BL<[ΞZ	j	W4^Xڪj@\0]ω#|]t`V޶[Kk{k~sA`]],X:WËz\')Y$1,1s{.S\\>x_jUNO^ĹO=L&71!&R_1׺,	H\Z}EK+`gs/x,/!mƌ3)Z҅f}gM\"3ԯ3\"=7yF	7}\"B0>#% BA9>`9snm(^m+7|!skp%}t!Xvg,brHP/AWBozfH]e;uGv%JU[{!6G)#z򿷨V\0n|q0\Z~ѠcEK|΢{k}	J51 29Y&\"hizDp)D`)j*M(E_MO<q0Jv\"d\n#+&ZwE{گXdih7WX1.jbISW:C쀏ɺ	)/̢#!\n$QqQT?扏#hhLD,9|r<W)惴Ruç!j?\'Rߗ\"AbjL-֔*Bo&ٕ詟m*rZ\"xC*i߿IEg	q,6=!yƞ؎6x`o{=z<xjRxۺ	]gWLֵ.VbQn`1V|?,pOycZE~m1zĻ:=-!\ZW~f)YOӝ>#%Au\rx䈹G8JEQzD2~w}LGfVTADMR7(uفj,^:%*JxQoYj}rf$X	ǃlO|-{m[xax93qzh3 ?h\\;7N!a}?LW!Xl)s8q(ƃqYUgFWL浮mq.S7~OV\ZwZ1޺\ZOQ=H-}t1({6^u@l.Is1<})\'/\"C[o6{hNe	#5\rJѤf<9rL1/=9{V_9eZ,]lkE$s`728bWmT.Jm\"\Z/+x B(.\'J&qo@]H$h,Up_VvXU}b}ѷ~V|\\\'OYAQ7Jyn~`:3\Zbu-{,Yvg$JH[&wS^XP1&zLtP6edܘi#XRjqsofI9H\Z:%XœCJ2gvӄ\rx_k8wʔw/\n֣hcbwy\'\"&B $*O&W܄~5	+Q86NAv~Ql%&_XIp&*~.Zշh\n	JAP3۷U}{z}>^?L!gooy5ww\"DיZw!,/*ZQ~GJT*ٶ\\cQzJ\'RQ}~:k2>&ƌ놢5yEȱt,S,[>	}!\nMh\"!,q5[ݲQq=%&bDsO\n0n&T{~NBgvRP1xc4־+\"5]EnZMjEE3ZdկvcF7=4H,j]s_k;D8yI<6}!I@dHY@LP\nwcƣ_L\nd#e	8|m0m0Pg3@¨_P\\MD(be˔%mrSg0~!s2)(hN\\		p`Z*Nm0FL3/k\'-LN\0\0@\0~I CA;wə\0>\0hi:CFB@roo3a8|\0@LP0B0JO9Ç\0m0m0Pg3@¨_hP\\!Ϭ̙\0>\0hi:CFB@$Vq&h\'\0\0``PgQ$BVLN\0\0@\0~I CqX\0>\0hi:CFB@q@r&h\'\0\0``PgQ$Bi~3A;8|\0u:/&Ž7gvbtwwo6?[~vE%~Zύp\0663uQ9<_ǘ}3ѾDg6qp8zͶ꩟mS_-qז{Z.շ[S_ص{I^oo}Ex;oE7l\Zgӷ;\0@3/ɤ`p&ڳXoL]QA=KZNmf/\\vڹfoxc%j}Ɩ]S]	Ƌzdqo}^pֱplj}qznYҾ-^sMmEK`DDh>\0hi:Qg_}!cvgډ{ugO-zOWqq%v6ombkw ]ebѪ=A%Xv_7C7N?}um\'ūv%.=8|\0uP0B0\'j{4=9IK8Ndt%*6f{H@Zq%gQڜ,v\\+/i,P۵eDaU}]Na x g=O!1 D7TtrWSAԖHVm>\0hi:Qg_!IA I5l\'$J\0ֺZЪe.zSoWo]JEކ`fxH,\Z8-KIr/yv\"l[Mi&ƍlfgH.zj5cϘ@@L c0]$IVr&گD,ڶ~\"o%*=DVAݛ\rl}ZѸYʇ,Jt6=M:W;~Ё3.rW߾]=kE$G9}%KЍ#4bv\Z^QA\"r&V+xe%R\\d֮]O<59|\Z@T-hAdRP0$I>ʙhv#t;w`6MDŊP&~(N{x۽~SF5ͅ%zZMBH멝ڧѹ~^/e,}omrGr-/~;Mi0;i\0``Pg`n s2)(엙}3^G*߯RB{\"{m%*7a{\'-/\0EW\'d)ׯ~/\n΢q=yQ8K1ao(WߑSBm\"%oMJMXOwqO `\n0CCJZE0\Z9-XC*UEYAmYJ*uQV;\riŢc%U&Ɛ\niֹM}O<<}[;{|7Y]7^h<:GUQ93hF X1(V:_oRrƅߚ[-dߧ߲\\.@6}m\\[8+qc8tU,dU.+~c,kb/mG\0\0L⍖a$Xb:PB*a\0\0\0\0LbH@W\\(..	\0\0\0n$TϫV	\0\0\0n$TϫT<\0\0\0-ĐӁ*yuGc\\	\0\0\0n$TϫlJ\'\0\0\0\0%b:PUVwM*a\0\0\0\0LbH@WZwllOU<\0\0\0-ĐӁ*z>9::zJ\'\0\0\0\0%b:PU^	\0\0\0n$TϫƸH%\0\0\0\0ݒII1RW4y\0\0\0[2!)Up^#0O\0\0\0\0tK&1$tJ}^=>66*a\0\0\0\0LbH@zvddT<\0\0\0-ĐӁ*y5;220O\0\0\0\0tK&1$tJ}^=?22*a\0\0\0\0LbH@:=22F0O\0\0\0\0tK&1$tJ}^yJ\'\0\0\0\0%bs<\0\0\0b	\0\0\0d	\'\0\0\0I(&`\0\0\0\0\nN&y\0\0\0(8b	\0\0\0d	\'\0\0\0I(&`\0\0\0\0\nN&y\0\0\0(8b	\0\0\0d	\'\0\0\0I(&`\0\0\0\0\nN&y\0\0\0(8b	\0\0\0d	\'\0\0\0I(&`\0\0\0\0\nN&y\0\0\0(8b	\0\0\0d	\'\0\0\0I(&`\0\0\0\0\nN&y\0\0\0(8b	\0\0\0d	\'\0\0\0I(&`\0\0\0\0\nN&y\0\0\0(8b	\0\0\0d	\'\0\0\0I(&`\0\0\0\0\nN&y\0\0\0(8b	\0\0\0d	\'\0\0\0I(&`\0\0\0\0\nN&y\0\0\0(8b	\0\0\0d	\'\0\0\0I(&`\0\0\0\0\nN&y\0\0\0(8b	\0\0\0d	\'\0\0\0I(&`\0\0\0\0\nN&y\0\0\0(8b	\0\0\0d	\'\0\0\0I(&`\0\0\0\0\nN&y\0\0\0(8b	\0\0\0d	\'\0\0\0I(&`\0\0\0\0\nN&y\0\0\0(8b	\0\0\0d	\'\0\0\0I(&`\0\0\0\0\nN&y\0\0\0(8b	\0\0\0d	\'\0\0\0I(&`\0\0\0\0\nN&y\0\0\0(8b	\0\0\0d	\'\0\0\0I(&``$ySO=szzݛLNN\Z<|?*g2\0L]UH?\Z\'N$?555uR_\n\0@&b	*V,\nMhcJ}e+\0\0	\'غhWW\0\02	0OWh]VP_\n\0@&b	~;<#S7#ۄL+\0@&yuəސǽ[-4	W\n\0\0b	ֱvGyYXcGvV+}\0LB1Y;ce`	V+}\0LB1X;ɿnX}&J_\0 PL`}	c^Xa<R\'X\0\0 M1	6+g*U|VGnlX}&J_\0cN5b%>qWRX=qZVqI`W\0\0tG0t^Մ[7P9X=?hr?޸-4	W\n\0R`\0\rޅ{jh\'w,6!\n}\0\0\")`ܰ]8ﺕK[K/%O_o	V+}\0@yO)^\0MU]VJ34V+}\0@\'|JyphZ~(T\\ZV/>@˖aU61XV+}\0@|Jyp8]iXZ*FJ_\0><`lsą%,jgV1\nVJ_+\0\0Sʃ	y\0&&d+%,6ʆI`\0]>zrYcl[ڏDV!B_+\0\0^oVo6ƾ8bqqh<V	8cE04V+\0`FGG/xnI҈jq+$X\Zt;$X\0\0$u\Z*aU]^\0ylaov=N`%B_+\0\0^O̯]s7oޜLLL$;wL9&sssI8sLrOqW_}u@xOyީ-vC^+K@`%B_+\0\0idd.Ɏ;Ҡ/br=$^{0Zl|ݨMyY=!#X\0\02ȇ7pC/]Q{Ӎq/!*ݯw\".$\n}\0\0藥+cqeff&ٲeK>V>ɼ x6((\n}\0\0=BdbO?82s	V0\\HraV+}\0@jڅJAtM0x^op$*`(v/N.\n}\0\0UZ^x!?ܭDE%Ʌ\r;}^9\n}\0\0eY;>>:ӟt]\"tn\'ApCN`%B_+\0\0zQvga;o}+Ct}CApgpV+}\0@b_Z6͛ǏzO淇89>>RA0Fl7ApgX	W\n\0nUZNLL$kk]RA0Ƅ5_mptDy$X\0\0ݾ\0vΝky.\Z;(^\0;XCm^^矨X<tJ`W\0\0tqq/,ί,spMgw=CApgG+J_\0mGggg,~lv]xGIЯ=za#\n}\0\0o5Ϝ9w,spOw?\nd{y$X\0\0ݾy	?pahJEnu|gp>caaF\0{jzƍ_=lEYlEG~_%^zi(ԧ>%vJϗC-<\'L;g?K=Gy$}_|1y/~El<Ӌ|?g֭-Gߣ{sXSq.}]t~z?Od_u\'qwܑ~]w%{\0\0=;.\r\"t=]G0]GV\\|iY{Mޞ={?%\\sM:>4\rկ<x09qB4::(ޱcG;EZ<&ܹs!^>GSvӧ@YaY<x\Z|gg?tU/e{Mn܊;}yOo۶-}|yk~-GO|r}M۷oaÆԩS`\0uq۾xVa6jL^ZyXۏ =YgQUPoxj!\\pA\ZV8p -dҕb-\rUsNޖ|n2B_\'>l}[ǿMoJ{Pׯ}kMW-k<׫^8u^	UCceo#Ωws;BJnoP8?G#^;OϷ~{^+X޽[\0N_6ۖ=.ٹwD{ 8Qyԏ_GUB1YVfE[Hm?ҕGcUb|_#ZDe>BXXɭ\\<s=>hrYχLa/W}b||<>;> sN$7FśGLv_]϶5\0X׿z,X x˖- JG(^VgSlrϠ>5^iEp@q[|E79[/LPeQ*>z_~E]o|#}ge!mݖ\\J_uJl/~1\r{wo}9Es՛ x}iDX=Çb[?}\06oZ6l^XG(nWwg?O<Eb_гte#V2V_\0+x؃4|؇8}=bq|{\"878n馛vUJ_ew˟F`\ZVUNv$\\%5{-*ek\0+Ow߽AALbep4t\0G=\ru*o|=v*{kˇOآq_h0Հ_cox\'O.bcY\\3W#!Vt.jE?*8\"%VVrNN`\0\"233D~~)wDBv/ i܏ԱXe!o~avq1:X\\Lm(e!\'?^@+B#u]>:}\"O}#ۇ7>ٹ^O* +`\0u/nϳ0{Y o\\.G(N$4df5fVǟapUqۻtb>رc+]02r1}pW\'ǈ\"_赯N:S\\rBod*D`\Z7tXߊe>J  ?WE\00c3<3o	JZ}#YapAp7Nckl߿?9sJ_t*\nť?E巔ҋE0+kbҽ?txL0p:VZf_{|-VWϯn6O+x}W:;･\0\0VG,W^bP<hK#\0^NXm4[<!W+\0022Zv\"gBgΜH\\ ^sDA	X+C_\0j8o\\ӢA,Y	gdd*Xvׅ\nL`%B_+\0\0^ojsYXw{\ngff[`!0\n:v\'X\0\06::zYV;n\'&&[tKo߾tp`e톻6ؤd%X\0\0PϫjGɗ?argYG8F_7+.ЙtvqV+\0`Pbn^X:QVw5UsVDV+\0`6oZWE,\r}%#X\0\0e||f\\z}u[Z5ߠj\0V#X\0\0\0G	TZLA	V+}\0\0\0%(\n}\0\0\0\0\nN`%B_+\0\0\0X	W\n\0\0\0V+\0\0\0(8\n}\0\0\0\0\nN`%B_+\0\0\0X	W\n\0\0\0V+\0\0\0(8\n}\0\0\0\0\nN`%B_+\0\0\0X	W\n\0\0\0V+\0\0\0(8\n}\0\0\0\0\nN`%B_+\0\0\0X	W\n\0\0\0V+\0\0\0({\nϘ|Y}\0\0\0W>ǅE`cJ}e+\0\0\0z7-4ZVMMM=W:+\0\0\0\0njjɇӱ#J_\n\0\0\0\0\0\0\0\0\0\0\0\0\0\0\0\0\0\0\0\0\0\0\0\0\0\0\0\0\0\0\0\0\0\0\0\0\0\0\0\0\0\0\0\0\0\0\0\0\0\0\0|ⴒ#^\0\0\0\0IENDB`',1),('1775008',1,'D:\\apache-tomcat-7.0.54-windows-x64\\apache-tomcat-7.0.54\\wtpwebapps\\process\\WEB-INF\\classes\\deployments\\changeProcess.changeProcess.png','1775001','PNG\r\n\Z\n\0\0\0\rIHDR\0\0m\0\0+\0\0\0\n\0\0Z4IDATx՝?Ըkcg]bt%Ɖ/=E\0bTb(JX	\Z/QWtXE*^QD!b|Nijzazfy5Ug|9\0\0\0\0\0\0\0\0\0\0\0\0\0\0\0\0\0\0\0\0\0\0\0\0\0\0\0\0\0\0\0\0\0\0\0\0\0\0\0\0\0\0\0\0\0\0\0\0\0\0\0\0\0\0\0\0\0\0\0\0\0\0\0\0\0\0\0\0\0\0\0\0\0\0\0\0\0\0\0\0\0\0\0\0\0\0\0\0\0A^{+V5J-t,YO(\0\0Hؖ.]\Z_>O(]lذ!XxFH\0\0(ÆuiqdѢE/s\0\0tr%tb3t\0\0N?!6]^t\0\0n\"m~]3/6^mR\0\0@Hۦ=).kR^C6\0\0\0(i{G	+o\01B\0\0\0ϊJ^C6\0\0\0(i[hJQik\0\0\0Hi\0\0m6-&mz\r1B\0\0\0mͲ9EM!FH\0\0\0m\\|ͻFsz\r1B\0\0\0Mw66=!m\0\0\0P*\\߼k<#\r\0\0\0:Xtǃ/k(:MqW\r\0\0\0:J>8X&O\n+ZGuC\0\0\0`Jֲkdݐ6\0\0\0(iۖZKY7D	i\0\0 m+l JH\0\0\0\0i mE2eʗΝөS4i҆QF}ZUU<ؖ#F|zu]7+Gj\r\0\0i m6mک\'O!Cfd-xᇃ>X~}7JO3g76#{R\0\0Hivk\'N\\uR\Z>`ٲeW^QFsE\rV\06\n12iҤ\\pgwqGGmg	}:rȇ0\0\0FAڠ\\~.ϟ} N>`ܹ>m#n_\06\nmѣGUڋ{Cۡ8\0\0FAڠKT6#<d\0\06\n@4mժU~Qf\0 m\r/M:TWWyh\0\0Hiqm-k׮|ߏ\0\0FAڠt_4v\r	\0\0Atk*ݹ΍9۶H۟\0Q6(_nM\\|ſ3#\0\0Hi,pi[F)\0@1sѶ\"mHtr&MA7hVXj#\0\0@EyޱH]QF}#.5yu&?\0})eސ6\r:9UUU\n6G\0\0,m[Tސ6\r@c/6\0-yS)҆XBP(S6\r:92mÆ\ro3\r\0 L3\rpܚ{͞3&L(;cy\'ls=Y6+8qfܹkf҅mYf}nٲe-~7n6֯:Ǐ-n駟Æ\rkD> 8l1J*\nyZi\\qzKeR#\0\0m&ؚJzJ|Ey睃x 8/s=SO=5x衇Is=TTTL&w~M7,zK~sNu/^lEH\"<0۷]V׿sofr/6l?p+az;̊sǨ꫶6md>_urϩi:m?xI\\k\0\0l-}PlK$bժUV7xc.%sJ(~7oiR%ӧO`\n\r7`QQMQ/_>)iSwXz}7ްZL<Ek]wsPL^z)^+W6^:y۹:-V\'x,]~}=if̝;wi:\\Fr#\0\06\'Q䋘DW^9]uU9A6N1%wNNd+(/ e&_~no+$紿QHj_$RNEӲ&iTjYݽ4_~N:~M2mZVS=cH[w.y7w5t?>G\0\0ڇm6	BTz=IHi|$u4ޒ޽{ۢ{3ϴN|T\\׬ƹQ#Qko+!sJgqFp=cwyg{}w߽i%̗%-x9\'m\ZDI[O龍Ad˂\"mݜ	&ᩧ0i3gJsx	\06H \r9zhD&R7iI,f̘aEl̙9rY6uUJ@6}DϏ.K\"UWh8u}?ʲ9TYtiPYYi׉vϏf$U$\'=zTn%Q+?ki\\~9x裏>3\r\0cM٥[oՊe&ۮGL*Ф	DO92\'Km<&b6-;ɞ&=5	OE *6AˮU],ON>n+U\'e %îNR;IӸ6r\Z559s{~\r\0\0J#Ӧ,[hF5__]n|%dGqV346K]nYe>4,L$ИeH\Z\Z\Zl4˴,2?iӚi(	an_4#Whuڠ	#F8墋.T\rcGsϭ}Db\0\0+mn\\=vۭ_h2RTvJ%	JM0(mA*YrƁ\Z˿fgLi&DPG2f*n[7\"S*<u+;^l?8,$H9?>ݤ~nъy\0ȴ);,XjL:d]\\VEE]Mҥ5VKY2IqYnWe4KQHts^Kue\rnBt<^~B\Z\nFO|\Zl\Z˦lTrD,)%\ZGY%M7N\rt?;>|}߯\0JGڊ+|waDjCn?\'a\Zj\0A\'C39[o}\'1l%\0Q61fQ*}7>ne=4KT\0Q6h<mݟ/Ns}Fٵ_,Q\0\0A;\"25Ŕ7G3f,d2|#*i7n|wŊtwKTҝp.\0\0FA`gގ\rn))AX֙ܔkuw%\n\0Q6\0\0\0@(H\0\0\0FA\0\0\0\0i m\0\0\0!m\0\0\0PBȔ m\r\0\0q3%oᏴ!m\0\0\0P)eސ6\r\0\0\0JKr!mH\0\0\0E3o6Eڐ6\0%Bt m\0Zڨ\0(ѓg<P^^SiC\06\0Ғ&@ڐ6\0\r\04me\riC\0\0i҈C3kH\0H\0tB6\r\0i\0@(H\0\0Q6\0\r\06\n\0 m\r\0i\0fRbӵf#mq m\0Ydɺ#7]]F^H@\0N|ꩧwt\rSH@\0`~,ZuiSW.];E˗6\0\r\0\0\0\0 >\0A\0\0@P\0\0 >\0A\0\0\0@P\0\0 >\0A\0\0\0@P\0\0\03\0\0\0\0@P\0\0\03\0\0\0\0\0\03\0\0\0\0\0\03\0\0\0\0\0\0 >\0A\0\0\0\0 >\0A\0\0\0@P\0\0 >\0A\0\0\0@P\0\0 >\0\0\0\0@P\0\0\03\0\0\0\0@P\0\0\03\0\0\0\0\0\03\0\0\0\0\0\0 >\0A\0\0\0\0 >\0A\0\0\0\0 >\0A\0\0\0@P\0\0 >\0A\0\0\0@P\0\0\03\0\0\0\0@P\0\0\03\0\0\0\0\0\0\03\0\0\0\0\0\03\0\0\0\0\0\0 >\0A\0\0\0\0 >\0A\0\0\0@P\0\0 >\0A\0\0\0@P\0\0 >\0A\0(SܿK˯gzvcߡ}r[拭1\">\0\0JCO!=кz!3H3bނIH\ZW3d95+j3$S7]2q4q]m2s+̢ڐ\ZYېUXԦ[onblHw>j]m[[QtKzEKuvuK	߫^w6>!w}jsR:g-z6\0H\0\'\\P-?kLe*u~u23A\"\'qmR;+u`u2=]ݐJD3eV5/sl}5,\'Ly\r\"Sj*1A Y6dnxHY4llξmD2rjw7\na*3\0 m\0*$ 53}@7RrVtIrSx%7fHe-KRx=f}HbNv׶Ȗ2P%\'9{FI$i˽I\'I\n]WOe$o>[_徳HIEBZAKg&bkGeUV\0@eeβ[%\\`CjfIu^F$M3ID˭\'YR*5Z0+68g3cIzYɞ,GsאJܔ%xngub(YaP6ۍj||?YFk7NzM$>\0\0-d0#c2:ˎ2[ObdoqI6m%76{~\\}z$ Q\"cDu%F\rMP\'MdHY2c(OO\nVu}nI\ZtdL\\2}dPv!i;joz^.麂5ޯGK|\0\r\02{\ZIl72c\rҶHQJv\'f4~eg8	\r%65\"`IZlfȎ{}ץf\'Ǫ4 ӳBIWf]ҨbuƺY!4\\2$wDSߪ\'f|?#xg\0@\0(aWf]D,I:2*Qi7w6!27sI2nzO[Kl8ٓDIm)	fvFY/+r>ˮY9Lf&GǨk-%QY\\a5)z،-2\":.WGnwqR:3\0 m\0PV\\64+5f\"Y$#ZwD%]\ZOe4mI/uyVN:BNˎMK]N|iSwdtrB(p}\'폛$/F|d_RڮMÎ˻>[ݫ*\ZW{p.t)}\06\0f®~\ZDlF-}D]Mkg	WݤQN˶{U轣k\';$S~Ykmvݚ\rg.!RvFk(tN2͈Ί=N4k<vFtNeBL=HNeLDf6?#\ZG|\0\rJ zkX⯩T*Xhe`ɒ%2eG$\0\n\0-]4X~}\'P:lذ!XxF΍+[M|\0t!aCJF>Yhd\'d\'KfKe^时\03\0.Qtc],{DIZB3Igڍ\0$hLTR$h& doٔM,]M1%z\0\nЅ^{ƫmѲC6]L\r^PEUf}ErM	/1\nQ|.S >\0Amzomדy&E5d+Lc@vTBʚn4e\'w?Nn3\0Iۛ/>L\\yV;H-{c8\0@Pn(m/g~VT\ZV\Z+f3jY_4-7rյwHrP >\0A^45d+1m\rɺf]1&eX0w!qm~z]3L5Ӕ#UxV3\0QN{Ss#i4#h7i֨nu)w&]J!u2rVMMahS>kI<@M m\0%+m-ZL\Z~ m˹\0PҶfٜҦא-e\nJ!\0A\ZJZ6}>X]9l!m],&\ZY6\0@ڠMw66=h!m]4c\0\0i\'mͻFsz\rBں\ZF\"\0Ht*i~6].(mFƲF\0\0iҕ?֭I/<Ѻdݐ.6l\0AJֲkdݐn>\0@mW]W=ߖt%u\ZUڶ%R\rBںJ|6e3\0t-N2=Sf>54{SEW5u>HJoP5uWjrV8OڶW\\AMa(\0!˱}Gϐٛ@\'s[\\Q[96:ż~579{@=1dmtM}zb(to*~Vs{Ii#>7Ϧl@\09Gvm6<͟	Z9Of)&ɪ`>}w+Լ^\'i37bwO2<[Ql<^RgoGy6\ns@YԏN8,YƳՐN6]7=Ii2S%jkHRצ֕)ۦH+fw[Ohv6{S~v;6\n֝sqF`W&yʡ\"i:&zV\Z24V!	[2}Bu].>,_Wې\Zi?fl}۹uͶz=r^, mg2n\0݋Z\n̊X2bǟ9C7=uXu6%f9ңfҷ`Sר,ܩ[լ3]4I\rQcX\0:a@(zf.JMِ\'s=zn:wl-SdrwTFMݡckr;5dfڢ؉\n+ǲ5i@(H6!n\00 e}Nٮ\'W^^dz8O\"*w6Vx&hܘgӤ}z7@(H[76h7N\ZHޕރ>-\ZfډuGYi,f Z_\'S\\vTN2}]t{@(H[w;}\0B\\s\0iCڀ\01?H>\nHg\0h3.5h/\" ڎ\0Hg\09 gbAlK`Wb mH`;)P5Co.>c(\0iCڀ\0\n\ZCR6x_o\ri#>V|e[CkB7l](k)0\0ɤi#kg\0qa[dv3ɂyʬY\n>@:EdmM~_\Z\0J3 ~׆PtkC._VVQQqi/_g\0q̩P`hK@hկ1A}A1YC\0i+}i3mܔE/Isc\0v(_\n6N~>_g$lahʟLYo;m[ia0հKwb_2eyϛU<gʳ<cܔeS2ۥc)OxX(u7˿4|uX[:7yx)srҬSggǟks?3טiL5jS<^iOqy̬{Y5fyymGF2\"욺<Y>,5Uf7Cy\\|Yd3*++O5ly<Q?51yk1~,,N$kLYm5hn=ج{Y>pȐ!㗇f>K=\Z8psvi1bgCDCJOnv?0k:tL:VGǏ)j:Ǉ}):u\\5:u<2\\ǸwjԨmcS&&m?v5mrڪ)21>qSڔT]/~ƐgBo~ơ\rcԻazߔMŔOLkxBZ9|&gL-ɵ-}AA~ԇ\ryC	~L?$?/L|3B9<`{KPnsyLPB9\Z0\'Iԏb/	%:qq~dB)I(il*Jt8ì;3:I~\\x}([뷆?FwR)7Qz χB}<J?P>ʫ~2fղPvzڔ\nlM#ZCPc.A۠5{7h}lʧ|~䐥mIN/X1ߡ)wGu$)<n%Uw\'F7uځ)6$ggڔ$.lgta[=ϔ!~\nqST<*>F1BBƐ[txأ8w8/S6eNB:I|\Zল3=蘉0ݣPi{q+ؿ|`=l{hx`3\'&M裏|vi\Z5YIR#<bCȘT7t\0;60̩شBZiƿ:Bt|O8Gu$	TeeeSO=5;vlf͚ࠃ\njjjիWmVZ}7l~=^vX0k,螻O?W_Bi&[$|}/JGNDPЄ\"ܮ`ZжZypo͛7c{˃O>޲͝;ර~qg%e$_n{/x衇Z߶7xcQ<{M4)g}{g)\\]i\0ڟIm[\\ [oumyA}}}^1=/+{m_z+W,MfK/ǩS6[ooiƍk=XIAqg\0W>\0By{	zm<sGqDGjςI<H+nzu%Nڔs\"v773ΰ7m4\re_VX\0].?~^YS(0kř#@I?$Qn\\Meތ\nơ%]eΞ{9DNGkzd2M.?֯_?+zEʺ5m\0]70DFxk.Xl;C$~YgeC0k+̗6WOnǶI}ƦM<9\'yC)Z5}Ƶwo7\'>8/gb&]ti;cr\0x5\r$3f.ӧ0=˲Sꪫ_e@ܸ:eJ@|8Cdt	iSkȑ#7|Nysܺ*̗X8 7)A޻^d̙v-T,h;7fi#>`\0:T$I35$uF˲erkBo*ڵYT6Nh}mҵqr3IWNXUs⴮&&i#>>mMr.%mk@|\r=cP+tYi mg\0(UZB\'Hg\0([p%m@ڐ6 >@?l[x}6\r\0PgtiCڐ63\0x`  \0FAڈ\0Pa66\nF|ҦnSG[w۲ޘ{/A(HL62%ӳ#w|[[gk89\0BY͜jf/J̀rCz`m2}]!ݯ>569)4d&kBƼ>Uu~V25];񐋯[Os#m9o\"m{*FWrmŃ$=:aIH\ZhoM̯MN>sEm}漚dK4,6\'Ec}4NSې\ZYېUXԦ[onb1Qj\n@[9HU|1SLKIȅ@\rϼ~sga&+&4N2`tM}zb(.mm@}	.5VsrVHi/gq߅\'uTqX/?kM.\nTdfMc\rKԁXbq4Zq21<wO[[N?ȟ~2U~#goAuC\0-z&UqYPڌIlcdiutf\Z$zFtFg>}w+TR¬߼/,2KϨM6o\rLf9yЙ! mNZjfg(N8zVtIr\'udmO1\\=ojYB%?;L/2%:9|\\g_\"[O#3g[1\\NB%.\'N$}Mea?sb=Crg?jMMm}ji<I64r5\\wlM\0cw[5lN4= m\rgc8tCjfIu^&K$f8[OޏfCabs\Zzdt`ֻMuJ	z-Ck.Hܔ%xngub\nMd|؀tF͊-?iSV˝!ٳ8Lza8w=KHScUT=Vbt.Y@(H[o2%+Ya&1e)^/HVΘdqe\"/31MɲJ6nrݦ3ڦPW&IeɴwnS\'\Zt\ZmM\rNj 3Mpb1sfuUulkKvs3gg[G>.[gi%wVx\r\rQNSDQf踴-q7S%	3.[ͰMi8b%{<\"QwLM oHn	m[O\no)oe]Ҩ1+5;5lLw\Z\Z*ېtfIf&Dp4	 :sCih-P،-9sEt mKvlDYU1W㋳{,˛9NBp[I`dKO\"S욕df@5+T#u-!+6CkjvBdLoٴvJ̎Rȿ>BWEcfS;`v[Hi`0m/CBݒ١#lFNcږR/WIx2֑vZvlZrz&KbxtrB(p}/폛$Qu\Z.q{\\gKʎ>KʞEEɦW9ѳgmz(Yv9[ݡ,Ъi& (.3ծ=HiJx|}lͨ	z>o{RN*Sܵ<3m7i$kfkvjr9Qv*([/g3g;uk7Z@995#6;+\0m mHVjY#nGQ\0FAJ;>/7vl;vU\0FA rR\\\0i@ڐ6(}D+hnegJ\0!mЎxDee婹Zxww5;	Ld2\0!mСy?|x)e=&[7\0H\0҆A)KoRYYmL- m\0H}Bץ4=G\r m\0;T*,Nl3]UEoО|\0;K,Y~zڵkieafܻ=&n0qm~#ˁPS\0H@N|ꩧw8u\\M)rT?oϽ|ͰMjH_]eoW\06vÈE=9l{\rԎ:㾇E2Vy)P\0ӆsK!f_CM\0\0cMLF N15cQ\0]R\n3j\06]#qbdj\06Qas6ƶA\\+|)5\0HfY6W̏ jK?ָ6j\06o7	[XSCh)5\0HY6ƶA%V5\0H-	3I!cm)	\0@\0b`{!5qyغ\0\0\r ަOM@ab_P\0ÿy{C|L%5\0H@TVVcQ7dlsl=HM\0\0Æ\r״?Q7aQj\06x~X3h5qSYYy\'	\0@\0b HozjDsl	\0@\0a=w	h|)K	\0@\0b H|ٴučyǺۢl5o\0\0!Czv65m=KkdwۘBm m\0}?v51[=&]@\0`;iGoR	@׵ mRK\0H\0lWM;z8}me!\0\r\0ʃM;_jb:	أИ6fS;\0Hж65\r& .76srЇihӎ^& NNF\0\0ih?vjbi+F\0\0ih#DPӎPy)S\0ĀyM;5q~s|}FM\0\0D̏+DiA^{+V5J-E1{cccdɒ?2#\0i(laLMKׯ>J\r6/ܹ\0H@H$7\"5QZ(Æ}h\"Nl\06ۿv(-%0N1<\0\rc<ӎ^&JBJJ@\0:4)m~]3/6^m m\0]i*jIۦ=).kR^C6\0\rko5m&ldi@\0eѳD瓶3?+*mz\rB\06.DeeM;ZIMt>i[hJQikt!<;ƴ	 m\0%Lee忚vD6-&mz\rB\06Ն|ҶfٜҦא-\r\0iBiG&:m\\|ͻFsz\rB\06Ն͔eD6WL m\0]~5	㏃5yרyN![H\0е,&:_PtL^H\0ЅN\"m[^x\'Euɺ!m\0H@	=EMm-F\ri@\003▦&J_ڶ%R\rB\06NM;JQ/m+l _H\0йMi&J_(H\0Ѝ}dӎ&6\n0bѯ	 m\0%M;ZHM m\r\0i(a<;ʹǩ	 m\0%Lee=FM m\r\0i(a\r0h5Q6\0\r}#nRHi@\0J\r\r4ji m\0H@	 &6\nv:˔FA\06M;z@(H\0Pm\\S&6\n0%|߿@(H\0Pa0>jsK$soܸ]駟nG}{ήK[ܯ_^+=]Ǐ[^`Anwvذa[H\0Prx7؈۽D甶e˖T*1cw_p[[f}yf;sLꫯzjp<HAs\'N}ކ\rzovp]ww\\pw:=}x \'fsz<}e|0׿ln=lYEz8{vaY{Nu- m\06ߴ{)moM6\"QR\"qJc[.Zv}w+qY,ׯh6KWZeo7ްB뮻ӧO-t¨Ĳ<\'\\N`ʕͲ{NeyI2m\0H@y^񶻨)mNVnEN\\-څER轢ORՉ\'hWMzofAis[Y$֫Wܺ|C7eѴn2m쳏ȕF=nvԩH\0Pab/\'mTQۊ\r7`EIt||\'*mʊ)O{.FZzM+Isݟb)+>ɟۧo	<5VMSH]g;)r>}Z}r:p$i@\0J\r\r5NjID/rK`)QNk-:iAݬz/}Uyǚ|~Q\'r\ZL&l}uvYY3<3ҥKʜ$F-;G\'AXN<%W:2m\0H@yNMtNix-ɇDu\rJJfU:i983u/r	nXQi%LY9ɜ7Wf$$/*^N}ً\nj4kWh[[z*>N<96\0\rSFMtNis]㷜9IkmM5 *aѬV4ӧ8;fLfʘKgofc4BZB磌*H\0PxwRS4_rG݁eDɍ06AOc\\>蠃l-*pQѲ!5N$teave\"[lnOɭ.{	3gzaJ6\0\r3L.X͸&i%7ͦ8QG2fZjj,&)Vku7u*z,2 *xzO))>h~Geե;wܜπE\06=ϻJh\n\0i\r\r|)7RHi@\0Jy\r֢ZuMh\\\\~X77N\"m\0H\0\r4zjiR2w7};$ȴ m\0J<ϻش	-RǤIѴ?ii@\0`%̡&8Mލfڴ	6yhӎ\Z	-Niu5mڴi:oZ}.ҋ m\0J|c-IM mqJV\n6\0\r\0Z[:ji\\J	Ƶkwi@\0`1Vcm65YtsYfYiӝN\0 m\0m8#n?&8Gv`R#n3	EԄ3<wK*M<<yrPYY}{\"m\0H\0܆ƛr-5Q6\0\r}Ǟ@(H\0Pmh)ө	 m\0%y\r5Q6\0\rOLFM m\r\0i(a<ϻRHi@\0J\r]iTji m\0H@	y޿5Q6\0\rdSPHi@\0J\rMQHi@\0J\r]m$ji m\0H@i@M m\r\0i(at]@(H\0Pm?M&6\n0neEM m\r\0i(äۏ	 m\0%F.&6\nv֔FA\06{7@(H\0Pmh)FA\06پPE*BJl6G%\0mޔDidɒuׯGJ]F^@\0:&Jt:}SO=ĩ2l7L9\0i6`m45QzQhѢg51U{X/#l\0H@I`maEM@ܔ41`\0Ԇ3v15q3|/k35\0H@<mzSFR7	\0@\0iCLAM@TVVc&\0\0i\rhEM\"[	\0@\0iC7r5q3dȐ^z\0\0\r 6t)?& nWͱ5\0H@yS7*5\0H@<mv#nQ7d9~GM\0\0F0?è	D\"q9^&\0\0i\riPjƜ|[	\0@\0b̏k5qSYYmWR\0ӆ6v8\0\0\r 6to& nas|5\0H@<m藦xñUnJ\0\0\r 6tMEEIZDM\0\0G~ñ\0 m\01`?͏9aG	\0@\0iCֳ	hc,SS\0ӆǕQߩ	\0@\0iC3	]JF&\0\0i\r=b@jFսm	\0@\0iC̏\0j)P\0ӆ~eñ5y\0 m\01yc?& n|e\0 m\0񴡅*5pBPm:j\06x~X<1v9fR\0ӆ~m~XO&	L&\0\0i[7&)5\0H@<mєSS&S\0ӆRHM@(y\0 m\0񴡌)ñ5]ڨ	\0@\0iCO5qc{7\0\0\r ߥ&s)c	\0@\0iCK}tWj\06xUTT&y(5\0H@<m7GM@ܘVΧ&\0\0i\r-7?R֝&\0\0i\r0/5pl	\0@\0iCO{w5qc|~sl%	\0@\0iCϘr45qc!#n	\0@\0iC++++MM@;[\r&\0\0i\r=gʷ	hck	\0@\0bVVV&scEEI\0 m\0UFܾIM@;[\060|UU7	h6\0\0i\r`j\Z\0؆V/ñ9!8\0\0\r 6agjB\"9f[cNv\0\0i\rl~X&ES^7eÿHm m\0a{%H5m+&onAFSS\0H\0l}eeGM@RCҶ,\0Aih[ZH$&m#\0H@ЫPFn* moe\0\rmD\"ujb#1Y\rf\0\0ih{ҬQ={R+\0\rH$JM@vlD΢F\0\0i\rє	Z`_\0ж6fQqu9WF\0i\r5Q3M	G\0\0\r 6!CzQ#\')T	\0 m\0moCtojb6\'jʴm@\0\0ih{zwС@M@;֞\0\r\0Zц\'	h#\"fuƸ m\0mhQmMȸ m\0І61H=5Ieˠv}\0@\0 lCWYY5m۱&\r\0iֵ ak{\0@\0]j/jZ&\0\rܓVV\\]d\06\06CNM@+	L9/|l\r19\0imhCqGM6\nۀxR-b!n\0H\0l\r%HFM@+MW\nq\n+\"3\r\0iǧvڮHĭ7X1n\0H\0iC$]	hAB\n۶\n[U\n@\r}:bĈ	NqښVآ\0\06y\"AM@aVa*&n;m9@\ruʔ);Q֒\r\0\r˵m)tMښ*$nm|qc\0н9$fcc;3&?0;|/E2%ӳܖbk>dLqn\0<Mf&SRNr.#-ٍkf/Y/i/$3|}Kg&3\'U\'S/m\\_]xѺ;w|w__9+_&kfmH*j\Z$nfOѺڶ>={_tuWjrק^:\'u]oNqd\Z m\0\0VN:cA_YSUC*QLϹdNdNFQݐ@Yo\'OTӶ_\n^\"k^wI/4Nf&f&5!3&`㯻C\"ykoΉ$+tNIff$[MO7wAf:-I4%t\rgCzg%*Yex.zNP2g0v\0\0;F~?Fbz:k$]l=zN:qYީGo;_Oϟp%f¯}]f*ʑ7s|l!3J$I[N\ZRk<@b2+t_O@ٙ>.:I2{ZGJf-!iԙmdQM7BhkU\0H\0@0Gg[z򍪱oK$(1bF|n++0>^]蜬5Q\'&}\r,ܑǟH۩ɠ2o&uMJK0Oo<n/qddqNf,Y<˲5EH%o߈1[/=J}RؐdQf5:߭~<enޙ0Nz֎@\0\0(B_FF:uwθruA\"±lͮfmؘd9ɪw{}eu.k֑$I4ޫgϞ\'OO8뒫HMSvOEd(\'mQO-i]Df6g>O:eՍ$vܺF2z(vI=0;ؤ\nEv#Q6\0\0Gܔ!3}*j7rqe%\'3U\Z6k\n^-R++0wy*?\'}}oۀ_gewNѣY*˛!*-קgO-=ɗJOݛžfKsi<U\"I\nun.[7u/g5ݷ m\0\0jur\"Ix3FtyLVnZYuآN5eFۥr2x{|tIk3LSxWT*2$2009:F-+wnKIƜi_Խi941plQ2ЬWы_0:JG m\0\0f8-31ԗ~x	gx/70+c*-\nDJ\ne75,}B(o_8ujuWwzu=zlr]Փpig6?/1^#;k|kӬ+_C]C+̄bݘӤl5~^.W\0\r\0\0e\\fuEfkn)%3&kY6S-ۧrٜ<:Xpzug*eK$e3E/\'t9I\n/ORxh`g+ӤjM2}22!F/NM$gº8!:6@\0\0`G@%lʸ(\0\0\0q3x\0\r\0\0{ͲȌHG&ں=\0 m\0\0n\r ix6Sv\0@\\687y@%5@wt.ND6\0\0h+uTW3{Ͷ]Md j\Z\0i\0[C*feMkgo@\06\0\0	],_܅nB]\0\0/m;	]^6rkV\0H\0@5TnEv\\[߸9u&]6a\0\r\0 ftPw%]HW҄ު@isn[+0\".zx[meL8\06\0N]zon<={}Ϳgu25l[[,sOhm+$ё&QHkң}Sh]m&ckf*\0\0(l%I7\\[*+\\2q_Vmx\'rM/2^#n<8=:Rmu23#B#\Zn,&fXէgϪ򹩛77MTF]|L!%t\rgCzL}?/\0i\0uHd4dz}4֗tIGd֟]ϜV2W\Zg-4zKfE>=+%mn}u~K,Pf.qH@<&g+\')^tX&iSfOh[W\0H\0\0l|Vbm2}Dgl}ے,eآcČV}١Mr,eײ3׌0kR+\'\0+Xٌޣ,[Cz^5F.d~{c_zٗp\"ƝS\0\0\0\\|\"ݜْ>A]nL9+|Ye¢c${;Hu9iY>++i^bGuƻu~u}nI\r%PdL<e1ԥS4M]Nb\'a\0\r\0\0J2>KI]Le%\'{0uSAidR*+ca.M.Ȯk+#>ffW\\~f??\"mߓ|9N{(X7+f_8\"\0l|ΎgKG*ӥC*K$_nZ>q-\'_ٙ9ѳP3k55nǘէkr5$ҍyQ~ƽiC)zl\0H\0@g{7;Ĵ=1mnLYt{p8u9f7n3+GlMjEώfrY\r~ϫ5{\"߫u%z]C(9Lp׿@\0\0$㳲MN}Efk$OdeE+}ɾGtczug*eg~J$e3ڇP&;s˓x5`\'\Z쇲Ԛde\0 m\0\0@|\0\0\0\0\0@|\0\0\0\0\0\0g\0 (\0\0\0\0\0g\0 (\0\0\0\n\0\0g\0 (\0\0\0\0\n\0\0g\0 (\0\0\0\0\n\0\0@|\0\0\0\0\n\0\0@|\0\0\0\0\0@|\0\0\0\0\0@|\0\0\0\0\0\0g\0 (\0\0\0\0\0g\0 (\0\0\0\0\n\0\0g\0 (\0\0\0\0\n\0\0g\0\0\0\0\0\n\0\0@|\0\0\0\0\n\0\0@|\0\0\0\0\0@|\0\0\0\0\0\0g\0 (\0\0\0\0\0g\0 (\0\0\0\0\0g\0 (\0\0\0\0Z\0(l<CM\0 m\0бhS>kI<@M\0 m\0A`aҶ\'\0@I!\0\0\r\0J\'\ZY6\0\0\r\0J+4X6\0\0\r\0J#ie\0@\0X\0\0\06l\0\0H\0y5%cʛyf̺Qk\0\0H\0 ***N\nǯmކ!D&*,7e88\0\0\r\0گk3beeߨU\0\0\r\0b5\n^|`ݺu͛駟ׯ~Ϸ\r:-4j\0\0i6H$ǫDk]we5|G?ߛ=XNm\0 m\0¶4*X&M?E{)R\0\0H\0q7ɰTk׮\r.첨m.\n\0\0H\0p[NVX\Znь\0\0 m\0F>ʰ\'0mڴ&w5O\0\0 m\06:-.b|E]0\0\0\0EЅsD:5<\0\0i\rz\']cG3s̨]\0\0i<4ݚJhuW_mrÇ\0\0\0[aҌΎ\"z]#Z>G\0\06֘Q3F[kqBB8u\0\0in9w1W^yäMׄd5W\0 m\0ݭ1DhG\ZckywAe\ri\0@\0mcvEw*(t<1+(kH\0\0iI(\n_;\02mi/\0\0\0\0PVci\0\0.m%={fޖ\"m\0\0\0]Ӧώd\Zoy[\0\0\0F.첨\0\0\0 BUUW;z<f\0\0\0@qmvG6#\0\0\0\0v\Z5j^cڵ6>\0\0\04~xIW_QC7\0\0\0\0Z mS]&2v	\0\0\0`iq}Q	۲e˚t2\0\0\0\06H$liiӦK\r>\0\0\0\0ۋyǚ*9۸qc]yF\0\0\0ZܵTm:Kt7~G\0\0\0\0BxMQZ{R]8Waˮ.Q\r\0\0\0 |?՛y3&{KYnܛ%i^&L5;KI\0\0\0\01lknSt6.\0\0\0Ў(\ZEcnN\0\0\0\0;Ç1v&>]\"`o07\0\0\0\0\0\0\0\0\0\0\0\0\0\0\0\0\0\0\0\0\0\0\0\0\0\0\0\0\0\0\0\0\0\0\0\0\0\0\0\0-\0\0\0\0IENDB`',1),('1775009',1,'D:\\apache-tomcat-7.0.54-windows-x64\\apache-tomcat-7.0.54\\wtpwebapps\\process\\WEB-INF\\classes\\deployments\\pm_process_bumenjlfb.pm_process_bumenjlfb.png','1775001','PNG\r\n\Z\n\0\0\0\rIHDR\0\0\0\0\0\0\0((\0\0@IDATx\re}/b=pVm-z8Cʃ{8(\0/\raUs,Ti\"HA4\"R(0$Ƥfӈ1Wϙ{dfޗ~?gfegu\0\0\0\0\0\0\0\0\0\0\0\0\0\0\0\0\0\0\0\0\0\0\0\0\0\0\0\0\0\0\0\0\0\0\0\0\0\0\0\0\0\0\0\0\0\0\0\0\0\0\0\0\0\0\0\0\0\0\0\0\0\0\0\0\0\0\0\0\0\0\0\0\0\0\0\0\0\0\0\0\0\0\0\0\0\0\0\0\0\0\0\0\0\0\0\0\0\0\0\0\0\0\0\0\0\0\0\0\0\0\0\0\0\0\0\0\0\0\0\0\0\0\0\0\0\0\0\0\0\0\0\0\0\0\0\0\0\0\0\0\0\0\0\0\0\0\0\0\0\0\0\0\0\0\0\0\0\0\0\0\0\0\0\0\0\0\0\0\0\0\0\0\0\0\0\0\0\0\0\0\0\0\0\0\0\0\0\0\0\0\0\0\0\0\0\0\0\0\0\0\0\0\0\0\0\0\0\0\0\0\0\0\0\0\0\0\0\0\0\0\0\0\0\0\0\0\0\0\0\0\0\0\0\0\0\0\0\0\0\0\0\0\0\0\0\0\0\0\0\0\0\0\0\0\0\0\0\0\0\0\0\0\0\0\0\0\0\0\0\0\0\0\0\0\0\0\0\0\0\0\0\0\0\0\0\0\0\0\0\0\0\0\0\0\0\00IdYO<q_Ypa6|Up-X [xSMDg3\0Lz1YdIaÆ^PcT7nҠJ@I-i77ϟ?`Rͽ2OKJ@I-1WR	\0`WX=qwU\0g3\00-ff﷝]mq?\0#:YwwCPt\0\0ف#t\0g3\00Ug7}(:Y\0\0g\0&@\'l\0g3\00Kt\0g3\00MkWff_鶸\0@?D=y5;t6@\0F~\\f_鶸\0@?lټ69MA1):Y\0oٺwe~/rc}n\0:}w@\0Ft3o݀@g{&@\00:Ceb3NMIU/A\00:@g:$TU/$蟕\0th<|ƌFa?ٳgK/g}gqƌ/vwwgSN	\'gu֊o|җZ@GLVgr9:k֬M67)frKrlÆ\r/6mڔ=.)I9}\'-itƱ)~Vg4swq+;x㍕9/btK_of̘V5Q:82͌VgtgO}꥿˶nݚ\r}ݗ \'xKGG2\'iL`g3\0q3?_2K_y&ѷhie3NBCxa?`=餓^?Gu]ʴiӞKaZ@GL:RLhܭ|\nk͌\Z(1߁=?80QbŊ(LWWwQ@GAj͌Vg:s3R$2)@~+ձVg)ZF踃vڗ\\.0Q:#jSeˁfF?+3`̚5G7|s6V;＇R=\'at\n\njFkCh^k(gٳgiڴiٴiӘѵknHA5Q:Y8l*\neg?.;3ڧ?ROdl?71g!t e0:ZFmY@#g} z/yؙ:ujR~|1FBk_cQg\0vtgn\\r˗HhDvSSw4@@g</\rB@C`0!М}F?hdƌ/nذãץ|\"f\r|@@g</C}ǆB~@_~9Od|\rtjMtt6Fat8!>gx1j@g|e~y`hbl[?XF(Q3JuDyOO[o5G>uuuesέ-[<{wx+5kp{<sۮ~ӓO>ϛ7o}цqƹn+zmK.qЯ]veH\\r0϶;сgԌ(Qti5}+;Ʃk8s.Ҧ@}ozc֭}g}D7n}D@~6ЁNS?*3yv[`%\'?wqo>c#o}[+w=Ȯ`=yO嶸?-W xO+r_unJm6`6gɒ%s=ۦO^}{_zM7ݔ]2Y>C	ey0+k^Jw#7١ۗ>s*_.Zߡo\Zo};h4~J|a臣\n/~=x9jȘt壛<ٶm[;gӦM.ﾕo#\\Y?3AF|4\r19:nAD˫:{ꩧ*#?\'ů~Fȍz\Z$<o5 \rt)Z\Z5w0aQswsm1f.\"揍~=UOg}+}_޻q[\\m3VZF+L1W\0~<|\"c6kiH׿Fpj1ʿο>S10o̙3̙3{^̀-[jfD#־ߟ{ｕVl֛sl~f>X\\m[\\y啕ߋ :I/w3~m#8>)f	}Qע?:{g/xNޗoB}\\ύD@]e|)\r._vc3@A.91\'tҪ϶\'2\r7`}oAj26gb&6IG<>3̖|sb36>fMYfU~Ơ}\0+x|ځ^s<{\\o0HBۆF̓0۶ĶYpp}ԛʮsl~[#瞕c:r=^#_͂FwGVH22g9|/+/Q\\\08Sr&fozzz^A4̾3z+ψ6ۧ(4o< &⾴LVǀvQm5FŁ=L@c; %oAΈh63::0ʸc_tI뱛Cw,k*}_	\\pAoφ\\_?f@ڬ=mݶ7ϯIPN;\'w}ѯJo$&@\'yج+G̓hlUiVGm6W;#\ZhؘER&Z1#\Z߈u6\ZO>(1{m)ڀoh<$G;:366\n^>9jľ͞p~@|37یT?w\'22[ԆŁQ`c˓q<DtA\"`62S`F駟^>S^Ӹlݺ2m>1CfM|@@4~|QqP=6Sܟb|PV*8A[1k\ZG}j7uQ;8ڪNG}]\rtF%6T$<ha|QVz/Oo{w%6:UQ|\r=L# @LQ3@Af̘>E;W`2\'0:c貵at0+\ZU#/43:?bb淵GVmξ-nNƑu\Z$5l茨t#DNo)Y7BasYc75:5I~}D{#>6=rn/V,~xOب{i3(;>tǿ<O:::\\ڊocoj\\XOA m}|&7q<rz#3>U9G\Z|VY\\p5uW#\"Oڰ4x|[cִ*uq*ݍߑgL}#\'x?_|/ng56<DO :hu\"P1#jygI\"QO|k6lxr<Sje3,ݜ蟕`p1o~afB!\\mtI쌦VgG6mګjH\Z	5Q:`79.g-13BwhO==EK7LdPe3~:ZVgQT*NJٯ|+>ペ!]~K/:uektƱ)Ր97\n蟕  Sj	\'矿lѢEg?{6xnڴ˗⋗tIRVl\rtlf蟕`,`j(#Փ^s1Vk]euZ@GL0*Vg\00Q:ыPJ\0:@(SbK6hA\0`t蟕\0tNQA;Z?2)*cYKVg\00Q:E_ttt%?+3\0(ϧOg\0eST]_.w蟕\0tNQA鎎j	J\0:@ Ӯwh	J\0:@ RZ?2)D\\~j	J\0:@SN]蟕\0tNQAtET#-Y@GDc-Y@GDz@\0`t\ny@\0`t\nw?蟕\0\r0OmK,\ZD_Z?Zx\r6dZv?#S*u@\00뮣_<쳿6oc`R}R9zN/蟕\0Xz͎bV_}E6{1)$R*蟋r\0&eA}\'A_R4(bDgV\0.X?9DSEKZN1UIK@1zzz^ֹmZ\0lAtnjݧEK\\6-3Z7o\07峡yqeFP7~y\0\0&SWBYQ2seOi	(F\\5s\00YyZFJis-xKi	\0`;\Zj-B4Yn3Zέ\0dMgC+J_iwzRK\0\0a`34B)bttt;ǫ\00Yirr^Ӵ\\.ֹG\0 ʃ⯔J/j	(FZNZ\0DidvYZ\n[G\0 ɗR%Riݫ%\0\0AV^.Ph	\0@SR}MK@aAk	\0@e噥R\"-iKK\0\0(-+ГҲ2GK@1R`Z\0 J+/\'\'LK@1Jai]K\0\0(-\\.P:wdZ羫%\0\0AV^NzR}GK@aGRݬ%\0\0AU.eT*u\0 ʃiP|b\0 Sݨ%uTh	\0@eK\\-H\'zw\0\0QZyP|DZVi	(o>>Z\0DiYryJZVPR}CK\0\0(-Fk	(FZ>j	\0@T#ϧ07Z\0DiYi@,P:F%\0\0AO2--\0r_T*U\\\0\0QZVWW>i`#-g:SK\0\0(-+нӲ`\\y]iZ\0DibQ\'SeI}GKH!Rt\0\0QZi|\\4꥘R0j}\0\0QZF{{NfA2T*m\\\0\0QZJfCao0i-\0#\rZFo\"Z\0Di9R Z.?e`t쪴}BK\0\0(,	]-\02^3#ڮEr%\0\0AV^N1+Zַ*JZ\0DiYee-H!tnZ>%\0\0A!ɲl\'x˗pl},/^T,Ly^,LK\0\0(C!tɒ%ن\r^xAQmܸ1{KJ&@|G\\%\0\0A!P!t܄ϟ.Py\0\0Q$6O 	7/rj\0@ebEp\\Q<o^R.?%\0\0AQ\rź=JMxDiɾyYTz\0\0QF-nټ6[3*nHAK\0\0QF-y;м~h\0)bJҏ\0 ʨG}iHAɫ-/~g|CM`\n{k\0@eԂѸODe7Nk\0( \no#fR$-\0h6q\0)29}ufC\0A~iHAɭYQ\0 ʨMkWff鶸ODRV l(\0 2*A4!m£ JѽSR]2\0 V7M} J˄ѹ5!\n\0 2Atُih\"QZ\"?rh-\0l}l껲MCh^xQA͇>\0 2bAYP(-/}앎Wk\r\0@eĂ@fA(Q&)%\0 ѡмJAITS]T<B\0\0(#D \n}<|ƌFa\0DDQ(\"w;\0  *M\'lg\0DDQ_43\n\0(!m\0QAT	C<b\"\0( \nEБz>\0 **A߁=\0\0 QZ ffF\0AAT~CcB+ձ\0( \nMC5a۩@h	\0  *B\Zla65~\0( \nMaPWm+<>\0  *\"6\\vat!>L\0DёTVJy{\'>\'WiӦ{;ܷun{*g˖-o7o}n[retMr^ge\Z\r(\0 \n}իC=4;#ӧoWzke\0ٹC5kV%0x㍕;_y啽]tipϯwwd7pCL9sTm۶k^l;{sgƍ+AGpk8 k*;wnߐ=?ﾕsae]]]\ni]xTQF 46\Zbg\0Dё\rg#0e>;SOe]w]eO?tefs˖-Fr\Zjf?c3~y+~64\\rInxMgg+V\\^}Օf7;͛W] }wV~-KDSH>$\0*R`+>6:\0 \nך5k*ӘMk*ya|6\0 =<F\0փ>r{xߍh>bfFt=}UW]U/n?ꨣz^;;MsӲߞjI}\0D@6\n	a>\0\n^Ibm~R9]<ճI&OS=ǩ)ǭnxKt]TM57?oH]TtR]Tn8ߤ:?չ龿JtT_Hfl<q5>.M5uXtrJ:8՟@$ݿ_~~ojtTH=Ijtۛc9f^۩^= g\\pvL`+|ʸ뮕M_@c3fT{Y	_~y77t/oRјMx@t]vozF_?{\ZmO>J{&f_Wg}k+מ1>Eh^yN>?g>>˷L6mtw򐮿;t_Ӳ=rXvr.8ݶ,[tyP,{0fhJ;4]V]Ncyp,鶏r.;mXeW,̧O>U]NHub3?L|XiNź)ֳt9;ֹtyvsb=L: tyQTsR}=7b=Nߌu:]~;tyukbOjps[Rݚj^?ї˅٥ũ,?aR)]>}UY_?ID\'S=UߞuSmH1զj_;~Y]+_HRSEcsǪE&\0qcٯ:^)BT||\Z BY=1ȎvjcPT;a3\rsc\\\r3rS 8J_q#VC\0:TŠ70󿤺#Amh=ժ@0gV1hj9Θ}$c0\\/5̓_7۶{F4޸hѢ͊DȎ׍ψF\0}*8\ZH;@k?_l~!\ZT~OUL,cHjy05TlEpZZ\rR/nb9WV[cM7r.]Ǘ:Wߕ.u#b%O3$m_(fSuj\0U\r_JF`u2\03mtӱG\0οǦ:9j?}B#QgD#,$zd\Z>|9/}#?)*t}_$\nѿKnD/)]?Ͽhjoo)lj%?}͈<͘\0hE#in|\Zs=Mb#k3G\"fm5jmlmؼ6fjO;M#G8m~mkl|OE̦^Φ}[FgѡQ\0#W|nA}(yP<s3 \\,cƵq80RڣF^dI \ZlM#47`EY,QF\"f)Z\Z5w0aQs\0(BTMrӷ6}*`c|q\nli,AGS(6;XQ<>öֆ \Zc3`KV}|}InO>jpNnV7D0_<gڜG\0@|8Pl\nGЭ?8PoiDsh@HSj+?KIQqn}a8.\"7u}=P8o\\Y{4ܶomr<\'6ӭ=phm Xrf$mCG\0\0Q5B輦#Da5hl_O\0DT(dmyBucP\0\0&gm9 \n0\r	m<)Z\0\0A4t\'WG͜9/KQt#DNo)Y7\0 z__9nV9P~\0@QRF\0q-iR&&($t\0@|w{JO}(p79.\0\07֞ctӦMSDxA&;D\0\0NΫ+:w\\+6\0`ѕ+Wfׯgl֬YEq_l+BaatT[R\0\0A4ꪫly{YaR\rS\n\0K.ͶnZ\r=蠃9sGύ0zW0|fFm\0@gD\'C	L0*\0кAt2 		\0\0(eԩSc9u\0\0QA+g~\0\0@D BGGok	\0\0QA\nNAZ\0\0ATDߠ%\0\0DQ(*\"]\0\0 \nEM)\0\0@D !ݴ\0\0 \nEgM\0\0@D mZ\0\0ATOޡ%\0\0DQ(*>i	\0\0QA\n?NA\0\0 \nEG^Z\0\0ATR\0\0@D \"?\0\0(DZ\0\0AT)%\0\0\n㧶 	D ~-\0,^x݆\rqPk׮DT2vvv%\0\0먻>쯅	`R}RxW.IAO\0\0CϿ/6}\'Z]}ԩSޫDַ)%\0\0hYR_7Z\nw A-\0@c64*\r?EM\0\0xQME_R%\0\0h91#PPh5Շ\0\0-}R jցQ7\0\0\ZJuuu`T׿*JZ\0)p>,AZ	F5^T-\0@+\rΆ{k)uڴuk	\0\0Zi<:#צaF-]\nӵ\0\0-+wF PX*Oh	\0\0ZV\Z~\n?P:D^K\0\0ʃ=S}LK@1vY\0\0D0\rPXzh	\0\0ZVwwOat%N\0\0}R腩\0\0AZ\n_Ku\0\0蟤Ai	(,4-\0@*AD)J_\0\0T\\.9ѿ\0\0rmOHK@1\"F\0\0r_h	(,~1ѯh	\0\0ZyPD%uD\0\0DoP:wj\nk	\0\0ZV\ZPX|ZFK\0\0A40%SN=9%Z\0VKAD?Z\0ViP|艩.\0\0r-AuZ\nǧBK\0\0ʃcR]%u%\0\0hAqOh	(F\\>6sWk	\0\0Z9~*ՕZQ*SVK\0\0ATPXZ\0V:oh	(lHA\0\0-+\r?% ѩSޤ%\0\0h :3\r/PX=*[\0\0D\"\r/PX=\"yZ\0V_Hj	(lZ\0V%uiSK\0\0вҀTgi	(,ֹZ\0VSPXݭ%\0\0h zv/i	(,~ sK\0\0D:PX= w?\0\08bn9WK@a)ޫ%\0\0hY)M\Z^K@aAtD%\0\0h zq\ZNK@aAR]%\0\0hYi@<\'\rOPX;wj	\0\0Z9~#\r?% i{XK\0\0ANPX3si	\0\0Z9~;\'D?s?\0\0r\\.%`ֱE5~*\0\04HDi	i:.tPq\0#-\0@+@%`tT	mBwV\0Ղ\ri ܩ%`5+յ\0ՂMRZFOuVAt\0-)%`t~@\0\0ЊAt^-	\0\0:0=ô̈k\0\0Zu`D?%i}r\0\04(>XK@aACiD\0h zw\n%,\'q,\\0?M`l?O5	\0PGddɒlÆ\r/ƨ6nܘs=ϥPqK%\0\0C	?HA\0-D3B	/̟?K%\0\0C	\'Z 6O \0J}A(\0 Y*\0J]i	&S/eOgU*m£ \n\0 `-ff﷝]mq\0)\00ADPK0Y蚇C	(\0\0 >ZDYզA4 Q\0\0>>{ZDW͟4} \n\0џ - Q\0\0\nkߦ%,A4,} \n\0gM`K4} \n\0g9%,Atڕ٪;gYn- Q\0\0>n-d	QOA4nQ\0\0GE\nh	&M}l.qt[\'@\n\0\0}ݒ!nټ69M1B \n\0_ z-?[}Wi+5;*\00vAD[K0QhfGQ\0\0_}eٯL :YоfGJA\0bMIA4S455%P\n\0B\\޵T*ԯZjMjj]e1J=.]V&CRmNuQMDJ:;;Irn\ngRT=;iI`<|ƌFaAT	\0IrT\r2|6GbT(w;JI)4[\rٹ瞛xC=[.۶m[^|lÆ\rُo<ciHHmZg63 Q\'o{zzk4c֭-ܒ͜9s0Z*6v\r_43 QQ\nKjCgY_~9+35{Kku`6>QAτ&\"GڵkSO=6n+JfGy[QQ%Suސ|l4>hhz|	#|DQV=:K3)lt9lw8GO(H&* *R}BGrsf~_f|.I\0Бڬ(DڣDE\0@C`?D \n0)`h\\pAmOzDMvz90y(D\"ˌ#FS<#===o\0Bñ0\r\"ֆмoQQ%\'y#َ3g\0#Y8l*\negAT	\0}Ma:Rn_n(B\"\\6\n\ratPDQV	\0裏Ys̈o48Z9ŌO`Chol̨>ATh &E-~)lpO`諆Bs}3CDZ5|m6fA_\rycA\Z0\n!00BhCDjXA\ZЏQN.g̀DQ\riFT)Zkh]cl[?X}9Q+P(At\\#yH\\f\0۟fDrf;p>03_q?oڴcׯ__y޻}[nx/~o^?plٲ>דO>ϛ7odK.o=Szϛ7zI :OI-1H>C	MY1^ҥKf~eY;*V{{S	W>gΜc+|k^?zz뭕N>}wgƍ+A4n}3<]{]s5׏̝;ryqUN9x=Syx͸|[ߚ}\\馛w];+u]uA`pxA؜Y=Xb2\rtf)Z\Z5w0at@ OWflRX#\\em531?GxCimΕ`Z?Z?[nex`x+*W_}uSOUGhm_fw^W+;ߔ+Wf \n0Z|sY=Skx1{\'\"73yB;h3\r<8:zHg#\0A\ry3|pq_fM %mc=zsUnlg\\-jlFo~se洭:# \n0\nߖ=\"\0/˱?t[\ZFH3ж!|} \Z3f̨=ܳ>/J8˃]&wygA4f/cF2Lwe/}|>}7D7rc4<6j\Z#Ǿ~\Z[΃v\\g}l0j]vYmOafF\ZBFBA4?Pem,j&(6oumm6i\Z-Zc3|O~1zQG>nɒ%YWWWoQQVyn|Zi\\֮][_?c\'Lض\'Q^:9)I1,uժU;M6k	y6cTN8p\Z>Xi|?ԶhF6L!6\rݵѾ(joo)0x-D:Z*4Q0\r	m<oHqDY#Ն~y8̓`gD#8Cc}Gyd Bknf}}NgDwul̙#\ZbUg~0.YјO:!o$DI\0~3J\r0A4렃\rrqζ\"(\\Zc+ʌhm(\rq=}59R[,f<#W>Vglj7?Ϩ \n0RMWFK|XIn}j/L \Z曳5ck9}JmvЙa43f6s}F=2ooi8<&qd߸g oRܨ⾶Նָ`5]A`utt%upx9d/⨄\'\0E$#jaLd9%BTzyH}8c?n&ߠ10im QR.-o|aw֬YTS쌦!*A`uvvxV	g͂V6BqbAT	\0\\.㚺\0}ͮa~q3fO(tqqatT[RD \n0Jb2sgGRqPhƱ)Ր97\nJ(HwwR<@F;]]]hE`h63js\\Q%UZlt9\'֩Z\raTEU(\0\0ыPQ%\0P\'4ksQ%\0P7iQ%\0\0(\0\0 Q\0\0@U(\0\0 *\0\0J\0\0DQ\0\0\0AT	\0\0\0 \n\0\0 *A\0\0D \n\0\0 \n\0\0\0D\0\0QA\0\0@U(\0\0 \n(\0\0@q.\\(\0ږKJ\0\0`R[x\r6֮])>b\0\0&먻>쯅	`R}R	\0\0Lz)1bGQ^\0\0\0\0\0\0\0\0\0\0\0\0\0\0\0\0\0\0\0\0\0\0\0\0\0\0\0\0\0\0\0\0-?#(\0\0\0\0IENDB`',1);
/*!40000 ALTER TABLE `ACT_GE_BYTEARRAY` ENABLE KEYS */;
UNLOCK TABLES;

--
-- Table structure for table `ACT_GE_PROPERTY`
--

DROP TABLE IF EXISTS `ACT_GE_PROPERTY`;
/*!40101 SET @saved_cs_client     = @@character_set_client */;
/*!40101 SET character_set_client = utf8 */;
CREATE TABLE `ACT_GE_PROPERTY` (
  `NAME_` varchar(64) COLLATE utf8_bin NOT NULL DEFAULT '',
  `VALUE_` varchar(300) COLLATE utf8_bin DEFAULT NULL,
  `REV_` int(11) DEFAULT NULL,
  PRIMARY KEY (`NAME_`)
) ENGINE=InnoDB DEFAULT CHARSET=utf8 COLLATE=utf8_bin;
/*!40101 SET character_set_client = @saved_cs_client */;

--
-- Dumping data for table `ACT_GE_PROPERTY`
--

LOCK TABLES `ACT_GE_PROPERTY` WRITE;
/*!40000 ALTER TABLE `ACT_GE_PROPERTY` DISABLE KEYS */;
INSERT INTO `ACT_GE_PROPERTY` VALUES ('next.dbid','1805001',723),('schema.history','create(5.20.0.2)',1),('schema.version','5.20.0.2',1);
/*!40000 ALTER TABLE `ACT_GE_PROPERTY` ENABLE KEYS */;
UNLOCK TABLES;

--
-- Table structure for table `ACT_HI_ACTINST`
--

DROP TABLE IF EXISTS `ACT_HI_ACTINST`;
/*!40101 SET @saved_cs_client     = @@character_set_client */;
/*!40101 SET character_set_client = utf8 */;
CREATE TABLE `ACT_HI_ACTINST` (
  `ID_` varchar(64) COLLATE utf8_bin NOT NULL,
  `PROC_DEF_ID_` varchar(64) COLLATE utf8_bin NOT NULL,
  `PROC_INST_ID_` varchar(64) COLLATE utf8_bin NOT NULL,
  `EXECUTION_ID_` varchar(64) COLLATE utf8_bin NOT NULL,
  `ACT_ID_` varchar(255) COLLATE utf8_bin NOT NULL,
  `TASK_ID_` varchar(64) COLLATE utf8_bin DEFAULT NULL,
  `CALL_PROC_INST_ID_` varchar(64) COLLATE utf8_bin DEFAULT NULL,
  `ACT_NAME_` varchar(255) COLLATE utf8_bin DEFAULT NULL,
  `ACT_TYPE_` varchar(255) COLLATE utf8_bin NOT NULL,
  `ASSIGNEE_` varchar(255) COLLATE utf8_bin DEFAULT NULL,
  `START_TIME_` datetime NOT NULL,
  `END_TIME_` datetime DEFAULT NULL,
  `DURATION_` bigint(20) DEFAULT NULL,
  `TENANT_ID_` varchar(255) COLLATE utf8_bin DEFAULT '',
  PRIMARY KEY (`ID_`),
  KEY `ACT_IDX_HI_ACT_INST_START` (`START_TIME_`),
  KEY `ACT_IDX_HI_ACT_INST_END` (`END_TIME_`),
  KEY `ACT_IDX_HI_ACT_INST_PROCINST` (`PROC_INST_ID_`,`ACT_ID_`),
  KEY `ACT_IDX_HI_ACT_INST_EXEC` (`EXECUTION_ID_`,`ACT_ID_`)
) ENGINE=InnoDB DEFAULT CHARSET=utf8 COLLATE=utf8_bin;
/*!40101 SET character_set_client = @saved_cs_client */;

--
-- Dumping data for table `ACT_HI_ACTINST`
--

LOCK TABLES `ACT_HI_ACTINST` WRITE;
/*!40000 ALTER TABLE `ACT_HI_ACTINST` DISABLE KEYS */;
INSERT INTO `ACT_HI_ACTINST` VALUES ('1697586','pm_process_jianguan:1:1775011','1777501','1780042','determineComplete',NULL,NULL,'判断是否完成所有周期监测','exclusiveGateway',NULL,'2017-03-25 17:41:51','2017-03-25 17:41:51',0,''),('1697587','pm_process_jianguan:1:1775011','1777501','1780042','ReportCheckfork',NULL,NULL,'周期报告、周期监测分支','parallelGateway',NULL,'2017-03-25 17:41:51','2017-03-25 17:41:51',3,''),('1697589','pm_process_jianguan:1:1775011','1777501','1780042','submitMonthlyCheck','1697590',NULL,'提交周期监测','userTask','6','2017-03-25 17:41:51','2017-03-25 16:45:58',-3352152,''),('1697593','pm_process_jianguan:1:1775011','1777501','1697588','submitMonthlyReport','1697594',NULL,'提交周期报告','userTask','4','2017-03-25 17:41:51','2017-03-25 16:46:37',-3313552,''),('1697596','pm_process_jianguan:1:1775011','1777501','1697588','determineComplete',NULL,NULL,'判断是否完成所有周期监测','exclusiveGateway',NULL,'2017-03-25 17:46:12','2017-03-25 17:46:12',0,''),('1697597','pm_process_jianguan:1:1775011','1777501','1697588','ReportCheckfork',NULL,NULL,'周期报告、周期监测分支','parallelGateway',NULL,'2017-03-25 17:46:12','2017-03-25 17:46:12',4,''),('1697599','pm_process_jianguan:1:1775011','1777501','1697588','submitMonthlyCheck','1697600',NULL,'提交周期监测','userTask','6','2017-03-25 17:46:12','2017-03-25 16:50:45',-3326567,''),('1697603','pm_process_jianguan:1:1775011','1777501','1697598','submitMonthlyReport','1697604',NULL,'提交周期报告','userTask','4','2017-03-25 17:46:12','2017-03-25 16:51:19',-3292824,''),('1697606','pm_process_jianguan:1:1775011','1777501','1697588','determineComplete',NULL,NULL,'判断是否完成所有周期监测','exclusiveGateway',NULL,'2017-03-25 17:50:52','2017-03-25 17:50:52',0,''),('1697607','pm_process_jianguan:1:1775011','1777501','1697588','ReportCheckfork',NULL,NULL,'周期报告、周期监测分支','parallelGateway',NULL,'2017-03-25 17:50:52','2017-03-25 17:50:52',3,''),('1697609','pm_process_jianguan:1:1775011','1777501','1697588','submitMonthlyCheck','1697610',NULL,'提交周期监测','userTask','6','2017-03-25 17:50:52','2017-03-25 16:53:39',-3432738,''),('1697613','pm_process_jianguan:1:1775011','1777501','1697608','submitMonthlyReport','1697614',NULL,'提交周期报告','userTask','4','2017-03-25 17:50:52','2017-03-25 16:52:40',-3491996,''),('1697616','pm_process_jianguan:1:1775011','1777501','1697588','determineComplete',NULL,NULL,'判断是否完成所有周期监测','exclusiveGateway',NULL,'2017-03-25 17:53:12','2017-03-25 17:53:12',0,''),('1697617','pm_process_jianguan:1:1775011','1777501','1697588','ReportCheckfork',NULL,NULL,'周期报告、周期监测分支','parallelGateway',NULL,'2017-03-25 17:53:12','2017-03-25 17:53:12',3,''),('1697619','pm_process_jianguan:1:1775011','1777501','1697588','submitMonthlyCheck','1697620',NULL,'提交周期监测','userTask','6','2017-03-25 17:53:12','2017-03-25 17:11:51',-2480861,''),('1697623','pm_process_jianguan:1:1775011','1777501','1697618','submitMonthlyReport','1697624',NULL,'提交周期报告','userTask','4','2017-03-25 17:53:12','2017-03-25 17:12:18',-2453902,''),('1697626','pm_process_jianguan:1:1775011','1780462','1780551','determineComplete',NULL,NULL,'判断是否完成所有周期监测','exclusiveGateway',NULL,'2017-03-27 10:51:46','2017-03-27 10:51:46',1,''),('1697627','pm_process_jianguan:1:1775011','1780462','1780551','ReportCheckfork',NULL,NULL,'周期报告、周期监测分支','parallelGateway',NULL,'2017-03-27 10:51:46','2017-03-27 10:51:46',3,''),('1697629','pm_process_jianguan:1:1775011','1780462','1780551','submitMonthlyCheck','1697630',NULL,'提交周期监测','userTask','58','2017-03-27 10:51:46','2017-03-27 09:59:26',-3139914,''),('1697634','pm_process_jianguan:1:1775011','1780462','1697628','submitMonthlyReport','1697635',NULL,'提交周期报告','userTask','57','2017-03-27 10:51:46','2017-03-27 09:53:59',-3466770,''),('1697637','pm_process_jianguan:1:1775011','1780462','1697628','determineComplete',NULL,NULL,'判断是否完成所有周期监测','exclusiveGateway',NULL,'2017-03-27 10:58:57','2017-03-27 10:58:57',0,''),('1697638','pm_process_jianguan:1:1775011','1780462','1697628','ReportCheckfork',NULL,NULL,'周期报告、周期监测分支','parallelGateway',NULL,'2017-03-27 10:58:57','2017-03-27 10:58:57',3,''),('1697640','pm_process_jianguan:1:1775011','1780462','1697628','submitMonthlyCheck','1697641',NULL,'提交周期监测','userTask','58','2017-03-27 10:58:57','2017-03-27 10:25:32',-2004858,''),('1697644','pm_process_jianguan:1:1775011','1780462','1697639','submitMonthlyReport','1697645',NULL,'提交周期报告','userTask','57','2017-03-27 10:58:57','2017-03-27 10:19:41',-2355351,''),('1697647','pm_process_jianguan:1:1775011','1780462','1697628','determineComplete',NULL,NULL,'判断是否完成所有周期监测','exclusiveGateway',NULL,'2017-03-27 11:25:03','2017-03-27 11:25:03',0,''),('1697648','pm_process_jianguan:1:1775011','1780462','1697628','ReportCheckfork',NULL,NULL,'周期报告、周期监测分支','parallelGateway',NULL,'2017-03-27 11:25:03','2017-03-27 11:25:03',3,''),('1697650','pm_process_jianguan:1:1775011','1780462','1697628','submitMonthlyCheck','1697651',NULL,'提交周期监测','userTask','58','2017-03-27 11:25:03','2017-03-27 10:28:43',-3379757,''),('1697654','pm_process_jianguan:1:1775011','1780462','1697649','submitMonthlyReport','1697655',NULL,'提交周期报告','userTask','57','2017-03-27 11:25:03','2017-03-27 10:29:18',-3344580,''),('1697657','pm_process_jianguan:1:1775011','1780959','1785048','determineComplete',NULL,NULL,'判断是否完成所有周期监测','exclusiveGateway',NULL,'2017-03-27 15:07:00','2017-03-27 15:07:00',1,''),('1697658','pm_process_jianguan:1:1775011','1780959','1785048','ReportCheckfork',NULL,NULL,'周期报告、周期监测分支','parallelGateway',NULL,'2017-03-27 15:07:00','2017-03-27 15:07:00',3,''),('1697660','pm_process_jianguan:1:1775011','1780959','1785048','submitMonthlyCheck','1697661',NULL,'提交周期监测','userTask','6','2017-03-27 15:07:00','2017-03-27 15:03:17',-222423,''),('1697665','pm_process_jianguan:1:1775011','1780959','1697659','submitMonthlyReport','1697666',NULL,'提交周期报告','userTask','55','2017-03-27 15:07:00','2017-03-27 14:48:47',-1092962,''),('1697668','pm_process_jianguan:1:1775011','1780959','1697659','determineComplete',NULL,NULL,'判断是否完成所有周期监测','exclusiveGateway',NULL,'2017-03-27 16:02:48','2017-03-27 16:02:48',0,''),('1697669','pm_process_jianguan:1:1775011','1780959','1697659','ReportCheckfork',NULL,NULL,'周期报告、周期监测分支','parallelGateway',NULL,'2017-03-27 16:02:48','2017-03-27 16:02:48',3,''),('1697671','pm_process_jianguan:1:1775011','1780959','1697659','submitMonthlyCheck','1697672',NULL,'提交周期监测','userTask','6','2017-03-27 16:02:48','2017-03-27 15:20:39',-2528632,''),('1697675','pm_process_jianguan:1:1775011','1780959','1697670','submitMonthlyReport','1697676',NULL,'提交周期报告','userTask','55','2017-03-27 16:02:48','2017-03-27 15:09:50',-3177467,''),('1697678','pm_process_jianguan:1:1775011','1782501','1787672','determineComplete',NULL,NULL,'判断是否完成所有周期监测','exclusiveGateway',NULL,'2017-03-27 16:12:13','2017-03-27 16:12:13',0,''),('1697679','pm_process_jianguan:1:1775011','1782501','1787672','ReportCheckfork',NULL,NULL,'周期报告、周期监测分支','parallelGateway',NULL,'2017-03-27 16:12:13','2017-03-27 16:12:13',3,''),('1697681','pm_process_jianguan:1:1775011','1782501','1787672','submitMonthlyCheck','1697682',NULL,'提交周期监测','userTask','58','2017-03-27 16:12:13',NULL,NULL,''),('1697686','pm_process_jianguan:1:1775011','1782501','1697680','submitMonthlyReport','1697687',NULL,'提交周期报告','userTask','4','2017-03-27 16:12:13',NULL,NULL,''),('1697689','pm_process_jianguan:1:1775011','1780959','1697659','determineComplete',NULL,NULL,'判断是否完成所有周期监测','exclusiveGateway',NULL,'2017-03-27 16:20:09','2017-03-27 16:20:09',0,''),('1697690','pm_process_jianguan:1:1775011','1780959','1697659','ReportCheckfork',NULL,NULL,'周期报告、周期监测分支','parallelGateway',NULL,'2017-03-27 16:20:09','2017-03-27 16:20:09',4,''),('1697692','pm_process_jianguan:1:1775011','1780959','1697659','submitMonthlyCheck','1697693',NULL,'提交周期监测','userTask','6','2017-03-27 16:20:09','2017-03-27 15:26:46',-3202337,''),('1697696','pm_process_jianguan:1:1775011','1780959','1697691','submitMonthlyReport','1697697',NULL,'提交周期报告','userTask','55','2017-03-27 16:20:09','2017-03-27 15:24:15',-3353166,''),('1697699','pm_process_jianguan:1:1775011','1787931','1788183','determineComplete',NULL,NULL,'判断是否完成所有周期监测','exclusiveGateway',NULL,'2017-03-27 17:58:54','2017-03-27 17:58:54',1,''),('1697700','pm_process_jianguan:1:1775011','1787931','1788183','ReportCheckfork',NULL,NULL,'周期报告、周期监测分支','parallelGateway',NULL,'2017-03-27 17:58:54','2017-03-27 17:58:54',3,''),('1697702','pm_process_jianguan:1:1775011','1787931','1788183','submitMonthlyCheck','1697703',NULL,'提交周期监测','userTask','58','2017-03-27 17:58:54',NULL,NULL,''),('1697707','pm_process_jianguan:1:1775011','1787931','1697701','submitMonthlyReport','1697708',NULL,'提交周期报告','userTask','55','2017-03-27 17:58:54',NULL,NULL,''),('1697710','pm_process_jianguan:1:1775011','1788190','1788279','determineComplete',NULL,NULL,'判断是否完成所有周期监测','exclusiveGateway',NULL,'2017-03-27 20:41:37','2017-03-27 20:41:37',0,''),('1697711','pm_process_jianguan:1:1775011','1788190','1788279','ReportCheckfork',NULL,NULL,'周期报告、周期监测分支','parallelGateway',NULL,'2017-03-27 20:41:37','2017-03-27 20:41:37',3,''),('1697713','pm_process_jianguan:1:1775011','1788190','1788279','submitMonthlyCheck','1697714',NULL,'提交周期监测','userTask','58','2017-03-27 20:41:37',NULL,NULL,''),('1697718','pm_process_jianguan:1:1775011','1788190','1697712','submitMonthlyReport','1697719',NULL,'提交周期报告','userTask','57','2017-03-27 20:41:38',NULL,NULL,''),('1697721','pm_process_jianguan:1:1775011','1788286','1788376','determineComplete',NULL,NULL,'判断是否完成所有周期监测','exclusiveGateway',NULL,'2017-03-27 20:52:23','2017-03-27 20:52:23',0,''),('1697722','pm_process_jianguan:1:1775011','1788286','1788376','ReportCheckfork',NULL,NULL,'周期报告、周期监测分支','parallelGateway',NULL,'2017-03-27 20:52:23','2017-03-27 20:52:23',4,''),('1697724','pm_process_jianguan:1:1775011','1788286','1788376','submitMonthlyCheck','1697725',NULL,'提交周期监测','userTask','58','2017-03-27 20:52:23','2017-03-27 19:54:39',-3463629,''),('1697729','pm_process_jianguan:1:1775011','1788286','1697723','submitMonthlyReport','1697730',NULL,'提交周期报告','userTask','57','2017-03-27 20:52:23','2017-03-27 19:58:37',-3225401,''),('1697732','pm_process_jianguan:1:1775011','1788286','1697723','determineComplete',NULL,NULL,'判断是否完成所有周期监测','exclusiveGateway',NULL,'2017-03-27 20:58:04','2017-03-27 20:58:04',1,''),('1697733','pm_process_jianguan:1:1775011','1788286','1697723','ReportCheckfork',NULL,NULL,'周期报告、周期监测分支','parallelGateway',NULL,'2017-03-27 20:58:04','2017-03-27 20:58:04',3,''),('1697735','pm_process_jianguan:1:1775011','1788286','1697723','submitMonthlyCheck','1697736',NULL,'提交周期监测','userTask','58','2017-03-27 20:58:04',NULL,NULL,''),('1697739','pm_process_jianguan:1:1775011','1788286','1697734','submitMonthlyReport','1697740',NULL,'提交周期报告','userTask','57','2017-03-27 20:58:04','2017-03-27 20:00:14',-3469072,''),('1777503','pm_process_jianguan:1:1775011','1777501','1777501','pm_process_jianguan_start',NULL,NULL,'项目监管流程开始','startEvent',NULL,'2017-03-25 16:31:38','2017-03-25 16:31:38',14,''),('1777524','pm_process_jianguan:1:1775011','1777501','1777501','officerApproval','1777525',NULL,'管理员审批','userTask','5','2017-03-25 16:31:38','2017-03-25 16:32:30',52782,''),('1777542','pm_process_jianguan:1:1775011','1777501','1777501','committeeApproval','1777543',NULL,'决策委员会审批','userTask','6','2017-03-25 16:32:30','2017-03-25 16:40:04',454914,''),('1780016','pm_process_jianguan:1:1775011','1777501','1777501','primaryReviewConclusion',NULL,NULL,'初期评审结论','exclusiveGateway',NULL,'2017-03-25 16:40:04','2017-03-25 16:40:04',6,''),('1780017','pm_process_jianguan:1:1775011','1777501','1777501','departleaderApproval','1780018',NULL,'部门经理审批','userTask','7','2017-03-25 16:40:04','2017-03-25 16:42:15',131525,''),('1780039','pm_process_jianguan:1:1775011','1777501','1777501','resultOfDepartApproval',NULL,NULL,'部门经理审批结论','exclusiveGateway',NULL,'2017-03-25 16:42:15','2017-03-25 16:42:15',1,''),('1780040','pm_process_jianguan:1:1775011','1777501','1777501','publishParallelfork',NULL,NULL,NULL,'parallelGateway',NULL,'2017-03-25 16:42:15','2017-03-25 16:42:15',0,''),('1780043','pm_process_jianguan:1:1775011','1777501','1780041','pmSubmitMIdMaterial','1780044',NULL,'项目经理提交中期评审材料','userTask','4','2017-03-25 16:42:15','2017-03-25 16:55:11',776000,''),('1780045','pm_process_jianguan:1:1775011','1777501','1780042','determineTheNeedToSubmit',NULL,NULL,'判断是否需要周期监测','exclusiveGateway',NULL,'2017-03-25 16:42:15','2017-03-25 16:42:15',2,''),('1780048','pm_process_jianguan:1:1775011','1777501','1780046','MonthlyReportTimer',NULL,NULL,'定时器','intermediateTimer',NULL,'2017-03-25 16:42:15','2017-03-25 17:41:51',3576797,''),('1780051','pm_process_jianguan:1:1775011','1777501','1780042','reportCheckJoin',NULL,NULL,'周期报告、周期监测汇合','parallelGateway',NULL,'2017-03-25 16:45:58','2017-03-25 16:45:58',6,''),('1780053','pm_process_jianguan:1:1775011','1777501','1697588','reportCheckJoin',NULL,NULL,'周期报告、周期监测汇合','parallelGateway',NULL,'2017-03-25 16:46:37','2017-03-25 16:46:37',7,''),('1780054','pm_process_jianguan:1:1775011','1777501','1697588','determineTheNeedToSubmit',NULL,NULL,'判断是否需要周期监测','exclusiveGateway',NULL,'2017-03-25 16:46:37','2017-03-25 16:46:37',0,''),('1780057','pm_process_jianguan:1:1775011','1777501','1780055','MonthlyReportTimer',NULL,NULL,'定时器','intermediateTimer',NULL,'2017-03-25 16:46:37','2017-03-25 17:46:11',3574983,''),('1780059','pm_process_jianguan:1:1775011','1777501','1697588','reportCheckJoin',NULL,NULL,'周期报告、周期监测汇合','parallelGateway',NULL,'2017-03-25 16:50:45','2017-03-25 16:50:45',7,''),('1780061','pm_process_jianguan:1:1775011','1777501','1697598','reportCheckJoin',NULL,NULL,'周期报告、周期监测汇合','parallelGateway',NULL,'2017-03-25 16:51:19','2017-03-25 16:51:19',7,''),('1780062','pm_process_jianguan:1:1775011','1777501','1697588','determineTheNeedToSubmit',NULL,NULL,'判断是否需要周期监测','exclusiveGateway',NULL,'2017-03-25 16:51:19','2017-03-25 16:51:19',2,''),('1780065','pm_process_jianguan:1:1775011','1777501','1780063','MonthlyReportTimer',NULL,NULL,'定时器','intermediateTimer',NULL,'2017-03-25 16:51:19','2017-03-25 17:50:52',3573249,''),('1780067','pm_process_jianguan:1:1775011','1777501','1697608','reportCheckJoin',NULL,NULL,'周期报告、周期监测汇合','parallelGateway',NULL,'2017-03-25 16:52:40','2017-03-25 16:52:40',7,''),('1780069','pm_process_jianguan:1:1775011','1777501','1697588','reportCheckJoin',NULL,NULL,'周期报告、周期监测汇合','parallelGateway',NULL,'2017-03-25 16:53:39','2017-03-25 16:53:39',6,''),('1780070','pm_process_jianguan:1:1775011','1777501','1697588','determineTheNeedToSubmit',NULL,NULL,'判断是否需要周期监测','exclusiveGateway',NULL,'2017-03-25 16:53:39','2017-03-25 16:53:39',0,''),('1780073','pm_process_jianguan:1:1775011','1777501','1780071','MonthlyReportTimer',NULL,NULL,'定时器','intermediateTimer',NULL,'2017-03-25 16:53:39','2017-03-25 17:53:12',3573402,''),('1780092','pm_process_jianguan:1:1775011','1777501','1780041','DispatcherMidMaster','1780093',NULL,'管理人员指定中期评审专家','userTask','5','2017-03-25 16:55:11','2017-03-25 16:56:28',77621,''),('1780114','pm_process_jianguan:1:1775011','1777501','1780041','midApprovalReport','1780115',NULL,'项目经理提交中期评审报告','userTask','4','2017-03-25 16:56:28','2017-03-25 16:57:49',81016,''),('1780136','pm_process_jianguan:1:1775011','1777501','1780041','inputMidGrade','1780137',NULL,'管理人员录入中期评审专家评分','userTask','5','2017-03-25 16:57:49','2017-03-25 17:01:10',201920,''),('1780160','pm_process_jianguan:1:1775011','1777501','1780041','midCommitteeApproval','1780161',NULL,'决策委员会中期评审','userTask','6','2017-03-25 17:01:10','2017-03-25 17:01:34',24942,''),('1780186','pm_process_jianguan:1:1775011','1777501','1780041','midConclusion',NULL,NULL,'中期评审结论','exclusiveGateway',NULL,'2017-03-25 17:01:34','2017-03-25 17:01:34',0,''),('1780187','pm_process_jianguan:1:1775011','1777501','1780041','departleaderMidApproval','1780188',NULL,'部门经理审核中期结果','userTask','7','2017-03-25 17:01:34','2017-03-25 17:08:47',433522,''),('1780213','pm_process_jianguan:1:1775011','1777501','1780041','resultOfMidChecked',NULL,NULL,'项目管理人员审核中期结果','exclusiveGateway',NULL,'2017-03-25 17:08:47','2017-03-25 17:08:47',0,''),('1780214','pm_process_jianguan:1:1775011','1777501','1780041','pmSubmitEndMaterial','1780215',NULL,'项目经理提交终期评审材料','userTask','4','2017-03-25 17:08:47','2017-03-25 17:09:11',24693,''),('1780240','pm_process_jianguan:1:1775011','1777501','1780041','DispatcherEndMaster','1780241',NULL,'管理人员指定终期评审专家','userTask','5','2017-03-25 17:09:11','2017-03-25 17:09:31',20923,''),('1780268','pm_process_jianguan:1:1775011','1777501','1780041','endApprovalReport','1780269',NULL,'项目经理提交终期评审报告','userTask','4','2017-03-25 17:09:31','2017-03-25 17:10:00',29910,''),('1780296','pm_process_jianguan:1:1775011','1777501','1780041','inputEndGrade','1780297',NULL,'管理人员录入终期评审专家评分','userTask','5','2017-03-25 17:10:00','2017-03-25 17:10:32',32322,''),('1780326','pm_process_jianguan:1:1775011','1777501','1780041','committeeEndApproval','1780327',NULL,'决策委员会终期评审','userTask','6','2017-03-25 17:10:32','2017-03-25 17:10:50',18262,''),('1780358','pm_process_jianguan:1:1775011','1777501','1780041','endConclusion',NULL,NULL,'终期评审结论','exclusiveGateway',NULL,'2017-03-25 17:10:50','2017-03-25 17:10:50',0,''),('1780359','pm_process_jianguan:1:1775011','1777501','1780041','departleaderEndApproval','1780360',NULL,'部门经理审核终期结果','userTask','7','2017-03-25 17:10:50','2017-03-25 17:11:22',32966,''),('1780389','pm_process_jianguan:1:1775011','1777501','1780041','resultOfEndChecked',NULL,NULL,'项目管理人员审核终期结果','exclusiveGateway',NULL,'2017-03-25 17:11:22','2017-03-25 17:11:22',0,''),('1780390','pm_process_jianguan:1:1775011','1777501','1780041','monthlyReportJoin',NULL,NULL,NULL,'parallelGateway',NULL,'2017-03-25 17:11:22','2017-03-25 17:11:22',7,''),('1780392','pm_process_jianguan:1:1775011','1777501','1697588','reportCheckJoin',NULL,NULL,'周期报告、周期监测汇合','parallelGateway',NULL,'2017-03-25 17:11:51','2017-03-25 17:11:51',6,''),('1780394','pm_process_jianguan:1:1775011','1777501','1697618','reportCheckJoin',NULL,NULL,'周期报告、周期监测汇合','parallelGateway',NULL,'2017-03-25 17:12:18','2017-03-25 17:12:18',7,''),('1780395','pm_process_jianguan:1:1775011','1777501','1697588','determineTheNeedToSubmit',NULL,NULL,'判断是否需要周期监测','exclusiveGateway',NULL,'2017-03-25 17:12:18','2017-03-25 17:12:18',1,''),('1780396','pm_process_jianguan:1:1775011','1777501','1697588','monthlyReportJoin',NULL,NULL,NULL,'parallelGateway',NULL,'2017-03-25 17:12:18','2017-03-25 17:12:18',0,''),('1780397','pm_process_jianguan:1:1775011','1777501','1777501','PMSelfConclusion','1780398',NULL,'项目经理自评','userTask','4','2017-03-25 17:12:18','2017-03-25 17:12:31',13342,''),('1780428','pm_process_jianguan:1:1775011','1777501','1777501','departleaderConclusion','1780429',NULL,'部门经理评价','userTask','7','2017-03-25 17:12:31','2017-03-25 17:12:54',23010,''),('1780461','pm_process_jianguan:1:1775011','1777501','1777501','pm_process_jianguan_end',NULL,NULL,'项目监管流程结束','endEvent',NULL,'2017-03-25 17:12:54','2017-03-25 17:12:54',7,''),('1780464','pm_process_jianguan:1:1775011','1780462','1780462','pm_process_jianguan_start',NULL,NULL,'项目监管流程开始','startEvent',NULL,'2017-03-27 09:23:25','2017-03-27 09:23:25',2,''),('1780485','pm_process_jianguan:1:1775011','1780462','1780462','officerApproval','1780486',NULL,'管理员审批','userTask','59','2017-03-27 09:23:25','2017-03-27 09:26:07',162711,''),('1780504','pm_process_jianguan:1:1775011','1780462','1780462','committeeApproval','1780505',NULL,'决策委员会审批','userTask','58','2017-03-27 09:26:07','2017-03-27 09:47:10',1263144,''),('1780525','pm_process_jianguan:1:1775011','1780462','1780462','primaryReviewConclusion',NULL,NULL,'初期评审结论','exclusiveGateway',NULL,'2017-03-27 09:47:10','2017-03-27 09:47:10',0,''),('1780526','pm_process_jianguan:1:1775011','1780462','1780462','departleaderApproval','1780527',NULL,'部门经理审批','userTask','53','2017-03-27 09:47:10','2017-03-27 09:52:15',305821,''),('1780548','pm_process_jianguan:1:1775011','1780462','1780462','resultOfDepartApproval',NULL,NULL,'部门经理审批结论','exclusiveGateway',NULL,'2017-03-27 09:52:15','2017-03-27 09:52:15',0,''),('1780549','pm_process_jianguan:1:1775011','1780462','1780462','publishParallelfork',NULL,NULL,NULL,'parallelGateway',NULL,'2017-03-27 09:52:15','2017-03-27 09:52:15',0,''),('1780552','pm_process_jianguan:1:1775011','1780462','1780550','pmSubmitMIdMaterial','1780553',NULL,'项目经理提交中期评审材料','userTask','57','2017-03-27 09:52:15','2017-03-27 09:54:35',140286,''),('1780554','pm_process_jianguan:1:1775011','1780462','1780551','determineTheNeedToSubmit',NULL,NULL,'判断是否需要周期监测','exclusiveGateway',NULL,'2017-03-27 09:52:15','2017-03-27 09:52:15',2,''),('1780557','pm_process_jianguan:1:1775011','1780462','1780555','MonthlyReportTimer',NULL,NULL,'定时器','intermediateTimer',NULL,'2017-03-27 09:52:15','2017-03-27 10:51:46',3571784,''),('1780559','pm_process_jianguan:1:1775011','1780462','1697628','reportCheckJoin',NULL,NULL,'周期报告、周期监测汇合','parallelGateway',NULL,'2017-03-27 09:53:59','2017-03-27 09:53:59',6,''),('1780577','pm_process_jianguan:1:1775011','1780462','1780550','DispatcherMidMaster','1780578',NULL,'管理人员指定中期评审专家','userTask','59','2017-03-27 09:54:35','2017-03-27 09:55:20',45307,''),('1780598','pm_process_jianguan:1:1775011','1780462','1780550','midApprovalReport','1780599',NULL,'项目经理提交中期评审报告','userTask','57','2017-03-27 09:55:20','2017-03-27 09:56:29',69022,''),('1780619','pm_process_jianguan:1:1775011','1780462','1780550','inputMidGrade','1780620',NULL,'管理人员录入中期评审专家评分','userTask','59','2017-03-27 09:56:29','2017-03-27 09:57:24',55250,''),('1780642','pm_process_jianguan:1:1775011','1780462','1780550','midCommitteeApproval','1780643',NULL,'决策委员会中期评审','userTask','58','2017-03-27 09:57:24','2017-03-27 10:00:40',196883,''),('1780648','pm_process_jianguan:1:1775011','1780462','1780551','reportCheckJoin',NULL,NULL,'周期报告、周期监测汇合','parallelGateway',NULL,'2017-03-27 09:59:26','2017-03-27 09:59:26',6,''),('1780649','pm_process_jianguan:1:1775011','1780462','1697628','determineTheNeedToSubmit',NULL,NULL,'判断是否需要周期监测','exclusiveGateway',NULL,'2017-03-27 09:59:26','2017-03-27 09:59:26',2,''),('1780652','pm_process_jianguan:1:1775011','1780462','1780650','MonthlyReportTimer',NULL,NULL,'定时器','intermediateTimer',NULL,'2017-03-27 09:59:26','2017-03-27 10:58:57',3571265,''),('1780675','pm_process_jianguan:1:1775011','1780462','1780550','midConclusion',NULL,NULL,'中期评审结论','exclusiveGateway',NULL,'2017-03-27 10:00:40','2017-03-27 10:00:40',0,''),('1780676','pm_process_jianguan:1:1775011','1780462','1780550','departleaderMidApproval','1780677',NULL,'部门经理审核中期结果','userTask','53','2017-03-27 10:00:40','2017-03-27 10:02:45',125348,''),('1780702','pm_process_jianguan:1:1775011','1780462','1780550','resultOfMidChecked',NULL,NULL,'项目管理人员审核中期结果','exclusiveGateway',NULL,'2017-03-27 10:02:45','2017-03-27 10:02:45',0,''),('1780703','pm_process_jianguan:1:1775011','1780462','1780550','pmSubmitEndMaterial','1780704',NULL,'项目经理提交终期评审材料','userTask','57','2017-03-27 10:02:45','2017-03-27 10:21:07',1102276,''),('1780706','pm_process_jianguan:1:1775011','1780462','1697639','reportCheckJoin',NULL,NULL,'周期报告、周期监测汇合','parallelGateway',NULL,'2017-03-27 10:19:41','2017-03-27 10:19:41',6,''),('1780731','pm_process_jianguan:1:1775011','1780462','1780550','DispatcherEndMaster','1780732',NULL,'管理人员指定终期评审专家','userTask','59','2017-03-27 10:21:07','2017-03-27 10:21:48',41744,''),('1780759','pm_process_jianguan:1:1775011','1780462','1780550','endApprovalReport','1780760',NULL,'项目经理提交终期评审报告','userTask','57','2017-03-27 10:21:48','2017-03-27 10:23:16',88457,''),('1780787','pm_process_jianguan:1:1775011','1780462','1780550','inputEndGrade','1780788',NULL,'管理人员录入终期评审专家评分','userTask','59','2017-03-27 10:23:16','2017-03-27 10:24:32',76301,''),('1780817','pm_process_jianguan:1:1775011','1780462','1780550','committeeEndApproval','1780818',NULL,'决策委员会终期评审','userTask','58','2017-03-27 10:24:32','2017-03-27 10:25:48',76933,''),('1780822','pm_process_jianguan:1:1775011','1780462','1697628','reportCheckJoin',NULL,NULL,'周期报告、周期监测汇合','parallelGateway',NULL,'2017-03-27 10:25:32','2017-03-27 10:25:32',7,''),('1780823','pm_process_jianguan:1:1775011','1780462','1697628','determineTheNeedToSubmit',NULL,NULL,'判断是否需要周期监测','exclusiveGateway',NULL,'2017-03-27 10:25:32','2017-03-27 10:25:32',0,''),('1780826','pm_process_jianguan:1:1775011','1780462','1780824','MonthlyReportTimer',NULL,NULL,'定时器','intermediateTimer',NULL,'2017-03-27 10:25:32','2017-03-27 11:25:03',3571691,''),('1780855','pm_process_jianguan:1:1775011','1780462','1780550','endConclusion',NULL,NULL,'终期评审结论','exclusiveGateway',NULL,'2017-03-27 10:25:48','2017-03-27 10:25:48',0,''),('1780856','pm_process_jianguan:1:1775011','1780462','1780550','departleaderEndApproval','1780857',NULL,'部门经理审核终期结果','userTask','53','2017-03-27 10:25:48','2017-03-27 10:26:40',52989,''),('1780886','pm_process_jianguan:1:1775011','1780462','1780550','resultOfEndChecked',NULL,NULL,'项目管理人员审核终期结果','exclusiveGateway',NULL,'2017-03-27 10:26:40','2017-03-27 10:26:40',0,''),('1780887','pm_process_jianguan:1:1775011','1780462','1780550','monthlyReportJoin',NULL,NULL,NULL,'parallelGateway',NULL,'2017-03-27 10:26:40','2017-03-27 10:26:41',11,''),('1780889','pm_process_jianguan:1:1775011','1780462','1697628','reportCheckJoin',NULL,NULL,'周期报告、周期监测汇合','parallelGateway',NULL,'2017-03-27 10:28:43','2017-03-27 10:28:43',6,''),('1780891','pm_process_jianguan:1:1775011','1780462','1697649','reportCheckJoin',NULL,NULL,'周期报告、周期监测汇合','parallelGateway',NULL,'2017-03-27 10:29:18','2017-03-27 10:29:18',6,''),('1780892','pm_process_jianguan:1:1775011','1780462','1697628','determineTheNeedToSubmit',NULL,NULL,'判断是否需要周期监测','exclusiveGateway',NULL,'2017-03-27 10:29:18','2017-03-27 10:29:18',1,''),('1780893','pm_process_jianguan:1:1775011','1780462','1697628','monthlyReportJoin',NULL,NULL,NULL,'parallelGateway',NULL,'2017-03-27 10:29:18','2017-03-27 10:29:18',0,''),('1780894','pm_process_jianguan:1:1775011','1780462','1780462','PMSelfConclusion','1780895',NULL,'项目经理自评','userTask','57','2017-03-27 10:29:18','2017-03-27 10:30:10',52343,''),('1780925','pm_process_jianguan:1:1775011','1780462','1780462','departleaderConclusion','1780926',NULL,'部门经理评价','userTask','53','2017-03-27 10:30:10','2017-03-27 10:31:43',93002,''),('1780958','pm_process_jianguan:1:1775011','1780462','1780462','pm_process_jianguan_end',NULL,NULL,'项目监管流程结束','endEvent',NULL,'2017-03-27 10:31:43','2017-03-27 10:31:43',5,''),('1780961','pm_process_jianguan:1:1775011','1780959','1780959','pm_process_jianguan_start',NULL,NULL,'项目监管流程开始','startEvent',NULL,'2017-03-27 10:55:08','2017-03-27 10:55:08',2,''),('1780982','pm_process_jianguan:1:1775011','1780959','1780959','officerApproval','1780983',NULL,'管理员审批','userTask','59','2017-03-27 10:55:08','2017-03-27 11:00:07',299366,''),('1781001','pm_process_jianguan:1:1775011','1780959','1780959','committeeApproval','1781002',NULL,'决策委员会审批','userTask','6','2017-03-27 11:00:07','2017-03-27 13:20:41',8434170,''),('1781010','pm_process_jianguan:1:1775011','1781008','1781008','pm_process_jianguan_start',NULL,NULL,'项目监管流程开始','startEvent',NULL,'2017-03-27 12:32:44','2017-03-27 12:32:44',2,''),('1781031','pm_process_jianguan:1:1775011','1781008','1781008','officerApproval','1781032',NULL,'管理员审批','userTask',NULL,'2017-03-27 12:32:44',NULL,NULL,''),('1782503','pm_process_jianguan:1:1775011','1782501','1782501','pm_process_jianguan_start',NULL,NULL,'项目监管流程开始','startEvent',NULL,'2017-03-27 13:19:30','2017-03-27 13:19:31',84,''),('1782524','pm_process_jianguan:1:1775011','1782501','1782501','officerApproval','1782525',NULL,'管理员审批','userTask','5','2017-03-27 13:19:31','2017-03-27 13:19:59',28665,''),('1782543','pm_process_jianguan:1:1775011','1782501','1782501','committeeApproval','1782544',NULL,'决策委员会审批','userTask','58','2017-03-27 13:19:59','2017-03-27 13:23:38',219555,''),('1782562','pm_process_jianguan:1:1775011','1780959','1780959','primaryReviewConclusion',NULL,NULL,'初期评审结论','exclusiveGateway',NULL,'2017-03-27 13:20:41','2017-03-27 13:20:41',46,''),('1782563','pm_process_jianguan:1:1775011','1780959','1780959','departleaderApproval','1782564',NULL,'部门经理审批','userTask','53','2017-03-27 13:20:41','2017-03-27 14:07:30',2809002,''),('1782581','pm_process_jianguan:1:1775011','1782501','1782501','primaryReviewConclusion',NULL,NULL,'初期评审结论','exclusiveGateway',NULL,'2017-03-27 13:23:38','2017-03-27 13:23:38',0,''),('1782582','pm_process_jianguan:1:1775011','1782501','1782501','departleaderApproval','1782583',NULL,'部门经理审批','userTask','53','2017-03-27 13:23:38','2017-03-27 15:12:45',6547811,''),('1785003','pm_process_jianguan:1:1775011','1785001','1785001','pm_process_jianguan_start',NULL,NULL,'项目监管流程开始','startEvent',NULL,'2017-03-27 13:47:51','2017-03-27 13:47:51',10,''),('1785024','pm_process_jianguan:1:1775011','1785001','1785001','officerApproval','1785025',NULL,'管理员审批','userTask',NULL,'2017-03-27 13:47:51',NULL,NULL,''),('1785045','pm_process_jianguan:1:1775011','1780959','1780959','resultOfDepartApproval',NULL,NULL,'部门经理审批结论','exclusiveGateway',NULL,'2017-03-27 14:07:30','2017-03-27 14:07:30',8,''),('1785046','pm_process_jianguan:1:1775011','1780959','1780959','publishParallelfork',NULL,NULL,NULL,'parallelGateway',NULL,'2017-03-27 14:07:30','2017-03-27 14:07:30',0,''),('1785049','pm_process_jianguan:1:1775011','1780959','1785047','pmSubmitMIdMaterial','1785050',NULL,'项目经理提交中期评审材料','userTask','55','2017-03-27 14:07:30','2017-03-27 14:49:31',2521156,''),('1785051','pm_process_jianguan:1:1775011','1780959','1785048','determineTheNeedToSubmit',NULL,NULL,'判断是否需要周期监测','exclusiveGateway',NULL,'2017-03-27 14:07:30','2017-03-27 14:07:30',2,''),('1785054','pm_process_jianguan:1:1775011','1780959','1785052','MonthlyReportTimer',NULL,NULL,'定时器','intermediateTimer',NULL,'2017-03-27 14:07:30','2017-03-27 15:07:00',3570076,''),('1787502','pm_process_jianguan:1:1775011','1780959','1697659','reportCheckJoin',NULL,NULL,'周期报告、周期监测汇合','parallelGateway',NULL,'2017-03-27 14:48:47','2017-03-27 14:48:47',7,''),('1787520','pm_process_jianguan:1:1775011','1780959','1785047','DispatcherMidMaster','1787521',NULL,'管理人员指定中期评审专家','userTask','59','2017-03-27 14:49:31','2017-03-27 14:54:17',286309,''),('1787541','pm_process_jianguan:1:1775011','1780959','1785047','midApprovalReport','1787542',NULL,'项目经理提交中期评审报告','userTask','55','2017-03-27 14:54:17','2017-03-27 14:58:32',255874,''),('1787562','pm_process_jianguan:1:1775011','1780959','1785047','inputMidGrade','1787563',NULL,'管理人员录入中期评审专家评分','userTask','59','2017-03-27 14:58:32','2017-03-27 15:00:58',146739,''),('1787585','pm_process_jianguan:1:1775011','1780959','1785047','midCommitteeApproval','1787586',NULL,'决策委员会中期评审','userTask','6','2017-03-27 15:00:58','2017-03-27 15:03:35',157407,''),('1787591','pm_process_jianguan:1:1775011','1780959','1785048','reportCheckJoin',NULL,NULL,'周期报告、周期监测汇合','parallelGateway',NULL,'2017-03-27 15:03:17','2017-03-27 15:03:17',7,''),('1787592','pm_process_jianguan:1:1775011','1780959','1697659','determineTheNeedToSubmit',NULL,NULL,'判断是否需要周期监测','exclusiveGateway',NULL,'2017-03-27 15:03:17','2017-03-27 15:03:17',10,''),('1787595','pm_process_jianguan:1:1775011','1780959','1787593','MonthlyReportTimer',NULL,NULL,'定时器','intermediateTimer',NULL,'2017-03-27 15:03:17','2017-03-27 16:02:48',3571050,''),('1787618','pm_process_jianguan:1:1775011','1780959','1785047','midConclusion',NULL,NULL,'中期评审结论','exclusiveGateway',NULL,'2017-03-27 15:03:35','2017-03-27 15:03:35',1,''),('1787619','pm_process_jianguan:1:1775011','1780959','1785047','departleaderMidApproval','1787620',NULL,'部门经理审核中期结果','userTask','53','2017-03-27 15:03:35','2017-03-27 15:04:58',83418,''),('1787645','pm_process_jianguan:1:1775011','1780959','1785047','resultOfMidChecked',NULL,NULL,'项目管理人员审核中期结果','exclusiveGateway',NULL,'2017-03-27 15:04:58','2017-03-27 15:04:58',0,''),('1787646','pm_process_jianguan:1:1775011','1780959','1785047','pmSubmitEndMaterial','1787647',NULL,'项目经理提交终期评审材料','userTask','55','2017-03-27 15:04:58','2017-03-27 15:15:32',634513,''),('1787649','pm_process_jianguan:1:1775011','1780959','1697670','reportCheckJoin',NULL,NULL,'周期报告、周期监测汇合','parallelGateway',NULL,'2017-03-27 15:09:50','2017-03-27 15:09:50',7,''),('1787669','pm_process_jianguan:1:1775011','1782501','1782501','resultOfDepartApproval',NULL,NULL,'部门经理审批结论','exclusiveGateway',NULL,'2017-03-27 15:12:45','2017-03-27 15:12:45',0,''),('1787670','pm_process_jianguan:1:1775011','1782501','1782501','publishParallelfork',NULL,NULL,NULL,'parallelGateway',NULL,'2017-03-27 15:12:45','2017-03-27 15:12:45',0,''),('1787673','pm_process_jianguan:1:1775011','1782501','1787671','pmSubmitMIdMaterial','1787674',NULL,'项目经理提交中期评审材料','userTask','4','2017-03-27 15:12:45',NULL,NULL,''),('1787675','pm_process_jianguan:1:1775011','1782501','1787672','determineTheNeedToSubmit',NULL,NULL,'判断是否需要周期监测','exclusiveGateway',NULL,'2017-03-27 15:12:45','2017-03-27 15:12:45',1,''),('1787678','pm_process_jianguan:1:1775011','1782501','1787676','MonthlyReportTimer',NULL,NULL,'定时器','intermediateTimer',NULL,'2017-03-27 15:12:45','2017-03-27 16:12:13',3568563,''),('1787703','pm_process_jianguan:1:1775011','1780959','1785047','DispatcherEndMaster','1787704',NULL,'管理人员指定终期评审专家','userTask','59','2017-03-27 15:15:32','2017-03-27 15:17:03',91392,''),('1787731','pm_process_jianguan:1:1775011','1780959','1785047','endApprovalReport','1787732',NULL,'项目经理提交终期评审报告','userTask','55','2017-03-27 15:17:03','2017-03-27 15:19:14',131334,''),('1787759','pm_process_jianguan:1:1775011','1780959','1785047','inputEndGrade','1787760',NULL,'管理人员录入终期评审专家评分','userTask','59','2017-03-27 15:19:14','2017-03-27 15:19:48',34884,''),('1787789','pm_process_jianguan:1:1775011','1780959','1785047','committeeEndApproval','1787790',NULL,'决策委员会终期评审','userTask','6','2017-03-27 15:19:48','2017-03-27 15:20:29',41066,''),('1787821','pm_process_jianguan:1:1775011','1780959','1785047','endConclusion',NULL,NULL,'终期评审结论','exclusiveGateway',NULL,'2017-03-27 15:20:29','2017-03-27 15:20:29',1,''),('1787822','pm_process_jianguan:1:1775011','1780959','1785047','departleaderEndApproval','1787823',NULL,'部门经理审核终期结果','userTask','53','2017-03-27 15:20:29','2017-03-27 15:21:38',69777,''),('1787826','pm_process_jianguan:1:1775011','1780959','1697659','reportCheckJoin',NULL,NULL,'周期报告、周期监测汇合','parallelGateway',NULL,'2017-03-27 15:20:39','2017-03-27 15:20:39',7,''),('1787827','pm_process_jianguan:1:1775011','1780959','1697659','determineTheNeedToSubmit',NULL,NULL,'判断是否需要周期监测','exclusiveGateway',NULL,'2017-03-27 15:20:39','2017-03-27 15:20:39',0,''),('1787830','pm_process_jianguan:1:1775011','1780959','1787828','MonthlyReportTimer',NULL,NULL,'定时器','intermediateTimer',NULL,'2017-03-27 15:20:39','2017-03-27 16:20:09',3570019,''),('1787858','pm_process_jianguan:1:1775011','1780959','1785047','resultOfEndChecked',NULL,NULL,'项目管理人员审核终期结果','exclusiveGateway',NULL,'2017-03-27 15:21:38','2017-03-27 15:21:38',1,''),('1787859','pm_process_jianguan:1:1775011','1780959','1785047','monthlyReportJoin',NULL,NULL,NULL,'parallelGateway',NULL,'2017-03-27 15:21:38','2017-03-27 15:21:38',8,''),('1787861','pm_process_jianguan:1:1775011','1780959','1697691','reportCheckJoin',NULL,NULL,'周期报告、周期监测汇合','parallelGateway',NULL,'2017-03-27 15:24:15','2017-03-27 15:24:15',6,''),('1787863','pm_process_jianguan:1:1775011','1780959','1697659','reportCheckJoin',NULL,NULL,'周期报告、周期监测汇合','parallelGateway',NULL,'2017-03-27 15:26:46','2017-03-27 15:26:46',11,''),('1787864','pm_process_jianguan:1:1775011','1780959','1697659','determineTheNeedToSubmit',NULL,NULL,'判断是否需要周期监测','exclusiveGateway',NULL,'2017-03-27 15:26:46','2017-03-27 15:26:46',0,''),('1787865','pm_process_jianguan:1:1775011','1780959','1697659','monthlyReportJoin',NULL,NULL,NULL,'parallelGateway',NULL,'2017-03-27 15:26:46','2017-03-27 15:26:46',0,''),('1787866','pm_process_jianguan:1:1775011','1780959','1780959','PMSelfConclusion','1787867',NULL,'项目经理自评','userTask','55','2017-03-27 15:26:46','2017-03-27 15:27:48',62958,''),('1787897','pm_process_jianguan:1:1775011','1780959','1780959','departleaderConclusion','1787898',NULL,'部门经理评价','userTask','53','2017-03-27 15:27:48','2017-03-27 15:28:35',47051,''),('1787930','pm_process_jianguan:1:1775011','1780959','1780959','pm_process_jianguan_end',NULL,NULL,'项目监管流程结束','endEvent',NULL,'2017-03-27 15:28:35','2017-03-27 15:28:35',7,''),('1787933','pm_process_jianguan:1:1775011','1787931','1787931','pm_process_jianguan_start',NULL,NULL,'项目监管流程开始','startEvent',NULL,'2017-03-27 15:31:28','2017-03-27 15:31:28',2,''),('1787954','pm_process_jianguan:1:1775011','1787931','1787931','officerApproval','1787955',NULL,'管理员审批','userTask','59','2017-03-27 15:31:28','2017-03-27 16:01:40',1812520,''),('1787959','changeProcess:1:1775012','1787957','1787957','startChangeProcess',NULL,NULL,'开始变更','startEvent',NULL,'2017-03-27 15:46:42','2017-03-27 15:46:42',2,''),('1787982','changeProcess:1:1775012','1787957','1787957','committeeApprovalChange','1787983',NULL,'决策委员会审批变更','userTask','58','2017-03-27 15:46:42','2017-03-27 16:09:54',1392761,''),('1788003','pm_process_jianguan:1:1775011','1787931','1787931','committeeApproval','1788004',NULL,'决策委员会审批','userTask','58','2017-03-27 16:01:40','2017-03-27 16:57:15',3335775,''),('1788014','changeProcess:1:1775012','1787957','1787957','committeeApprovalChangeConclusion',NULL,NULL,'决策委员会审批变更结论','exclusiveGateway',NULL,'2017-03-27 16:09:55','2017-03-27 16:09:55',2,''),('1788015','changeProcess:1:1775012','1787957','1787957','departleaderApprovalChange','1788016',NULL,'部门经理审批变更','userTask','53','2017-03-27 16:09:55','2017-03-27 16:15:09',314976,''),('1788021','changeProcess:1:1775012','1787957','1787957','departleaderApprovalChangeConclusion',NULL,NULL,'部门经理审批变更结论','exclusiveGateway',NULL,'2017-03-27 16:15:09','2017-03-27 16:15:09',0,''),('1788022','changeProcess:1:1775012','1787957','1787957','endChangeProcess',NULL,NULL,'结束变更','endEvent',NULL,'2017-03-27 16:15:10','2017-03-27 16:15:10',20,''),('1788025','changeProcess:1:1775012','1788023','1788023','startChangeProcess',NULL,NULL,'开始变更','startEvent',NULL,'2017-03-27 16:24:37','2017-03-27 16:24:37',2,''),('1788050','changeProcess:1:1775012','1788023','1788023','committeeApprovalChange','1788051',NULL,'决策委员会审批变更','userTask','58','2017-03-27 16:24:37','2017-03-27 16:33:41',544058,''),('1788060','changeProcess:1:1775012','1788023','1788023','committeeApprovalChangeConclusion',NULL,NULL,'决策委员会审批变更结论','exclusiveGateway',NULL,'2017-03-27 16:33:41','2017-03-27 16:33:41',2,''),('1788061','changeProcess:1:1775012','1788023','1788023','modifyChange','1788062',NULL,'修改变更','userTask','55','2017-03-27 16:33:41','2017-03-27 16:43:55',614947,''),('1788065','changeProcess:1:1775012','1788023','1788023','isAgreeChange',NULL,NULL,'是否同意修改变更','exclusiveGateway',NULL,'2017-03-27 16:43:55','2017-03-27 16:43:55',0,''),('1788066','changeProcess:1:1775012','1788023','1788023','endChangeProcess',NULL,NULL,'结束变更','endEvent',NULL,'2017-03-27 16:43:55','2017-03-27 16:43:55',14,''),('1788069','changeProcess:1:1775012','1788067','1788067','startChangeProcess',NULL,NULL,'开始变更','startEvent',NULL,'2017-03-27 16:45:23','2017-03-27 16:45:23',2,''),('1788094','changeProcess:1:1775012','1788067','1788067','committeeApprovalChange','1788095',NULL,'决策委员会审批变更','userTask','58','2017-03-27 16:45:23','2017-03-27 16:46:58',95371,''),('1788104','changeProcess:1:1775012','1788067','1788067','committeeApprovalChangeConclusion',NULL,NULL,'决策委员会审批变更结论','exclusiveGateway',NULL,'2017-03-27 16:46:58','2017-03-27 16:46:58',2,''),('1788105','changeProcess:1:1775012','1788067','1788067','modifyChange','1788106',NULL,'修改变更','userTask','55','2017-03-27 16:46:58','2017-03-27 16:49:40',162550,''),('1788109','changeProcess:1:1775012','1788067','1788067','isAgreeChange',NULL,NULL,'是否同意修改变更','exclusiveGateway',NULL,'2017-03-27 16:49:40','2017-03-27 16:49:40',0,''),('1788110','changeProcess:1:1775012','1788067','1788067','committeeApprovalChange','1788111',NULL,'决策委员会审批变更','userTask','58','2017-03-27 16:49:40','2017-03-27 16:51:14',94748,''),('1788117','changeProcess:1:1775012','1788067','1788067','committeeApprovalChangeConclusion',NULL,NULL,'决策委员会审批变更结论','exclusiveGateway',NULL,'2017-03-27 16:51:14','2017-03-27 16:51:14',2,''),('1788118','changeProcess:1:1775012','1788067','1788067','departleaderApprovalChange','1788119',NULL,'部门经理审批变更','userTask','53','2017-03-27 16:51:14','2017-03-27 16:52:22',68327,''),('1788124','changeProcess:1:1775012','1788067','1788067','departleaderApprovalChangeConclusion',NULL,NULL,'部门经理审批变更结论','exclusiveGateway',NULL,'2017-03-27 16:52:22','2017-03-27 16:52:22',0,''),('1788125','changeProcess:1:1775012','1788067','1788067','modifyChange','1788126',NULL,'修改变更','userTask','55','2017-03-27 16:52:22','2017-03-27 16:53:15',53105,''),('1788128','changeProcess:1:1775012','1788067','1788067','isAgreeChange',NULL,NULL,'是否同意修改变更','exclusiveGateway',NULL,'2017-03-27 16:53:15','2017-03-27 16:53:15',1,''),('1788129','changeProcess:1:1775012','1788067','1788067','committeeApprovalChange','1788130',NULL,'决策委员会审批变更','userTask','58','2017-03-27 16:53:15','2017-03-27 16:56:12',177983,''),('1788136','changeProcess:1:1775012','1788067','1788067','committeeApprovalChangeConclusion',NULL,NULL,'决策委员会审批变更结论','exclusiveGateway',NULL,'2017-03-27 16:56:13','2017-03-27 16:56:13',4,''),('1788137','changeProcess:1:1775012','1788067','1788067','departleaderApprovalChange','1788138',NULL,'部门经理审批变更','userTask','53','2017-03-27 16:56:13','2017-03-27 16:59:16',183446,''),('1788154','pm_process_jianguan:1:1775011','1787931','1787931','primaryReviewConclusion',NULL,NULL,'初期评审结论','exclusiveGateway',NULL,'2017-03-27 16:57:15','2017-03-27 16:57:15',0,''),('1788155','pm_process_jianguan:1:1775011','1787931','1787931','departleaderApproval','1788156',NULL,'部门经理审批','userTask','53','2017-03-27 16:57:15','2017-03-27 16:59:25',130968,''),('1788159','changeProcess:1:1775012','1788067','1788067','departleaderApprovalChangeConclusion',NULL,NULL,'部门经理审批变更结论','exclusiveGateway',NULL,'2017-03-27 16:59:16','2017-03-27 16:59:16',0,''),('1788160','changeProcess:1:1775012','1788067','1788067','endChangeProcess',NULL,NULL,'结束变更','endEvent',NULL,'2017-03-27 16:59:16','2017-03-27 16:59:16',13,''),('1788180','pm_process_jianguan:1:1775011','1787931','1787931','resultOfDepartApproval',NULL,NULL,'部门经理审批结论','exclusiveGateway',NULL,'2017-03-27 16:59:25','2017-03-27 16:59:25',0,''),('1788181','pm_process_jianguan:1:1775011','1787931','1787931','publishParallelfork',NULL,NULL,NULL,'parallelGateway',NULL,'2017-03-27 16:59:25','2017-03-27 16:59:25',0,''),('1788184','pm_process_jianguan:1:1775011','1787931','1788182','pmSubmitMIdMaterial','1788185',NULL,'项目经理提交中期评审材料','userTask','55','2017-03-27 16:59:25',NULL,NULL,''),('1788186','pm_process_jianguan:1:1775011','1787931','1788183','determineTheNeedToSubmit',NULL,NULL,'判断是否需要周期监测','exclusiveGateway',NULL,'2017-03-27 16:59:25','2017-03-27 16:59:25',1,''),('1788189','pm_process_jianguan:1:1775011','1787931','1788187','MonthlyReportTimer',NULL,NULL,'定时器','intermediateTimer',NULL,'2017-03-27 16:59:26','2017-03-27 17:58:54',3568168,''),('1788192','pm_process_jianguan:1:1775011','1788190','1788190','pm_process_jianguan_start',NULL,NULL,'项目监管流程开始','startEvent',NULL,'2017-03-27 19:35:41','2017-03-27 19:35:41',6,''),('1788213','pm_process_jianguan:1:1775011','1788190','1788190','officerApproval','1788214',NULL,'管理员审批','userTask','59','2017-03-27 19:35:41','2017-03-27 19:37:12',91756,''),('1788232','pm_process_jianguan:1:1775011','1788190','1788190','committeeApproval','1788233',NULL,'决策委员会审批','userTask','58','2017-03-27 19:37:12','2017-03-27 19:38:30',78351,''),('1788253','pm_process_jianguan:1:1775011','1788190','1788190','primaryReviewConclusion',NULL,NULL,'初期评审结论','exclusiveGateway',NULL,'2017-03-27 19:38:30','2017-03-27 19:38:30',0,''),('1788254','pm_process_jianguan:1:1775011','1788190','1788190','departleaderApproval','1788255',NULL,'部门经理审批','userTask','53','2017-03-27 19:38:30','2017-03-27 19:42:09',219843,''),('1788276','pm_process_jianguan:1:1775011','1788190','1788190','resultOfDepartApproval',NULL,NULL,'部门经理审批结论','exclusiveGateway',NULL,'2017-03-27 19:42:09','2017-03-27 19:42:09',0,''),('1788277','pm_process_jianguan:1:1775011','1788190','1788190','publishParallelfork',NULL,NULL,NULL,'parallelGateway',NULL,'2017-03-27 19:42:09','2017-03-27 19:42:09',0,''),('1788280','pm_process_jianguan:1:1775011','1788190','1788278','pmSubmitMIdMaterial','1788281',NULL,'项目经理提交中期评审材料','userTask','57','2017-03-27 19:42:09',NULL,NULL,''),('1788282','pm_process_jianguan:1:1775011','1788190','1788279','determineTheNeedToSubmit',NULL,NULL,'判断是否需要周期监测','exclusiveGateway',NULL,'2017-03-27 19:42:09','2017-03-27 19:42:09',1,''),('1788285','pm_process_jianguan:1:1775011','1788190','1788283','MonthlyReportTimer',NULL,NULL,'定时器','intermediateTimer',NULL,'2017-03-27 19:42:09','2017-03-27 20:41:37',3568963,''),('1788288','pm_process_jianguan:1:1775011','1788286','1788286','pm_process_jianguan_start',NULL,NULL,'项目监管流程开始','startEvent',NULL,'2017-03-27 19:48:09','2017-03-27 19:48:09',2,''),('1788309','pm_process_jianguan:1:1775011','1788286','1788286','officerApproval','1788310',NULL,'管理员审批','userTask','59','2017-03-27 19:48:09','2017-03-27 19:49:11',62006,''),('1788329','pm_process_jianguan:1:1775011','1788286','1788286','committeeApproval','1788330',NULL,'决策委员会审批','userTask','58','2017-03-27 19:49:11','2017-03-27 19:52:21',190234,''),('1788350','pm_process_jianguan:1:1775011','1788286','1788286','primaryReviewConclusion',NULL,NULL,'初期评审结论','exclusiveGateway',NULL,'2017-03-27 19:52:21','2017-03-27 19:52:21',0,''),('1788351','pm_process_jianguan:1:1775011','1788286','1788286','departleaderApproval','1788352',NULL,'部门经理审批','userTask','53','2017-03-27 19:52:21','2017-03-27 19:52:53',32077,''),('1788373','pm_process_jianguan:1:1775011','1788286','1788286','resultOfDepartApproval',NULL,NULL,'部门经理审批结论','exclusiveGateway',NULL,'2017-03-27 19:52:53','2017-03-27 19:52:53',0,''),('1788374','pm_process_jianguan:1:1775011','1788286','1788286','publishParallelfork',NULL,NULL,NULL,'parallelGateway',NULL,'2017-03-27 19:52:53','2017-03-27 19:52:53',0,''),('1788377','pm_process_jianguan:1:1775011','1788286','1788375','pmSubmitMIdMaterial','1788378',NULL,'项目经理提交中期评审材料','userTask','57','2017-03-27 19:52:53','2017-03-27 19:58:51',358701,''),('1788379','pm_process_jianguan:1:1775011','1788286','1788376','determineTheNeedToSubmit',NULL,NULL,'判断是否需要周期监测','exclusiveGateway',NULL,'2017-03-27 19:52:53','2017-03-27 19:52:53',1,''),('1788382','pm_process_jianguan:1:1775011','1788286','1788380','MonthlyReportTimer',NULL,NULL,'定时器','intermediateTimer',NULL,'2017-03-27 19:52:53','2017-03-27 20:52:23',3570590,''),('1788385','pm_process_jianguan:1:1775011','1788286','1788376','reportCheckJoin',NULL,NULL,'周期报告、周期监测汇合','parallelGateway',NULL,'2017-03-27 19:54:39','2017-03-27 19:54:39',6,''),('1788387','pm_process_jianguan:1:1775011','1788286','1697723','reportCheckJoin',NULL,NULL,'周期报告、周期监测汇合','parallelGateway',NULL,'2017-03-27 19:58:37','2017-03-27 19:58:37',9,''),('1788388','pm_process_jianguan:1:1775011','1788286','1697723','determineTheNeedToSubmit',NULL,NULL,'判断是否需要周期监测','exclusiveGateway',NULL,'2017-03-27 19:58:37','2017-03-27 19:58:37',1,''),('1788391','pm_process_jianguan:1:1775011','1788286','1788389','MonthlyReportTimer',NULL,NULL,'定时器','intermediateTimer',NULL,'2017-03-27 19:58:37','2017-03-27 20:58:04',3567005,''),('1788410','pm_process_jianguan:1:1775011','1788286','1788375','DispatcherMidMaster','1788411',NULL,'管理人员指定中期评审专家','userTask','59','2017-03-27 19:58:51','2017-03-27 19:59:22',31309,''),('1788432','pm_process_jianguan:1:1775011','1788286','1788375','midApprovalReport','1788433',NULL,'项目经理提交中期评审报告','userTask','57','2017-03-27 19:59:22','2017-03-27 20:00:21',59442,''),('1788435','pm_process_jianguan:1:1775011','1788286','1697734','reportCheckJoin',NULL,NULL,'周期报告、周期监测汇合','parallelGateway',NULL,'2017-03-27 20:00:14','2017-03-27 20:00:14',7,''),('1788456','pm_process_jianguan:1:1775011','1788286','1788375','inputMidGrade','1788457',NULL,'管理人员录入中期评审专家评分','userTask','59','2017-03-27 20:00:21','2017-03-27 20:00:48',27488,''),('1788480','pm_process_jianguan:1:1775011','1788286','1788375','midCommitteeApproval','1788481',NULL,'决策委员会中期评审','userTask','58','2017-03-27 20:00:48',NULL,NULL,''),('1788486','pm_process_jianguan:1:1775011','1788484','1788484','pm_process_jianguan_start',NULL,NULL,'项目监管流程开始','startEvent',NULL,'2017-03-27 20:08:50','2017-03-27 20:08:50',2,''),('1788507','pm_process_jianguan:1:1775011','1788484','1788484','officerApproval','1788508',NULL,'管理员审批','userTask',NULL,'2017-03-27 20:08:50',NULL,NULL,''),('1788512','pm_process_jianguan:1:1775011','1788510','1788510','pm_process_jianguan_start',NULL,NULL,'项目监管流程开始','startEvent',NULL,'2017-03-28 10:59:23','2017-03-28 10:59:23',2,''),('1788533','pm_process_jianguan:1:1775011','1788510','1788510','officerApproval','1788534',NULL,'管理员审批','userTask',NULL,'2017-03-28 10:59:23',NULL,NULL,''),('1792505','pm_process_jianguan:1:1775011','1792503','1792503','pm_process_jianguan_start',NULL,NULL,'项目监管流程开始','startEvent',NULL,'2017-04-06 09:47:56','2017-04-06 09:47:56',30,''),('1792526','pm_process_jianguan:1:1775011','1792503','1792503','officerApproval','1792527',NULL,'管理员审批','userTask','9','2017-04-06 09:47:56','2017-04-06 09:54:54',418104,''),('1792546','pm_process_jianguan:1:1775011','1792503','1792503','committeeApproval','1792547',NULL,'决策委员会审批','userTask','6','2017-04-06 09:54:54','2017-04-06 10:00:40',346694,''),('1792565','pm_process_jianguan:1:1775011','1792503','1792503','primaryReviewConclusion',NULL,NULL,'初期评审结论','exclusiveGateway',NULL,'2017-04-06 10:00:40','2017-04-06 10:00:40',25,''),('1792566','pm_process_jianguan:1:1775011','1792503','1792503','departleaderApproval','1792567',NULL,'部门经理审批','userTask','7','2017-04-06 10:00:40','2017-04-06 10:05:26',286325,''),('1792588','pm_process_jianguan:1:1775011','1792503','1792503','resultOfDepartApproval',NULL,NULL,'部门经理审批结论','exclusiveGateway',NULL,'2017-04-06 10:05:26','2017-04-06 10:05:26',0,''),('1792589','pm_process_jianguan:1:1775011','1792503','1792503','publishParallelfork',NULL,NULL,NULL,'parallelGateway',NULL,'2017-04-06 10:05:26','2017-04-06 10:05:26',1,''),('1792592','pm_process_jianguan:1:1775011','1792503','1792590','pmSubmitMIdMaterial','1792593',NULL,'项目经理提交中期评审材料','userTask','4','2017-04-06 10:05:26',NULL,NULL,''),('1792594','pm_process_jianguan:1:1775011','1792503','1792591','determineTheNeedToSubmit',NULL,NULL,'判断是否需要周期监测','exclusiveGateway',NULL,'2017-04-06 10:05:26','2017-04-06 10:05:26',1,''),('1792597','pm_process_jianguan:1:1775011','1792503','1792595','MonthlyReportTimer',NULL,NULL,'定时器','intermediateTimer',NULL,'2017-04-06 10:05:26','2017-04-06 10:07:30',124423,''),('1792599','pm_process_jianguan:1:1775011','1792503','1792591','determineComplete',NULL,NULL,'判断是否完成所有周期监测','exclusiveGateway',NULL,'2017-04-06 10:07:30','2017-04-06 10:07:30',1,''),('1792600','pm_process_jianguan:1:1775011','1792503','1792591','ReportCheckfork',NULL,NULL,'周期报告、周期监测分支','parallelGateway',NULL,'2017-04-06 10:07:30','2017-04-06 10:07:30',0,''),('1792602','pm_process_jianguan:1:1775011','1792503','1792591','submitMonthlyCheck','1792603',NULL,'提交周期监测','userTask','6','2017-04-06 10:07:30',NULL,NULL,''),('1792607','pm_process_jianguan:1:1775011','1792503','1792601','submitMonthlyReport','1792608',NULL,'提交周期报告','userTask','4','2017-04-06 10:07:30',NULL,NULL,''),('1797503','pm_process_jianguan:1:1775011','1797501','1797501','pm_process_jianguan_start',NULL,NULL,'项目监管流程开始','startEvent',NULL,'2017-05-17 02:08:17','2017-05-17 02:08:17',22,''),('1797524','pm_process_jianguan:1:1775011','1797501','1797501','officerApproval','1797525',NULL,'管理员审批','userTask',NULL,'2017-05-17 02:08:17',NULL,NULL,''),('1800003','pm_process_jianguan:1:1775011','1800001','1800001','pm_process_jianguan_start',NULL,NULL,'项目监管流程开始','startEvent',NULL,'2017-05-17 02:45:50','2017-05-17 02:45:50',21,''),('1800024','pm_process_jianguan:1:1775011','1800001','1800001','officerApproval','1800025',NULL,'管理员审批','userTask',NULL,'2017-05-17 02:45:50',NULL,NULL,''),('1802505','pm_process_jianguan:1:1775011','1802503','1802503','pm_process_jianguan_start',NULL,NULL,'项目监管流程开始','startEvent',NULL,'2017-05-17 02:56:03','2017-05-17 02:56:03',32,''),('1802526','pm_process_jianguan:1:1775011','1802503','1802503','officerApproval','1802527',NULL,'管理员审批','userTask',NULL,'2017-05-17 02:56:03',NULL,NULL,''),('1802531','pm_process_jianguan:1:1775011','1802529','1802529','pm_process_jianguan_start',NULL,NULL,'项目监管流程开始','startEvent',NULL,'2017-05-17 03:05:06','2017-05-17 03:05:06',6,''),('1802552','pm_process_jianguan:1:1775011','1802529','1802529','officerApproval','1802553',NULL,'管理员审批','userTask',NULL,'2017-05-17 03:05:06',NULL,NULL,''),('1802559','pm_process_jianguan:1:1775011','1802557','1802557','pm_process_jianguan_start',NULL,NULL,'项目监管流程开始','startEvent',NULL,'2017-05-17 03:17:30','2017-05-17 03:17:30',1,''),('1802580','pm_process_jianguan:1:1775011','1802557','1802557','officerApproval','1802581',NULL,'管理员审批','userTask',NULL,'2017-05-17 03:17:30',NULL,NULL,''),('1802589','pm_process_jianguan:1:1775011','1802587','1802587','pm_process_jianguan_start',NULL,NULL,'项目监管流程开始','startEvent',NULL,'2017-05-17 18:41:08','2017-05-17 18:41:08',1,''),('1802610','pm_process_jianguan:1:1775011','1802587','1802587','officerApproval','1802611',NULL,'管理员审批','userTask',NULL,'2017-05-17 18:41:08',NULL,NULL,'');
/*!40000 ALTER TABLE `ACT_HI_ACTINST` ENABLE KEYS */;
UNLOCK TABLES;

--
-- Table structure for table `ACT_HI_ATTACHMENT`
--

DROP TABLE IF EXISTS `ACT_HI_ATTACHMENT`;
/*!40101 SET @saved_cs_client     = @@character_set_client */;
/*!40101 SET character_set_client = utf8 */;
CREATE TABLE `ACT_HI_ATTACHMENT` (
  `ID_` varchar(64) COLLATE utf8_bin NOT NULL,
  `REV_` int(11) DEFAULT NULL,
  `USER_ID_` varchar(255) COLLATE utf8_bin DEFAULT NULL,
  `NAME_` varchar(255) COLLATE utf8_bin DEFAULT NULL,
  `DESCRIPTION_` varchar(4000) COLLATE utf8_bin DEFAULT NULL,
  `TYPE_` varchar(255) COLLATE utf8_bin DEFAULT NULL,
  `TASK_ID_` varchar(64) COLLATE utf8_bin DEFAULT NULL,
  `PROC_INST_ID_` varchar(64) COLLATE utf8_bin DEFAULT NULL,
  `URL_` varchar(4000) COLLATE utf8_bin DEFAULT NULL,
  `CONTENT_ID_` varchar(64) COLLATE utf8_bin DEFAULT NULL,
  `TIME_` datetime DEFAULT NULL,
  PRIMARY KEY (`ID_`)
) ENGINE=InnoDB DEFAULT CHARSET=utf8 COLLATE=utf8_bin;
/*!40101 SET character_set_client = @saved_cs_client */;

--
-- Dumping data for table `ACT_HI_ATTACHMENT`
--

LOCK TABLES `ACT_HI_ATTACHMENT` WRITE;
/*!40000 ALTER TABLE `ACT_HI_ATTACHMENT` DISABLE KEYS */;
/*!40000 ALTER TABLE `ACT_HI_ATTACHMENT` ENABLE KEYS */;
UNLOCK TABLES;

--
-- Table structure for table `ACT_HI_COMMENT`
--

DROP TABLE IF EXISTS `ACT_HI_COMMENT`;
/*!40101 SET @saved_cs_client     = @@character_set_client */;
/*!40101 SET character_set_client = utf8 */;
CREATE TABLE `ACT_HI_COMMENT` (
  `ID_` varchar(64) COLLATE utf8_bin NOT NULL,
  `TYPE_` varchar(255) COLLATE utf8_bin DEFAULT NULL,
  `TIME_` datetime NOT NULL,
  `USER_ID_` varchar(255) COLLATE utf8_bin DEFAULT NULL,
  `TASK_ID_` varchar(64) COLLATE utf8_bin DEFAULT NULL,
  `PROC_INST_ID_` varchar(64) COLLATE utf8_bin DEFAULT NULL,
  `ACTION_` varchar(255) COLLATE utf8_bin DEFAULT NULL,
  `MESSAGE_` varchar(4000) COLLATE utf8_bin DEFAULT NULL,
  `FULL_MSG_` longblob,
  PRIMARY KEY (`ID_`)
) ENGINE=InnoDB DEFAULT CHARSET=utf8 COLLATE=utf8_bin;
/*!40101 SET character_set_client = @saved_cs_client */;

--
-- Dumping data for table `ACT_HI_COMMENT`
--

LOCK TABLES `ACT_HI_COMMENT` WRITE;
/*!40000 ALTER TABLE `ACT_HI_COMMENT` DISABLE KEYS */;
/*!40000 ALTER TABLE `ACT_HI_COMMENT` ENABLE KEYS */;
UNLOCK TABLES;

--
-- Table structure for table `ACT_HI_DETAIL`
--

DROP TABLE IF EXISTS `ACT_HI_DETAIL`;
/*!40101 SET @saved_cs_client     = @@character_set_client */;
/*!40101 SET character_set_client = utf8 */;
CREATE TABLE `ACT_HI_DETAIL` (
  `ID_` varchar(64) COLLATE utf8_bin NOT NULL,
  `TYPE_` varchar(255) COLLATE utf8_bin NOT NULL,
  `PROC_INST_ID_` varchar(64) COLLATE utf8_bin DEFAULT NULL,
  `EXECUTION_ID_` varchar(64) COLLATE utf8_bin DEFAULT NULL,
  `TASK_ID_` varchar(64) COLLATE utf8_bin DEFAULT NULL,
  `ACT_INST_ID_` varchar(64) COLLATE utf8_bin DEFAULT NULL,
  `NAME_` varchar(255) COLLATE utf8_bin NOT NULL,
  `VAR_TYPE_` varchar(255) COLLATE utf8_bin DEFAULT NULL,
  `REV_` int(11) DEFAULT NULL,
  `TIME_` datetime NOT NULL,
  `BYTEARRAY_ID_` varchar(64) COLLATE utf8_bin DEFAULT NULL,
  `DOUBLE_` double DEFAULT NULL,
  `LONG_` bigint(20) DEFAULT NULL,
  `TEXT_` varchar(4000) COLLATE utf8_bin DEFAULT NULL,
  `TEXT2_` varchar(4000) COLLATE utf8_bin DEFAULT NULL,
  PRIMARY KEY (`ID_`),
  KEY `ACT_IDX_HI_DETAIL_PROC_INST` (`PROC_INST_ID_`),
  KEY `ACT_IDX_HI_DETAIL_ACT_INST` (`ACT_INST_ID_`),
  KEY `ACT_IDX_HI_DETAIL_TIME` (`TIME_`),
  KEY `ACT_IDX_HI_DETAIL_NAME` (`NAME_`),
  KEY `ACT_IDX_HI_DETAIL_TASK_ID` (`TASK_ID_`)
) ENGINE=InnoDB DEFAULT CHARSET=utf8 COLLATE=utf8_bin;
/*!40101 SET character_set_client = @saved_cs_client */;

--
-- Dumping data for table `ACT_HI_DETAIL`
--

LOCK TABLES `ACT_HI_DETAIL` WRITE;
/*!40000 ALTER TABLE `ACT_HI_DETAIL` DISABLE KEYS */;
INSERT INTO `ACT_HI_DETAIL` VALUES ('1697585','VariableUpdate','1777501','1777501',NULL,NULL,'submitMonthlyReport_result','string',1,'2017-03-25 17:41:51',NULL,NULL,NULL,'reject',NULL),('1697595','VariableUpdate','1777501','1777501',NULL,NULL,'submitMonthlyReport_result','string',2,'2017-03-25 17:46:12',NULL,NULL,NULL,'reject',NULL),('1697605','VariableUpdate','1777501','1777501',NULL,NULL,'submitMonthlyReport_result','string',4,'2017-03-25 17:50:52',NULL,NULL,NULL,'reject',NULL),('1697615','VariableUpdate','1777501','1777501',NULL,NULL,'submitMonthlyReport_result','string',6,'2017-03-25 17:53:12',NULL,NULL,NULL,'reject',NULL),('1697625','VariableUpdate','1780462','1780462',NULL,NULL,'submitMonthlyReport_result','string',1,'2017-03-27 10:51:46',NULL,NULL,NULL,'reject',NULL),('1697636','VariableUpdate','1780462','1780462',NULL,NULL,'submitMonthlyReport_result','string',2,'2017-03-27 10:58:57',NULL,NULL,NULL,'reject',NULL),('1697646','VariableUpdate','1780462','1780462',NULL,NULL,'submitMonthlyReport_result','string',4,'2017-03-27 11:25:03',NULL,NULL,NULL,'reject',NULL),('1697656','VariableUpdate','1780959','1780959',NULL,NULL,'submitMonthlyReport_result','string',1,'2017-03-27 15:07:00',NULL,NULL,NULL,'reject',NULL),('1697667','VariableUpdate','1780959','1780959',NULL,NULL,'submitMonthlyReport_result','string',2,'2017-03-27 16:02:48',NULL,NULL,NULL,'reject',NULL),('1697677','VariableUpdate','1782501','1782501',NULL,NULL,'submitMonthlyReport_result','string',1,'2017-03-27 16:12:13',NULL,NULL,NULL,'reject',NULL),('1697688','VariableUpdate','1780959','1780959',NULL,NULL,'submitMonthlyReport_result','string',4,'2017-03-27 16:20:09',NULL,NULL,NULL,'reject',NULL),('1697698','VariableUpdate','1787931','1787931',NULL,NULL,'submitMonthlyReport_result','string',1,'2017-03-27 17:58:54',NULL,NULL,NULL,'reject',NULL),('1697709','VariableUpdate','1788190','1788190',NULL,NULL,'submitMonthlyReport_result','string',1,'2017-03-27 20:41:37',NULL,NULL,NULL,'reject',NULL),('1697720','VariableUpdate','1788286','1788286',NULL,NULL,'submitMonthlyReport_result','string',1,'2017-03-27 20:52:23',NULL,NULL,NULL,'reject',NULL),('1697731','VariableUpdate','1788286','1788286',NULL,NULL,'submitMonthlyReport_result','string',2,'2017-03-27 20:58:04',NULL,NULL,NULL,'reject',NULL),('1777505','VariableUpdate','1777501','1777501',NULL,'1777503','projectManager','string',0,'2017-03-25 16:31:38',NULL,NULL,NULL,'4',NULL),('1777507','VariableUpdate','1777501','1777501',NULL,'1777503','officerGroup','string',0,'2017-03-25 16:31:38',NULL,NULL,NULL,'15',NULL),('1777509','VariableUpdate','1777501','1777501',NULL,'1777503','committee','null',0,'2017-03-25 16:31:38',NULL,NULL,NULL,NULL,NULL),('1777511','VariableUpdate','1777501','1777501',NULL,'1777503','officer','null',0,'2017-03-25 16:31:38',NULL,NULL,NULL,NULL,NULL),('1777513','VariableUpdate','1777501','1777501',NULL,'1777503','departLeaderGroup','string',0,'2017-03-25 16:31:38',NULL,NULL,NULL,'',NULL),('1777515','VariableUpdate','1777501','1777501',NULL,'1777503','submitMonthlyReport_result','string',0,'2017-03-25 16:31:38',NULL,NULL,NULL,'reject',NULL),('1777517','VariableUpdate','1777501','1777501',NULL,'1777503','committees','string',0,'2017-03-25 16:31:38',NULL,NULL,NULL,'',NULL),('1777519','VariableUpdate','1777501','1777501',NULL,'1777503','departLeader','string',0,'2017-03-25 16:31:38',NULL,NULL,NULL,'7',NULL),('1777521','VariableUpdate','1777501','1777501',NULL,'1777503','departleaderEndApproval_result','string',0,'2017-03-25 16:31:38',NULL,NULL,NULL,'reject',NULL),('1777523','VariableUpdate','1777501','1777501',NULL,'1777503','committeeGroup','string',0,'2017-03-25 16:31:38',NULL,NULL,NULL,'17',NULL),('1777529','VariableUpdate','1777501','1777501',NULL,'1777524','officerApproval_result','string',0,'2017-03-25 16:32:30',NULL,NULL,NULL,'pass',NULL),('1777530','VariableUpdate','1777501','1777501',NULL,'1777524','committeeGroup','string',1,'2017-03-25 16:32:30',NULL,NULL,NULL,'17',NULL),('1777531','VariableUpdate','1777501','1777501',NULL,'1777524','projectManager','string',1,'2017-03-25 16:32:30',NULL,NULL,NULL,'4',NULL),('1777532','VariableUpdate','1777501','1777501',NULL,'1777524','officerGroup','string',1,'2017-03-25 16:32:30',NULL,NULL,NULL,'',NULL),('1777533','VariableUpdate','1777501','1777501',NULL,'1777524','committee','null',1,'2017-03-25 16:32:30',NULL,NULL,NULL,NULL,NULL),('1777534','VariableUpdate','1777501','1777501',NULL,'1777524','officer','string',1,'2017-03-25 16:32:30',NULL,NULL,NULL,'5',NULL),('1777535','VariableUpdate','1777501','1777501',NULL,'1777524','departLeaderGroup','string',1,'2017-03-25 16:32:30',NULL,NULL,NULL,'',NULL),('1777536','VariableUpdate','1777501','1777501',NULL,'1777524','submitMonthlyReport_result','string',1,'2017-03-25 16:32:30',NULL,NULL,NULL,'reject',NULL),('1777537','VariableUpdate','1777501','1777501',NULL,'1777524','committees','string',1,'2017-03-25 16:32:30',NULL,NULL,NULL,'',NULL),('1777538','VariableUpdate','1777501','1777501',NULL,'1777524','departLeader','string',1,'2017-03-25 16:32:30',NULL,NULL,NULL,'7',NULL),('1777539','VariableUpdate','1777501','1777501',NULL,'1777524','officerApproval_result','string',0,'2017-03-25 16:32:30',NULL,NULL,NULL,'pass',NULL),('1777540','VariableUpdate','1777501','1777501',NULL,'1777524','departleaderEndApproval_result','string',1,'2017-03-25 16:32:30',NULL,NULL,NULL,'reject',NULL),('1777541','VariableUpdate','1777501','1777501',NULL,'1777524','committeeGroup','string',1,'2017-03-25 16:32:30',NULL,NULL,NULL,'17',NULL),('1780003','VariableUpdate','1777501','1777501',NULL,'1777542','committeeApproval_result','string',0,'2017-03-25 16:40:04',NULL,NULL,NULL,'pass',NULL),('1780004','VariableUpdate','1777501','1777501',NULL,'1777542','projectManager','string',1,'2017-03-25 16:40:04',NULL,NULL,NULL,'4',NULL),('1780005','VariableUpdate','1777501','1777501',NULL,'1777542','officerGroup','string',2,'2017-03-25 16:40:04',NULL,NULL,NULL,'',NULL),('1780006','VariableUpdate','1777501','1777501',NULL,'1777542','committee','string',1,'2017-03-25 16:40:04',NULL,NULL,NULL,'6',NULL),('1780007','VariableUpdate','1777501','1777501',NULL,'1777542','committeeApproval_result','string',0,'2017-03-25 16:40:04',NULL,NULL,NULL,'pass',NULL),('1780008','VariableUpdate','1777501','1777501',NULL,'1777542','officer','string',2,'2017-03-25 16:40:04',NULL,NULL,NULL,'5',NULL),('1780009','VariableUpdate','1777501','1777501',NULL,'1777542','departLeaderGroup','string',1,'2017-03-25 16:40:04',NULL,NULL,NULL,'',NULL),('1780010','VariableUpdate','1777501','1777501',NULL,'1777542','submitMonthlyReport_result','string',1,'2017-03-25 16:40:04',NULL,NULL,NULL,'reject',NULL),('1780011','VariableUpdate','1777501','1777501',NULL,'1777542','committees','string',1,'2017-03-25 16:40:04',NULL,NULL,NULL,'',NULL),('1780012','VariableUpdate','1777501','1777501',NULL,'1777542','departLeader','string',1,'2017-03-25 16:40:04',NULL,NULL,NULL,'7',NULL),('1780013','VariableUpdate','1777501','1777501',NULL,'1777542','officerApproval_result','string',1,'2017-03-25 16:40:04',NULL,NULL,NULL,'pass',NULL),('1780014','VariableUpdate','1777501','1777501',NULL,'1777542','departleaderEndApproval_result','string',1,'2017-03-25 16:40:04',NULL,NULL,NULL,'reject',NULL),('1780015','VariableUpdate','1777501','1777501',NULL,'1777542','committeeGroup','string',1,'2017-03-25 16:40:04',NULL,NULL,NULL,'',NULL),('1780022','VariableUpdate','1777501','1777501',NULL,'1780017','cycleTime','string',0,'2017-03-25 16:42:15',NULL,NULL,NULL,'PT2M',NULL),('1780024','VariableUpdate','1777501','1777501',NULL,'1780017','departleaderApproval_result','string',0,'2017-03-25 16:42:15',NULL,NULL,NULL,'pass',NULL),('1780025','VariableUpdate','1777501','1777501',NULL,'1780017','projectManager','string',1,'2017-03-25 16:42:15',NULL,NULL,NULL,'4',NULL),('1780026','VariableUpdate','1777501','1777501',NULL,'1780017','officerGroup','string',2,'2017-03-25 16:42:15',NULL,NULL,NULL,'',NULL),('1780027','VariableUpdate','1777501','1777501',NULL,'1780017','committee','string',2,'2017-03-25 16:42:15',NULL,NULL,NULL,'6',NULL),('1780028','VariableUpdate','1777501','1777501',NULL,'1780017','cycleTime','string',0,'2017-03-25 16:42:15',NULL,NULL,NULL,'PT2M',NULL),('1780029','VariableUpdate','1777501','1777501',NULL,'1780017','officer','string',2,'2017-03-25 16:42:15',NULL,NULL,NULL,'5',NULL),('1780030','VariableUpdate','1777501','1777501',NULL,'1780017','departLeaderGroup','string',1,'2017-03-25 16:42:15',NULL,NULL,NULL,'',NULL),('1780031','VariableUpdate','1777501','1777501',NULL,'1780017','committees','string',1,'2017-03-25 16:42:15',NULL,NULL,NULL,'',NULL),('1780032','VariableUpdate','1777501','1777501',NULL,'1780017','departLeader','string',1,'2017-03-25 16:42:15',NULL,NULL,NULL,'7',NULL),('1780033','VariableUpdate','1777501','1777501',NULL,'1780017','officerApproval_result','string',1,'2017-03-25 16:42:15',NULL,NULL,NULL,'pass',NULL),('1780034','VariableUpdate','1777501','1777501',NULL,'1780017','departleaderEndApproval_result','string',1,'2017-03-25 16:42:15',NULL,NULL,NULL,'reject',NULL),('1780035','VariableUpdate','1777501','1777501',NULL,'1780017','departleaderApproval_result','string',0,'2017-03-25 16:42:15',NULL,NULL,NULL,'pass',NULL),('1780036','VariableUpdate','1777501','1777501',NULL,'1780017','committeeGroup','string',2,'2017-03-25 16:42:15',NULL,NULL,NULL,'',NULL),('1780037','VariableUpdate','1777501','1777501',NULL,'1780017','committeeApproval_result','string',1,'2017-03-25 16:42:15',NULL,NULL,NULL,'pass',NULL),('1780038','VariableUpdate','1777501','1777501',NULL,'1780017','submitMonthlyReport_result','string',1,'2017-03-25 16:42:15',NULL,NULL,NULL,'reject',NULL),('1780050','VariableUpdate','1777501','1777501',NULL,NULL,'submitMonthlyCheck_result','string',0,'2017-03-25 16:45:58',NULL,NULL,NULL,'pass',NULL),('1780052','VariableUpdate','1777501','1777501',NULL,'1697593','submitMonthlyReport_result','string',1,'2017-03-25 16:46:37',NULL,NULL,NULL,'pass',NULL),('1780058','VariableUpdate','1777501','1777501',NULL,'1697599','submitMonthlyCheck_result','string',1,'2017-03-25 16:50:45',NULL,NULL,NULL,'pass',NULL),('1780060','VariableUpdate','1777501','1777501',NULL,'1697603','submitMonthlyReport_result','string',3,'2017-03-25 16:51:19',NULL,NULL,NULL,'pass',NULL),('1780066','VariableUpdate','1777501','1777501',NULL,'1697613','submitMonthlyReport_result','string',5,'2017-03-25 16:52:39',NULL,NULL,NULL,'pass',NULL),('1780068','VariableUpdate','1777501','1777501',NULL,'1697609','submitMonthlyCheck_result','string',1,'2017-03-25 16:53:39',NULL,NULL,NULL,'pass',NULL),('1780075','VariableUpdate','1777501','1777501',NULL,NULL,'pmSubmitMIdMaterial_result','string',0,'2017-03-25 16:55:10',NULL,NULL,NULL,'pass',NULL),('1780076','VariableUpdate','1777501','1777501',NULL,'1780043','projectManager','string',1,'2017-03-25 16:55:10',NULL,NULL,NULL,'4',NULL),('1780077','VariableUpdate','1777501','1777501',NULL,'1780043','officerGroup','string',2,'2017-03-25 16:55:10',NULL,NULL,NULL,'',NULL),('1780078','VariableUpdate','1777501','1777501',NULL,'1780043','committee','string',2,'2017-03-25 16:55:10',NULL,NULL,NULL,'6',NULL),('1780079','VariableUpdate','1777501','1777501',NULL,'1780043','cycleTime','string',1,'2017-03-25 16:55:10',NULL,NULL,NULL,'PT2M',NULL),('1780080','VariableUpdate','1777501','1777501',NULL,'1780043','officer','string',2,'2017-03-25 16:55:10',NULL,NULL,NULL,'5',NULL),('1780081','VariableUpdate','1777501','1777501',NULL,'1780043','pmSubmitMIdMaterial_result','string',0,'2017-03-25 16:55:10',NULL,NULL,NULL,'pass',NULL),('1780082','VariableUpdate','1777501','1777501',NULL,'1780043','departLeaderGroup','string',1,'2017-03-25 16:55:10',NULL,NULL,NULL,'',NULL),('1780083','VariableUpdate','1777501','1777501',NULL,'1780043','committees','string',1,'2017-03-25 16:55:10',NULL,NULL,NULL,'',NULL),('1780084','VariableUpdate','1777501','1777501',NULL,'1780043','departLeader','string',1,'2017-03-25 16:55:10',NULL,NULL,NULL,'7',NULL),('1780085','VariableUpdate','1777501','1777501',NULL,'1780043','officerApproval_result','string',1,'2017-03-25 16:55:10',NULL,NULL,NULL,'pass',NULL),('1780086','VariableUpdate','1777501','1777501',NULL,'1780043','departleaderEndApproval_result','string',1,'2017-03-25 16:55:10',NULL,NULL,NULL,'reject',NULL),('1780087','VariableUpdate','1777501','1777501',NULL,'1780043','departleaderApproval_result','string',1,'2017-03-25 16:55:10',NULL,NULL,NULL,'pass',NULL),('1780088','VariableUpdate','1777501','1777501',NULL,'1780043','committeeGroup','string',2,'2017-03-25 16:55:10',NULL,NULL,NULL,'',NULL),('1780089','VariableUpdate','1777501','1777501',NULL,'1780043','committeeApproval_result','string',1,'2017-03-25 16:55:10',NULL,NULL,NULL,'pass',NULL),('1780090','VariableUpdate','1777501','1777501',NULL,'1780043','submitMonthlyReport_result','string',7,'2017-03-25 16:55:10',NULL,NULL,NULL,'reject',NULL),('1780091','VariableUpdate','1777501','1777501',NULL,'1780043','submitMonthlyCheck_result','string',1,'2017-03-25 16:55:10',NULL,NULL,NULL,'pass',NULL),('1780096','VariableUpdate','1777501','1777501',NULL,NULL,'DispatcherMidMaster_result','string',0,'2017-03-25 16:56:28',NULL,NULL,NULL,'pass',NULL),('1780097','VariableUpdate','1777501','1777501',NULL,'1780092','projectManager','string',1,'2017-03-25 16:56:28',NULL,NULL,NULL,'4',NULL),('1780098','VariableUpdate','1777501','1777501',NULL,'1780092','officerGroup','string',2,'2017-03-25 16:56:28',NULL,NULL,NULL,'',NULL),('1780099','VariableUpdate','1777501','1777501',NULL,'1780092','committee','string',2,'2017-03-25 16:56:28',NULL,NULL,NULL,'6',NULL),('1780100','VariableUpdate','1777501','1777501',NULL,'1780092','cycleTime','string',1,'2017-03-25 16:56:28',NULL,NULL,NULL,'PT2M',NULL),('1780101','VariableUpdate','1777501','1777501',NULL,'1780092','officer','string',2,'2017-03-25 16:56:28',NULL,NULL,NULL,'5',NULL),('1780102','VariableUpdate','1777501','1777501',NULL,'1780092','pmSubmitMIdMaterial_result','string',1,'2017-03-25 16:56:28',NULL,NULL,NULL,'pass',NULL),('1780103','VariableUpdate','1777501','1777501',NULL,'1780092','departLeaderGroup','string',1,'2017-03-25 16:56:28',NULL,NULL,NULL,'',NULL),('1780104','VariableUpdate','1777501','1777501',NULL,'1780092','committees','string',1,'2017-03-25 16:56:28',NULL,NULL,NULL,'',NULL),('1780105','VariableUpdate','1777501','1777501',NULL,'1780092','departLeader','string',1,'2017-03-25 16:56:28',NULL,NULL,NULL,'7',NULL),('1780106','VariableUpdate','1777501','1777501',NULL,'1780092','officerApproval_result','string',1,'2017-03-25 16:56:28',NULL,NULL,NULL,'pass',NULL),('1780107','VariableUpdate','1777501','1777501',NULL,'1780092','departleaderEndApproval_result','string',1,'2017-03-25 16:56:28',NULL,NULL,NULL,'reject',NULL),('1780108','VariableUpdate','1777501','1777501',NULL,'1780092','departleaderApproval_result','string',1,'2017-03-25 16:56:28',NULL,NULL,NULL,'pass',NULL),('1780109','VariableUpdate','1777501','1777501',NULL,'1780092','committeeGroup','string',2,'2017-03-25 16:56:28',NULL,NULL,NULL,'',NULL),('1780110','VariableUpdate','1777501','1777501',NULL,'1780092','committeeApproval_result','string',1,'2017-03-25 16:56:28',NULL,NULL,NULL,'pass',NULL),('1780111','VariableUpdate','1777501','1777501',NULL,'1780092','DispatcherMidMaster_result','string',0,'2017-03-25 16:56:28',NULL,NULL,NULL,'pass',NULL),('1780112','VariableUpdate','1777501','1777501',NULL,'1780092','submitMonthlyReport_result','string',7,'2017-03-25 16:56:28',NULL,NULL,NULL,'reject',NULL),('1780113','VariableUpdate','1777501','1777501',NULL,'1780092','submitMonthlyCheck_result','string',1,'2017-03-25 16:56:28',NULL,NULL,NULL,'pass',NULL),('1780117','VariableUpdate','1777501','1777501',NULL,NULL,'midApprovalReport_result','string',0,'2017-03-25 16:57:48',NULL,NULL,NULL,'pass',NULL),('1780118','VariableUpdate','1777501','1777501',NULL,'1780114','projectManager','string',1,'2017-03-25 16:57:48',NULL,NULL,NULL,'4',NULL),('1780119','VariableUpdate','1777501','1777501',NULL,'1780114','officerGroup','string',2,'2017-03-25 16:57:48',NULL,NULL,NULL,'',NULL),('1780120','VariableUpdate','1777501','1777501',NULL,'1780114','committee','string',2,'2017-03-25 16:57:48',NULL,NULL,NULL,'6',NULL),('1780121','VariableUpdate','1777501','1777501',NULL,'1780114','cycleTime','string',1,'2017-03-25 16:57:48',NULL,NULL,NULL,'PT2M',NULL),('1780122','VariableUpdate','1777501','1777501',NULL,'1780114','officer','string',2,'2017-03-25 16:57:48',NULL,NULL,NULL,'5',NULL),('1780123','VariableUpdate','1777501','1777501',NULL,'1780114','pmSubmitMIdMaterial_result','string',1,'2017-03-25 16:57:48',NULL,NULL,NULL,'pass',NULL),('1780124','VariableUpdate','1777501','1777501',NULL,'1780114','departLeaderGroup','string',1,'2017-03-25 16:57:48',NULL,NULL,NULL,'',NULL),('1780125','VariableUpdate','1777501','1777501',NULL,'1780114','committees','string',1,'2017-03-25 16:57:48',NULL,NULL,NULL,'',NULL),('1780126','VariableUpdate','1777501','1777501',NULL,'1780114','departLeader','string',1,'2017-03-25 16:57:48',NULL,NULL,NULL,'7',NULL),('1780127','VariableUpdate','1777501','1777501',NULL,'1780114','officerApproval_result','string',1,'2017-03-25 16:57:48',NULL,NULL,NULL,'pass',NULL),('1780128','VariableUpdate','1777501','1777501',NULL,'1780114','departleaderEndApproval_result','string',1,'2017-03-25 16:57:48',NULL,NULL,NULL,'reject',NULL),('1780129','VariableUpdate','1777501','1777501',NULL,'1780114','departleaderApproval_result','string',1,'2017-03-25 16:57:48',NULL,NULL,NULL,'pass',NULL),('1780130','VariableUpdate','1777501','1777501',NULL,'1780114','committeeGroup','string',2,'2017-03-25 16:57:48',NULL,NULL,NULL,'',NULL),('1780131','VariableUpdate','1777501','1777501',NULL,'1780114','midApprovalReport_result','string',0,'2017-03-25 16:57:48',NULL,NULL,NULL,'pass',NULL),('1780132','VariableUpdate','1777501','1777501',NULL,'1780114','committeeApproval_result','string',1,'2017-03-25 16:57:48',NULL,NULL,NULL,'pass',NULL),('1780133','VariableUpdate','1777501','1777501',NULL,'1780114','DispatcherMidMaster_result','string',1,'2017-03-25 16:57:48',NULL,NULL,NULL,'pass',NULL),('1780134','VariableUpdate','1777501','1777501',NULL,'1780114','submitMonthlyReport_result','string',7,'2017-03-25 16:57:48',NULL,NULL,NULL,'reject',NULL),('1780135','VariableUpdate','1777501','1777501',NULL,'1780114','submitMonthlyCheck_result','string',1,'2017-03-25 16:57:49',NULL,NULL,NULL,'pass',NULL),('1780140','VariableUpdate','1777501','1777501',NULL,NULL,'inputMidGrade_result','string',0,'2017-03-25 17:01:10',NULL,NULL,NULL,'pass',NULL),('1780141','VariableUpdate','1777501','1777501',NULL,'1780136','projectManager','string',1,'2017-03-25 17:01:10',NULL,NULL,NULL,'4',NULL),('1780142','VariableUpdate','1777501','1777501',NULL,'1780136','officerGroup','string',2,'2017-03-25 17:01:10',NULL,NULL,NULL,'',NULL),('1780143','VariableUpdate','1777501','1777501',NULL,'1780136','committee','string',2,'2017-03-25 17:01:10',NULL,NULL,NULL,'6',NULL),('1780144','VariableUpdate','1777501','1777501',NULL,'1780136','cycleTime','string',1,'2017-03-25 17:01:10',NULL,NULL,NULL,'PT2M',NULL),('1780145','VariableUpdate','1777501','1777501',NULL,'1780136','officer','string',2,'2017-03-25 17:01:10',NULL,NULL,NULL,'5',NULL),('1780146','VariableUpdate','1777501','1777501',NULL,'1780136','pmSubmitMIdMaterial_result','string',1,'2017-03-25 17:01:10',NULL,NULL,NULL,'pass',NULL),('1780147','VariableUpdate','1777501','1777501',NULL,'1780136','departLeaderGroup','string',1,'2017-03-25 17:01:10',NULL,NULL,NULL,'',NULL),('1780148','VariableUpdate','1777501','1777501',NULL,'1780136','committees','string',1,'2017-03-25 17:01:10',NULL,NULL,NULL,'',NULL),('1780149','VariableUpdate','1777501','1777501',NULL,'1780136','departLeader','string',1,'2017-03-25 17:01:10',NULL,NULL,NULL,'7',NULL),('1780150','VariableUpdate','1777501','1777501',NULL,'1780136','officerApproval_result','string',1,'2017-03-25 17:01:10',NULL,NULL,NULL,'pass',NULL),('1780151','VariableUpdate','1777501','1777501',NULL,'1780136','inputMidGrade_result','string',0,'2017-03-25 17:01:10',NULL,NULL,NULL,'pass',NULL),('1780152','VariableUpdate','1777501','1777501',NULL,'1780136','departleaderEndApproval_result','string',1,'2017-03-25 17:01:10',NULL,NULL,NULL,'reject',NULL),('1780153','VariableUpdate','1777501','1777501',NULL,'1780136','departleaderApproval_result','string',1,'2017-03-25 17:01:10',NULL,NULL,NULL,'pass',NULL),('1780154','VariableUpdate','1777501','1777501',NULL,'1780136','committeeGroup','string',2,'2017-03-25 17:01:10',NULL,NULL,NULL,'',NULL),('1780155','VariableUpdate','1777501','1777501',NULL,'1780136','midApprovalReport_result','string',1,'2017-03-25 17:01:10',NULL,NULL,NULL,'pass',NULL),('1780156','VariableUpdate','1777501','1777501',NULL,'1780136','committeeApproval_result','string',1,'2017-03-25 17:01:10',NULL,NULL,NULL,'pass',NULL),('1780157','VariableUpdate','1777501','1777501',NULL,'1780136','DispatcherMidMaster_result','string',1,'2017-03-25 17:01:10',NULL,NULL,NULL,'pass',NULL),('1780158','VariableUpdate','1777501','1777501',NULL,'1780136','submitMonthlyReport_result','string',7,'2017-03-25 17:01:10',NULL,NULL,NULL,'reject',NULL),('1780159','VariableUpdate','1777501','1777501',NULL,'1780136','submitMonthlyCheck_result','string',1,'2017-03-25 17:01:10',NULL,NULL,NULL,'pass',NULL),('1780165','VariableUpdate','1777501','1777501',NULL,NULL,'midCommitteeApproval_result','string',0,'2017-03-25 17:01:34',NULL,NULL,NULL,'pass',NULL),('1780166','VariableUpdate','1777501','1777501',NULL,'1780160','projectManager','string',1,'2017-03-25 17:01:34',NULL,NULL,NULL,'4',NULL),('1780167','VariableUpdate','1777501','1777501',NULL,'1780160','officerGroup','string',2,'2017-03-25 17:01:34',NULL,NULL,NULL,'',NULL),('1780168','VariableUpdate','1777501','1777501',NULL,'1780160','committee','string',2,'2017-03-25 17:01:34',NULL,NULL,NULL,'6',NULL),('1780169','VariableUpdate','1777501','1777501',NULL,'1780160','cycleTime','string',1,'2017-03-25 17:01:34',NULL,NULL,NULL,'PT2M',NULL),('1780170','VariableUpdate','1777501','1777501',NULL,'1780160','officer','string',2,'2017-03-25 17:01:34',NULL,NULL,NULL,'5',NULL),('1780171','VariableUpdate','1777501','1777501',NULL,'1780160','pmSubmitMIdMaterial_result','string',1,'2017-03-25 17:01:34',NULL,NULL,NULL,'pass',NULL),('1780172','VariableUpdate','1777501','1777501',NULL,'1780160','departLeaderGroup','string',1,'2017-03-25 17:01:34',NULL,NULL,NULL,'',NULL),('1780173','VariableUpdate','1777501','1777501',NULL,'1780160','committees','string',1,'2017-03-25 17:01:34',NULL,NULL,NULL,'',NULL),('1780174','VariableUpdate','1777501','1777501',NULL,'1780160','departLeader','string',1,'2017-03-25 17:01:34',NULL,NULL,NULL,'7',NULL),('1780175','VariableUpdate','1777501','1777501',NULL,'1780160','officerApproval_result','string',1,'2017-03-25 17:01:34',NULL,NULL,NULL,'pass',NULL),('1780176','VariableUpdate','1777501','1777501',NULL,'1780160','inputMidGrade_result','string',1,'2017-03-25 17:01:34',NULL,NULL,NULL,'pass',NULL),('1780177','VariableUpdate','1777501','1777501',NULL,'1780160','departleaderEndApproval_result','string',1,'2017-03-25 17:01:34',NULL,NULL,NULL,'reject',NULL),('1780178','VariableUpdate','1777501','1777501',NULL,'1780160','departleaderApproval_result','string',1,'2017-03-25 17:01:34',NULL,NULL,NULL,'pass',NULL),('1780179','VariableUpdate','1777501','1777501',NULL,'1780160','committeeGroup','string',2,'2017-03-25 17:01:34',NULL,NULL,NULL,'',NULL),('1780180','VariableUpdate','1777501','1777501',NULL,'1780160','midApprovalReport_result','string',1,'2017-03-25 17:01:34',NULL,NULL,NULL,'pass',NULL),('1780181','VariableUpdate','1777501','1777501',NULL,'1780160','committeeApproval_result','string',1,'2017-03-25 17:01:34',NULL,NULL,NULL,'pass',NULL),('1780182','VariableUpdate','1777501','1777501',NULL,'1780160','DispatcherMidMaster_result','string',1,'2017-03-25 17:01:34',NULL,NULL,NULL,'pass',NULL),('1780183','VariableUpdate','1777501','1777501',NULL,'1780160','submitMonthlyReport_result','string',7,'2017-03-25 17:01:34',NULL,NULL,NULL,'reject',NULL),('1780184','VariableUpdate','1777501','1777501',NULL,'1780160','midCommitteeApproval_result','string',0,'2017-03-25 17:01:34',NULL,NULL,NULL,'pass',NULL),('1780185','VariableUpdate','1777501','1777501',NULL,'1780160','submitMonthlyCheck_result','string',1,'2017-03-25 17:01:34',NULL,NULL,NULL,'pass',NULL),('1780191','VariableUpdate','1777501','1777501',NULL,NULL,'departleaderMidApproval_result','string',0,'2017-03-25 17:08:47',NULL,NULL,NULL,'pass',NULL),('1780192','VariableUpdate','1777501','1777501',NULL,'1780187','projectManager','string',1,'2017-03-25 17:08:47',NULL,NULL,NULL,'4',NULL),('1780193','VariableUpdate','1777501','1777501',NULL,'1780187','officerGroup','string',2,'2017-03-25 17:08:47',NULL,NULL,NULL,'',NULL),('1780194','VariableUpdate','1777501','1777501',NULL,'1780187','committee','string',2,'2017-03-25 17:08:47',NULL,NULL,NULL,'6',NULL),('1780195','VariableUpdate','1777501','1777501',NULL,'1780187','cycleTime','string',1,'2017-03-25 17:08:47',NULL,NULL,NULL,'PT2M',NULL),('1780196','VariableUpdate','1777501','1777501',NULL,'1780187','departleaderMidApproval_result','string',0,'2017-03-25 17:08:47',NULL,NULL,NULL,'pass',NULL),('1780197','VariableUpdate','1777501','1777501',NULL,'1780187','officer','string',2,'2017-03-25 17:08:47',NULL,NULL,NULL,'5',NULL),('1780198','VariableUpdate','1777501','1777501',NULL,'1780187','pmSubmitMIdMaterial_result','string',1,'2017-03-25 17:08:47',NULL,NULL,NULL,'pass',NULL),('1780199','VariableUpdate','1777501','1777501',NULL,'1780187','departLeaderGroup','string',1,'2017-03-25 17:08:47',NULL,NULL,NULL,'',NULL),('1780200','VariableUpdate','1777501','1777501',NULL,'1780187','committees','string',1,'2017-03-25 17:08:47',NULL,NULL,NULL,'',NULL),('1780201','VariableUpdate','1777501','1777501',NULL,'1780187','departLeader','string',1,'2017-03-25 17:08:47',NULL,NULL,NULL,'7',NULL),('1780202','VariableUpdate','1777501','1777501',NULL,'1780187','officerApproval_result','string',1,'2017-03-25 17:08:47',NULL,NULL,NULL,'pass',NULL),('1780203','VariableUpdate','1777501','1777501',NULL,'1780187','inputMidGrade_result','string',1,'2017-03-25 17:08:47',NULL,NULL,NULL,'pass',NULL),('1780204','VariableUpdate','1777501','1777501',NULL,'1780187','departleaderEndApproval_result','string',1,'2017-03-25 17:08:47',NULL,NULL,NULL,'reject',NULL),('1780205','VariableUpdate','1777501','1777501',NULL,'1780187','departleaderApproval_result','string',1,'2017-03-25 17:08:47',NULL,NULL,NULL,'pass',NULL),('1780206','VariableUpdate','1777501','1777501',NULL,'1780187','committeeGroup','string',2,'2017-03-25 17:08:47',NULL,NULL,NULL,'',NULL),('1780207','VariableUpdate','1777501','1777501',NULL,'1780187','midApprovalReport_result','string',1,'2017-03-25 17:08:47',NULL,NULL,NULL,'pass',NULL),('1780208','VariableUpdate','1777501','1777501',NULL,'1780187','committeeApproval_result','string',1,'2017-03-25 17:08:47',NULL,NULL,NULL,'pass',NULL),('1780209','VariableUpdate','1777501','1777501',NULL,'1780187','DispatcherMidMaster_result','string',1,'2017-03-25 17:08:47',NULL,NULL,NULL,'pass',NULL),('1780210','VariableUpdate','1777501','1777501',NULL,'1780187','submitMonthlyReport_result','string',7,'2017-03-25 17:08:47',NULL,NULL,NULL,'reject',NULL),('1780211','VariableUpdate','1777501','1777501',NULL,'1780187','midCommitteeApproval_result','string',1,'2017-03-25 17:08:47',NULL,NULL,NULL,'pass',NULL),('1780212','VariableUpdate','1777501','1777501',NULL,'1780187','submitMonthlyCheck_result','string',1,'2017-03-25 17:08:47',NULL,NULL,NULL,'pass',NULL),('1780217','VariableUpdate','1777501','1777501',NULL,NULL,'pmSubmitEndMaterial_result','string',0,'2017-03-25 17:09:11',NULL,NULL,NULL,'pass',NULL),('1780218','VariableUpdate','1777501','1777501',NULL,'1780214','projectManager','string',1,'2017-03-25 17:09:11',NULL,NULL,NULL,'4',NULL),('1780219','VariableUpdate','1777501','1777501',NULL,'1780214','officerGroup','string',2,'2017-03-25 17:09:11',NULL,NULL,NULL,'',NULL),('1780220','VariableUpdate','1777501','1777501',NULL,'1780214','committee','string',2,'2017-03-25 17:09:11',NULL,NULL,NULL,'6',NULL),('1780221','VariableUpdate','1777501','1777501',NULL,'1780214','cycleTime','string',1,'2017-03-25 17:09:11',NULL,NULL,NULL,'PT2M',NULL),('1780222','VariableUpdate','1777501','1777501',NULL,'1780214','departleaderMidApproval_result','string',1,'2017-03-25 17:09:11',NULL,NULL,NULL,'pass',NULL),('1780223','VariableUpdate','1777501','1777501',NULL,'1780214','officer','string',2,'2017-03-25 17:09:11',NULL,NULL,NULL,'5',NULL),('1780224','VariableUpdate','1777501','1777501',NULL,'1780214','pmSubmitMIdMaterial_result','string',1,'2017-03-25 17:09:11',NULL,NULL,NULL,'pass',NULL),('1780225','VariableUpdate','1777501','1777501',NULL,'1780214','departLeaderGroup','string',1,'2017-03-25 17:09:11',NULL,NULL,NULL,'',NULL),('1780226','VariableUpdate','1777501','1777501',NULL,'1780214','committees','string',1,'2017-03-25 17:09:11',NULL,NULL,NULL,'',NULL),('1780227','VariableUpdate','1777501','1777501',NULL,'1780214','departLeader','string',1,'2017-03-25 17:09:11',NULL,NULL,NULL,'7',NULL),('1780228','VariableUpdate','1777501','1777501',NULL,'1780214','officerApproval_result','string',1,'2017-03-25 17:09:11',NULL,NULL,NULL,'pass',NULL),('1780229','VariableUpdate','1777501','1777501',NULL,'1780214','inputMidGrade_result','string',1,'2017-03-25 17:09:11',NULL,NULL,NULL,'pass',NULL),('1780230','VariableUpdate','1777501','1777501',NULL,'1780214','departleaderEndApproval_result','string',1,'2017-03-25 17:09:11',NULL,NULL,NULL,'reject',NULL),('1780231','VariableUpdate','1777501','1777501',NULL,'1780214','departleaderApproval_result','string',1,'2017-03-25 17:09:11',NULL,NULL,NULL,'pass',NULL),('1780232','VariableUpdate','1777501','1777501',NULL,'1780214','committeeGroup','string',2,'2017-03-25 17:09:11',NULL,NULL,NULL,'',NULL),('1780233','VariableUpdate','1777501','1777501',NULL,'1780214','midApprovalReport_result','string',1,'2017-03-25 17:09:11',NULL,NULL,NULL,'pass',NULL),('1780234','VariableUpdate','1777501','1777501',NULL,'1780214','pmSubmitEndMaterial_result','string',0,'2017-03-25 17:09:11',NULL,NULL,NULL,'pass',NULL),('1780235','VariableUpdate','1777501','1777501',NULL,'1780214','committeeApproval_result','string',1,'2017-03-25 17:09:11',NULL,NULL,NULL,'pass',NULL),('1780236','VariableUpdate','1777501','1777501',NULL,'1780214','DispatcherMidMaster_result','string',1,'2017-03-25 17:09:11',NULL,NULL,NULL,'pass',NULL),('1780237','VariableUpdate','1777501','1777501',NULL,'1780214','submitMonthlyReport_result','string',7,'2017-03-25 17:09:11',NULL,NULL,NULL,'reject',NULL),('1780238','VariableUpdate','1777501','1777501',NULL,'1780214','midCommitteeApproval_result','string',1,'2017-03-25 17:09:11',NULL,NULL,NULL,'pass',NULL),('1780239','VariableUpdate','1777501','1777501',NULL,'1780214','submitMonthlyCheck_result','string',1,'2017-03-25 17:09:11',NULL,NULL,NULL,'pass',NULL),('1780244','VariableUpdate','1777501','1777501',NULL,NULL,'DispatcherEndMaster_result','string',0,'2017-03-25 17:09:31',NULL,NULL,NULL,'pass',NULL),('1780245','VariableUpdate','1777501','1777501',NULL,'1780240','projectManager','string',1,'2017-03-25 17:09:31',NULL,NULL,NULL,'4',NULL),('1780246','VariableUpdate','1777501','1777501',NULL,'1780240','DispatcherEndMaster_result','string',0,'2017-03-25 17:09:31',NULL,NULL,NULL,'pass',NULL),('1780247','VariableUpdate','1777501','1777501',NULL,'1780240','officerGroup','string',2,'2017-03-25 17:09:31',NULL,NULL,NULL,'',NULL),('1780248','VariableUpdate','1777501','1777501',NULL,'1780240','committee','string',2,'2017-03-25 17:09:31',NULL,NULL,NULL,'6',NULL),('1780249','VariableUpdate','1777501','1777501',NULL,'1780240','cycleTime','string',1,'2017-03-25 17:09:31',NULL,NULL,NULL,'PT2M',NULL),('1780250','VariableUpdate','1777501','1777501',NULL,'1780240','departleaderMidApproval_result','string',1,'2017-03-25 17:09:31',NULL,NULL,NULL,'pass',NULL),('1780251','VariableUpdate','1777501','1777501',NULL,'1780240','officer','string',2,'2017-03-25 17:09:31',NULL,NULL,NULL,'5',NULL),('1780252','VariableUpdate','1777501','1777501',NULL,'1780240','pmSubmitMIdMaterial_result','string',1,'2017-03-25 17:09:31',NULL,NULL,NULL,'pass',NULL),('1780253','VariableUpdate','1777501','1777501',NULL,'1780240','departLeaderGroup','string',1,'2017-03-25 17:09:31',NULL,NULL,NULL,'',NULL),('1780254','VariableUpdate','1777501','1777501',NULL,'1780240','committees','string',1,'2017-03-25 17:09:31',NULL,NULL,NULL,'',NULL),('1780255','VariableUpdate','1777501','1777501',NULL,'1780240','departLeader','string',1,'2017-03-25 17:09:31',NULL,NULL,NULL,'7',NULL),('1780256','VariableUpdate','1777501','1777501',NULL,'1780240','officerApproval_result','string',1,'2017-03-25 17:09:31',NULL,NULL,NULL,'pass',NULL),('1780257','VariableUpdate','1777501','1777501',NULL,'1780240','inputMidGrade_result','string',1,'2017-03-25 17:09:31',NULL,NULL,NULL,'pass',NULL),('1780258','VariableUpdate','1777501','1777501',NULL,'1780240','departleaderEndApproval_result','string',1,'2017-03-25 17:09:31',NULL,NULL,NULL,'reject',NULL),('1780259','VariableUpdate','1777501','1777501',NULL,'1780240','departleaderApproval_result','string',1,'2017-03-25 17:09:31',NULL,NULL,NULL,'pass',NULL),('1780260','VariableUpdate','1777501','1777501',NULL,'1780240','committeeGroup','string',2,'2017-03-25 17:09:31',NULL,NULL,NULL,'',NULL),('1780261','VariableUpdate','1777501','1777501',NULL,'1780240','midApprovalReport_result','string',1,'2017-03-25 17:09:31',NULL,NULL,NULL,'pass',NULL),('1780262','VariableUpdate','1777501','1777501',NULL,'1780240','pmSubmitEndMaterial_result','string',1,'2017-03-25 17:09:31',NULL,NULL,NULL,'pass',NULL),('1780263','VariableUpdate','1777501','1777501',NULL,'1780240','committeeApproval_result','string',1,'2017-03-25 17:09:31',NULL,NULL,NULL,'pass',NULL),('1780264','VariableUpdate','1777501','1777501',NULL,'1780240','DispatcherMidMaster_result','string',1,'2017-03-25 17:09:31',NULL,NULL,NULL,'pass',NULL),('1780265','VariableUpdate','1777501','1777501',NULL,'1780240','submitMonthlyReport_result','string',7,'2017-03-25 17:09:31',NULL,NULL,NULL,'reject',NULL),('1780266','VariableUpdate','1777501','1777501',NULL,'1780240','midCommitteeApproval_result','string',1,'2017-03-25 17:09:31',NULL,NULL,NULL,'pass',NULL),('1780267','VariableUpdate','1777501','1777501',NULL,'1780240','submitMonthlyCheck_result','string',1,'2017-03-25 17:09:31',NULL,NULL,NULL,'pass',NULL),('1780271','VariableUpdate','1777501','1777501',NULL,NULL,'endApprovalReport_result','string',0,'2017-03-25 17:10:00',NULL,NULL,NULL,'pass',NULL),('1780272','VariableUpdate','1777501','1777501',NULL,'1780268','projectManager','string',1,'2017-03-25 17:10:00',NULL,NULL,NULL,'4',NULL),('1780273','VariableUpdate','1777501','1777501',NULL,'1780268','DispatcherEndMaster_result','string',1,'2017-03-25 17:10:00',NULL,NULL,NULL,'pass',NULL),('1780274','VariableUpdate','1777501','1777501',NULL,'1780268','officerGroup','string',2,'2017-03-25 17:10:00',NULL,NULL,NULL,'',NULL),('1780275','VariableUpdate','1777501','1777501',NULL,'1780268','committee','string',2,'2017-03-25 17:10:00',NULL,NULL,NULL,'6',NULL),('1780276','VariableUpdate','1777501','1777501',NULL,'1780268','cycleTime','string',1,'2017-03-25 17:10:00',NULL,NULL,NULL,'PT2M',NULL),('1780277','VariableUpdate','1777501','1777501',NULL,'1780268','departleaderMidApproval_result','string',1,'2017-03-25 17:10:00',NULL,NULL,NULL,'pass',NULL),('1780278','VariableUpdate','1777501','1777501',NULL,'1780268','officer','string',2,'2017-03-25 17:10:00',NULL,NULL,NULL,'5',NULL),('1780279','VariableUpdate','1777501','1777501',NULL,'1780268','pmSubmitMIdMaterial_result','string',1,'2017-03-25 17:10:00',NULL,NULL,NULL,'pass',NULL),('1780280','VariableUpdate','1777501','1777501',NULL,'1780268','departLeaderGroup','string',1,'2017-03-25 17:10:00',NULL,NULL,NULL,'',NULL),('1780281','VariableUpdate','1777501','1777501',NULL,'1780268','committees','string',1,'2017-03-25 17:10:00',NULL,NULL,NULL,'',NULL),('1780282','VariableUpdate','1777501','1777501',NULL,'1780268','departLeader','string',1,'2017-03-25 17:10:00',NULL,NULL,NULL,'7',NULL),('1780283','VariableUpdate','1777501','1777501',NULL,'1780268','officerApproval_result','string',1,'2017-03-25 17:10:00',NULL,NULL,NULL,'pass',NULL),('1780284','VariableUpdate','1777501','1777501',NULL,'1780268','inputMidGrade_result','string',1,'2017-03-25 17:10:00',NULL,NULL,NULL,'pass',NULL),('1780285','VariableUpdate','1777501','1777501',NULL,'1780268','departleaderEndApproval_result','string',1,'2017-03-25 17:10:00',NULL,NULL,NULL,'reject',NULL),('1780286','VariableUpdate','1777501','1777501',NULL,'1780268','departleaderApproval_result','string',1,'2017-03-25 17:10:00',NULL,NULL,NULL,'pass',NULL),('1780287','VariableUpdate','1777501','1777501',NULL,'1780268','committeeGroup','string',2,'2017-03-25 17:10:00',NULL,NULL,NULL,'',NULL),('1780288','VariableUpdate','1777501','1777501',NULL,'1780268','midApprovalReport_result','string',1,'2017-03-25 17:10:00',NULL,NULL,NULL,'pass',NULL),('1780289','VariableUpdate','1777501','1777501',NULL,'1780268','pmSubmitEndMaterial_result','string',1,'2017-03-25 17:10:00',NULL,NULL,NULL,'pass',NULL),('1780290','VariableUpdate','1777501','1777501',NULL,'1780268','endApprovalReport_result','string',0,'2017-03-25 17:10:00',NULL,NULL,NULL,'pass',NULL),('1780291','VariableUpdate','1777501','1777501',NULL,'1780268','committeeApproval_result','string',1,'2017-03-25 17:10:00',NULL,NULL,NULL,'pass',NULL),('1780292','VariableUpdate','1777501','1777501',NULL,'1780268','DispatcherMidMaster_result','string',1,'2017-03-25 17:10:00',NULL,NULL,NULL,'pass',NULL),('1780293','VariableUpdate','1777501','1777501',NULL,'1780268','submitMonthlyReport_result','string',7,'2017-03-25 17:10:00',NULL,NULL,NULL,'reject',NULL),('1780294','VariableUpdate','1777501','1777501',NULL,'1780268','midCommitteeApproval_result','string',1,'2017-03-25 17:10:00',NULL,NULL,NULL,'pass',NULL),('1780295','VariableUpdate','1777501','1777501',NULL,'1780268','submitMonthlyCheck_result','string',1,'2017-03-25 17:10:00',NULL,NULL,NULL,'pass',NULL),('1780300','VariableUpdate','1777501','1777501',NULL,NULL,'inputEndGrade_result','string',0,'2017-03-25 17:10:32',NULL,NULL,NULL,'pass',NULL),('1780301','VariableUpdate','1777501','1777501',NULL,'1780296','projectManager','string',1,'2017-03-25 17:10:32',NULL,NULL,NULL,'4',NULL),('1780302','VariableUpdate','1777501','1777501',NULL,'1780296','DispatcherEndMaster_result','string',1,'2017-03-25 17:10:32',NULL,NULL,NULL,'pass',NULL),('1780303','VariableUpdate','1777501','1777501',NULL,'1780296','departleaderMidApproval_result','string',1,'2017-03-25 17:10:32',NULL,NULL,NULL,'pass',NULL),('1780304','VariableUpdate','1777501','1777501',NULL,'1780296','officer','string',2,'2017-03-25 17:10:32',NULL,NULL,NULL,'5',NULL),('1780305','VariableUpdate','1777501','1777501',NULL,'1780296','officerApproval_result','string',1,'2017-03-25 17:10:32',NULL,NULL,NULL,'pass',NULL),('1780306','VariableUpdate','1777501','1777501',NULL,'1780296','inputMidGrade_result','string',1,'2017-03-25 17:10:32',NULL,NULL,NULL,'pass',NULL),('1780307','VariableUpdate','1777501','1777501',NULL,'1780296','departleaderEndApproval_result','string',1,'2017-03-25 17:10:32',NULL,NULL,NULL,'reject',NULL),('1780308','VariableUpdate','1777501','1777501',NULL,'1780296','departleaderApproval_result','string',1,'2017-03-25 17:10:32',NULL,NULL,NULL,'pass',NULL),('1780309','VariableUpdate','1777501','1777501',NULL,'1780296','committeeGroup','string',2,'2017-03-25 17:10:32',NULL,NULL,NULL,'',NULL),('1780310','VariableUpdate','1777501','1777501',NULL,'1780296','pmSubmitEndMaterial_result','string',1,'2017-03-25 17:10:32',NULL,NULL,NULL,'pass',NULL),('1780311','VariableUpdate','1777501','1777501',NULL,'1780296','committeeApproval_result','string',1,'2017-03-25 17:10:32',NULL,NULL,NULL,'pass',NULL),('1780312','VariableUpdate','1777501','1777501',NULL,'1780296','inputEndGrade_result','string',0,'2017-03-25 17:10:32',NULL,NULL,NULL,'pass',NULL),('1780313','VariableUpdate','1777501','1777501',NULL,'1780296','submitMonthlyReport_result','string',7,'2017-03-25 17:10:32',NULL,NULL,NULL,'reject',NULL),('1780314','VariableUpdate','1777501','1777501',NULL,'1780296','midCommitteeApproval_result','string',1,'2017-03-25 17:10:32',NULL,NULL,NULL,'pass',NULL),('1780315','VariableUpdate','1777501','1777501',NULL,'1780296','officerGroup','string',2,'2017-03-25 17:10:32',NULL,NULL,NULL,'',NULL),('1780316','VariableUpdate','1777501','1777501',NULL,'1780296','committee','string',2,'2017-03-25 17:10:32',NULL,NULL,NULL,'6',NULL),('1780317','VariableUpdate','1777501','1777501',NULL,'1780296','cycleTime','string',1,'2017-03-25 17:10:32',NULL,NULL,NULL,'PT2M',NULL),('1780318','VariableUpdate','1777501','1777501',NULL,'1780296','pmSubmitMIdMaterial_result','string',1,'2017-03-25 17:10:32',NULL,NULL,NULL,'pass',NULL),('1780319','VariableUpdate','1777501','1777501',NULL,'1780296','departLeaderGroup','string',1,'2017-03-25 17:10:32',NULL,NULL,NULL,'',NULL),('1780320','VariableUpdate','1777501','1777501',NULL,'1780296','committees','string',1,'2017-03-25 17:10:32',NULL,NULL,NULL,'',NULL),('1780321','VariableUpdate','1777501','1777501',NULL,'1780296','departLeader','string',1,'2017-03-25 17:10:32',NULL,NULL,NULL,'7',NULL),('1780322','VariableUpdate','1777501','1777501',NULL,'1780296','midApprovalReport_result','string',1,'2017-03-25 17:10:32',NULL,NULL,NULL,'pass',NULL),('1780323','VariableUpdate','1777501','1777501',NULL,'1780296','endApprovalReport_result','string',1,'2017-03-25 17:10:32',NULL,NULL,NULL,'pass',NULL),('1780324','VariableUpdate','1777501','1777501',NULL,'1780296','DispatcherMidMaster_result','string',1,'2017-03-25 17:10:32',NULL,NULL,NULL,'pass',NULL),('1780325','VariableUpdate','1777501','1777501',NULL,'1780296','submitMonthlyCheck_result','string',1,'2017-03-25 17:10:32',NULL,NULL,NULL,'pass',NULL),('1780331','VariableUpdate','1777501','1777501',NULL,NULL,'committeeEndApproval_result','string',0,'2017-03-25 17:10:50',NULL,NULL,NULL,'pass',NULL),('1780332','VariableUpdate','1777501','1777501',NULL,'1780326','projectManager','string',1,'2017-03-25 17:10:50',NULL,NULL,NULL,'4',NULL),('1780333','VariableUpdate','1777501','1777501',NULL,'1780326','DispatcherEndMaster_result','string',1,'2017-03-25 17:10:50',NULL,NULL,NULL,'pass',NULL),('1780334','VariableUpdate','1777501','1777501',NULL,'1780326','departleaderMidApproval_result','string',1,'2017-03-25 17:10:50',NULL,NULL,NULL,'pass',NULL),('1780335','VariableUpdate','1777501','1777501',NULL,'1780326','officer','string',2,'2017-03-25 17:10:50',NULL,NULL,NULL,'5',NULL),('1780336','VariableUpdate','1777501','1777501',NULL,'1780326','officerApproval_result','string',1,'2017-03-25 17:10:50',NULL,NULL,NULL,'pass',NULL),('1780337','VariableUpdate','1777501','1777501',NULL,'1780326','inputMidGrade_result','string',1,'2017-03-25 17:10:50',NULL,NULL,NULL,'pass',NULL),('1780338','VariableUpdate','1777501','1777501',NULL,'1780326','departleaderEndApproval_result','string',1,'2017-03-25 17:10:50',NULL,NULL,NULL,'reject',NULL),('1780339','VariableUpdate','1777501','1777501',NULL,'1780326','departleaderApproval_result','string',1,'2017-03-25 17:10:50',NULL,NULL,NULL,'pass',NULL),('1780340','VariableUpdate','1777501','1777501',NULL,'1780326','committeeGroup','string',2,'2017-03-25 17:10:50',NULL,NULL,NULL,'',NULL),('1780341','VariableUpdate','1777501','1777501',NULL,'1780326','pmSubmitEndMaterial_result','string',1,'2017-03-25 17:10:50',NULL,NULL,NULL,'pass',NULL),('1780342','VariableUpdate','1777501','1777501',NULL,'1780326','committeeApproval_result','string',1,'2017-03-25 17:10:50',NULL,NULL,NULL,'pass',NULL),('1780343','VariableUpdate','1777501','1777501',NULL,'1780326','inputEndGrade_result','string',1,'2017-03-25 17:10:50',NULL,NULL,NULL,'pass',NULL),('1780344','VariableUpdate','1777501','1777501',NULL,'1780326','submitMonthlyReport_result','string',7,'2017-03-25 17:10:50',NULL,NULL,NULL,'reject',NULL),('1780345','VariableUpdate','1777501','1777501',NULL,'1780326','midCommitteeApproval_result','string',1,'2017-03-25 17:10:50',NULL,NULL,NULL,'pass',NULL),('1780346','VariableUpdate','1777501','1777501',NULL,'1780326','committeeEndApproval_result','string',0,'2017-03-25 17:10:50',NULL,NULL,NULL,'pass',NULL),('1780347','VariableUpdate','1777501','1777501',NULL,'1780326','officerGroup','string',2,'2017-03-25 17:10:50',NULL,NULL,NULL,'',NULL),('1780348','VariableUpdate','1777501','1777501',NULL,'1780326','committee','string',2,'2017-03-25 17:10:50',NULL,NULL,NULL,'6',NULL),('1780349','VariableUpdate','1777501','1777501',NULL,'1780326','cycleTime','string',1,'2017-03-25 17:10:50',NULL,NULL,NULL,'PT2M',NULL),('1780350','VariableUpdate','1777501','1777501',NULL,'1780326','pmSubmitMIdMaterial_result','string',1,'2017-03-25 17:10:50',NULL,NULL,NULL,'pass',NULL),('1780351','VariableUpdate','1777501','1777501',NULL,'1780326','departLeaderGroup','string',1,'2017-03-25 17:10:50',NULL,NULL,NULL,'',NULL),('1780352','VariableUpdate','1777501','1777501',NULL,'1780326','committees','string',1,'2017-03-25 17:10:50',NULL,NULL,NULL,'',NULL),('1780353','VariableUpdate','1777501','1777501',NULL,'1780326','departLeader','string',1,'2017-03-25 17:10:50',NULL,NULL,NULL,'7',NULL),('1780354','VariableUpdate','1777501','1777501',NULL,'1780326','midApprovalReport_result','string',1,'2017-03-25 17:10:50',NULL,NULL,NULL,'pass',NULL),('1780355','VariableUpdate','1777501','1777501',NULL,'1780326','endApprovalReport_result','string',1,'2017-03-25 17:10:50',NULL,NULL,NULL,'pass',NULL),('1780356','VariableUpdate','1777501','1777501',NULL,'1780326','DispatcherMidMaster_result','string',1,'2017-03-25 17:10:50',NULL,NULL,NULL,'pass',NULL),('1780357','VariableUpdate','1777501','1777501',NULL,'1780326','submitMonthlyCheck_result','string',1,'2017-03-25 17:10:50',NULL,NULL,NULL,'pass',NULL),('1780362','VariableUpdate','1777501','1777501',NULL,'1780359','departleaderEndApproval_result','string',1,'2017-03-25 17:11:22',NULL,NULL,NULL,'pass',NULL),('1780363','VariableUpdate','1777501','1777501',NULL,'1780359','projectManager','string',1,'2017-03-25 17:11:22',NULL,NULL,NULL,'4',NULL),('1780364','VariableUpdate','1777501','1777501',NULL,'1780359','DispatcherEndMaster_result','string',1,'2017-03-25 17:11:22',NULL,NULL,NULL,'pass',NULL),('1780365','VariableUpdate','1777501','1777501',NULL,'1780359','departleaderMidApproval_result','string',1,'2017-03-25 17:11:22',NULL,NULL,NULL,'pass',NULL),('1780366','VariableUpdate','1777501','1777501',NULL,'1780359','officer','string',2,'2017-03-25 17:11:22',NULL,NULL,NULL,'5',NULL),('1780367','VariableUpdate','1777501','1777501',NULL,'1780359','officerApproval_result','string',1,'2017-03-25 17:11:22',NULL,NULL,NULL,'pass',NULL),('1780368','VariableUpdate','1777501','1777501',NULL,'1780359','inputMidGrade_result','string',1,'2017-03-25 17:11:22',NULL,NULL,NULL,'pass',NULL),('1780369','VariableUpdate','1777501','1777501',NULL,'1780359','departleaderEndApproval_result','string',1,'2017-03-25 17:11:22',NULL,NULL,NULL,'pass',NULL),('1780370','VariableUpdate','1777501','1777501',NULL,'1780359','departleaderApproval_result','string',1,'2017-03-25 17:11:22',NULL,NULL,NULL,'pass',NULL),('1780371','VariableUpdate','1777501','1777501',NULL,'1780359','committeeGroup','string',2,'2017-03-25 17:11:22',NULL,NULL,NULL,'',NULL),('1780372','VariableUpdate','1777501','1777501',NULL,'1780359','pmSubmitEndMaterial_result','string',1,'2017-03-25 17:11:22',NULL,NULL,NULL,'pass',NULL),('1780373','VariableUpdate','1777501','1777501',NULL,'1780359','committeeApproval_result','string',1,'2017-03-25 17:11:22',NULL,NULL,NULL,'pass',NULL),('1780374','VariableUpdate','1777501','1777501',NULL,'1780359','inputEndGrade_result','string',1,'2017-03-25 17:11:22',NULL,NULL,NULL,'pass',NULL),('1780375','VariableUpdate','1777501','1777501',NULL,'1780359','submitMonthlyReport_result','string',7,'2017-03-25 17:11:22',NULL,NULL,NULL,'reject',NULL),('1780376','VariableUpdate','1777501','1777501',NULL,'1780359','midCommitteeApproval_result','string',1,'2017-03-25 17:11:22',NULL,NULL,NULL,'pass',NULL),('1780377','VariableUpdate','1777501','1777501',NULL,'1780359','committeeEndApproval_result','string',1,'2017-03-25 17:11:22',NULL,NULL,NULL,'pass',NULL),('1780378','VariableUpdate','1777501','1777501',NULL,'1780359','officerGroup','string',2,'2017-03-25 17:11:22',NULL,NULL,NULL,'',NULL),('1780379','VariableUpdate','1777501','1777501',NULL,'1780359','committee','string',2,'2017-03-25 17:11:22',NULL,NULL,NULL,'6',NULL),('1780380','VariableUpdate','1777501','1777501',NULL,'1780359','cycleTime','string',1,'2017-03-25 17:11:22',NULL,NULL,NULL,'PT2M',NULL),('1780381','VariableUpdate','1777501','1777501',NULL,'1780359','pmSubmitMIdMaterial_result','string',1,'2017-03-25 17:11:22',NULL,NULL,NULL,'pass',NULL),('1780382','VariableUpdate','1777501','1777501',NULL,'1780359','departLeaderGroup','string',1,'2017-03-25 17:11:22',NULL,NULL,NULL,'',NULL),('1780383','VariableUpdate','1777501','1777501',NULL,'1780359','committees','string',1,'2017-03-25 17:11:22',NULL,NULL,NULL,'',NULL),('1780384','VariableUpdate','1777501','1777501',NULL,'1780359','departLeader','string',1,'2017-03-25 17:11:22',NULL,NULL,NULL,'7',NULL),('1780385','VariableUpdate','1777501','1777501',NULL,'1780359','midApprovalReport_result','string',1,'2017-03-25 17:11:22',NULL,NULL,NULL,'pass',NULL),('1780386','VariableUpdate','1777501','1777501',NULL,'1780359','endApprovalReport_result','string',1,'2017-03-25 17:11:22',NULL,NULL,NULL,'pass',NULL),('1780387','VariableUpdate','1777501','1777501',NULL,'1780359','DispatcherMidMaster_result','string',1,'2017-03-25 17:11:22',NULL,NULL,NULL,'pass',NULL),('1780388','VariableUpdate','1777501','1777501',NULL,'1780359','submitMonthlyCheck_result','string',1,'2017-03-25 17:11:22',NULL,NULL,NULL,'pass',NULL),('1780391','VariableUpdate','1777501','1777501',NULL,'1697619','submitMonthlyCheck_result','string',1,'2017-03-25 17:11:51',NULL,NULL,NULL,'pass',NULL),('1780393','VariableUpdate','1777501','1777501',NULL,'1697623','submitMonthlyReport_result','string',7,'2017-03-25 17:12:18',NULL,NULL,NULL,'pass',NULL),('1780400','VariableUpdate','1777501','1777501',NULL,'1780397','PMSelfConclusion_result','string',0,'2017-03-25 17:12:31',NULL,NULL,NULL,'pass',NULL),('1780401','VariableUpdate','1777501','1777501',NULL,'1780397','projectManager','string',1,'2017-03-25 17:12:31',NULL,NULL,NULL,'4',NULL),('1780402','VariableUpdate','1777501','1777501',NULL,'1780397','DispatcherEndMaster_result','string',1,'2017-03-25 17:12:31',NULL,NULL,NULL,'pass',NULL),('1780403','VariableUpdate','1777501','1777501',NULL,'1780397','departleaderMidApproval_result','string',1,'2017-03-25 17:12:31',NULL,NULL,NULL,'pass',NULL),('1780404','VariableUpdate','1777501','1777501',NULL,'1780397','officer','string',2,'2017-03-25 17:12:31',NULL,NULL,NULL,'5',NULL),('1780405','VariableUpdate','1777501','1777501',NULL,'1780397','officerApproval_result','string',1,'2017-03-25 17:12:31',NULL,NULL,NULL,'pass',NULL),('1780406','VariableUpdate','1777501','1777501',NULL,'1780397','inputMidGrade_result','string',1,'2017-03-25 17:12:31',NULL,NULL,NULL,'pass',NULL),('1780407','VariableUpdate','1777501','1777501',NULL,'1780397','departleaderEndApproval_result','string',2,'2017-03-25 17:12:31',NULL,NULL,NULL,'pass',NULL),('1780408','VariableUpdate','1777501','1777501',NULL,'1780397','departleaderApproval_result','string',1,'2017-03-25 17:12:31',NULL,NULL,NULL,'pass',NULL),('1780409','VariableUpdate','1777501','1777501',NULL,'1780397','committeeGroup','string',2,'2017-03-25 17:12:31',NULL,NULL,NULL,'',NULL),('1780410','VariableUpdate','1777501','1777501',NULL,'1780397','pmSubmitEndMaterial_result','string',1,'2017-03-25 17:12:31',NULL,NULL,NULL,'pass',NULL),('1780411','VariableUpdate','1777501','1777501',NULL,'1780397','committeeApproval_result','string',1,'2017-03-25 17:12:31',NULL,NULL,NULL,'pass',NULL),('1780412','VariableUpdate','1777501','1777501',NULL,'1780397','inputEndGrade_result','string',1,'2017-03-25 17:12:31',NULL,NULL,NULL,'pass',NULL),('1780413','VariableUpdate','1777501','1777501',NULL,'1780397','submitMonthlyReport_result','string',8,'2017-03-25 17:12:31',NULL,NULL,NULL,'pass',NULL),('1780414','VariableUpdate','1777501','1777501',NULL,'1780397','midCommitteeApproval_result','string',1,'2017-03-25 17:12:31',NULL,NULL,NULL,'pass',NULL),('1780415','VariableUpdate','1777501','1777501',NULL,'1780397','committeeEndApproval_result','string',1,'2017-03-25 17:12:31',NULL,NULL,NULL,'pass',NULL),('1780416','VariableUpdate','1777501','1777501',NULL,'1780397','officerGroup','string',2,'2017-03-25 17:12:31',NULL,NULL,NULL,'',NULL),('1780417','VariableUpdate','1777501','1777501',NULL,'1780397','committee','string',2,'2017-03-25 17:12:31',NULL,NULL,NULL,'6',NULL),('1780418','VariableUpdate','1777501','1777501',NULL,'1780397','cycleTime','string',1,'2017-03-25 17:12:31',NULL,NULL,NULL,'PT2M',NULL),('1780419','VariableUpdate','1777501','1777501',NULL,'1780397','pmSubmitMIdMaterial_result','string',1,'2017-03-25 17:12:31',NULL,NULL,NULL,'pass',NULL),('1780420','VariableUpdate','1777501','1777501',NULL,'1780397','departLeaderGroup','string',1,'2017-03-25 17:12:31',NULL,NULL,NULL,'',NULL),('1780421','VariableUpdate','1777501','1777501',NULL,'1780397','committees','string',1,'2017-03-25 17:12:31',NULL,NULL,NULL,'',NULL),('1780422','VariableUpdate','1777501','1777501',NULL,'1780397','departLeader','string',1,'2017-03-25 17:12:31',NULL,NULL,NULL,'7',NULL),('1780423','VariableUpdate','1777501','1777501',NULL,'1780397','midApprovalReport_result','string',1,'2017-03-25 17:12:31',NULL,NULL,NULL,'pass',NULL),('1780424','VariableUpdate','1777501','1777501',NULL,'1780397','endApprovalReport_result','string',1,'2017-03-25 17:12:31',NULL,NULL,NULL,'pass',NULL),('1780425','VariableUpdate','1777501','1777501',NULL,'1780397','DispatcherMidMaster_result','string',1,'2017-03-25 17:12:31',NULL,NULL,NULL,'pass',NULL),('1780426','VariableUpdate','1777501','1777501',NULL,'1780397','submitMonthlyCheck_result','string',1,'2017-03-25 17:12:31',NULL,NULL,NULL,'pass',NULL),('1780427','VariableUpdate','1777501','1777501',NULL,'1780397','PMSelfConclusion_result','string',0,'2017-03-25 17:12:31',NULL,NULL,NULL,'pass',NULL),('1780432','VariableUpdate','1777501','1777501',NULL,'1780428','departleaderConclusion_result','string',0,'2017-03-25 17:12:53',NULL,NULL,NULL,'pass',NULL),('1780433','VariableUpdate','1777501','1777501',NULL,'1780428','projectManager','string',1,'2017-03-25 17:12:53',NULL,NULL,NULL,'4',NULL),('1780434','VariableUpdate','1777501','1777501',NULL,'1780428','DispatcherEndMaster_result','string',1,'2017-03-25 17:12:53',NULL,NULL,NULL,'pass',NULL),('1780435','VariableUpdate','1777501','1777501',NULL,'1780428','departleaderMidApproval_result','string',1,'2017-03-25 17:12:53',NULL,NULL,NULL,'pass',NULL),('1780436','VariableUpdate','1777501','1777501',NULL,'1780428','officer','string',2,'2017-03-25 17:12:53',NULL,NULL,NULL,'5',NULL),('1780437','VariableUpdate','1777501','1777501',NULL,'1780428','officerApproval_result','string',1,'2017-03-25 17:12:53',NULL,NULL,NULL,'pass',NULL),('1780438','VariableUpdate','1777501','1777501',NULL,'1780428','inputMidGrade_result','string',1,'2017-03-25 17:12:53',NULL,NULL,NULL,'pass',NULL),('1780439','VariableUpdate','1777501','1777501',NULL,'1780428','departleaderEndApproval_result','string',2,'2017-03-25 17:12:53',NULL,NULL,NULL,'pass',NULL),('1780440','VariableUpdate','1777501','1777501',NULL,'1780428','departleaderApproval_result','string',1,'2017-03-25 17:12:53',NULL,NULL,NULL,'pass',NULL),('1780441','VariableUpdate','1777501','1777501',NULL,'1780428','committeeGroup','string',2,'2017-03-25 17:12:53',NULL,NULL,NULL,'',NULL),('1780442','VariableUpdate','1777501','1777501',NULL,'1780428','pmSubmitEndMaterial_result','string',1,'2017-03-25 17:12:53',NULL,NULL,NULL,'pass',NULL),('1780443','VariableUpdate','1777501','1777501',NULL,'1780428','committeeApproval_result','string',1,'2017-03-25 17:12:53',NULL,NULL,NULL,'pass',NULL),('1780444','VariableUpdate','1777501','1777501',NULL,'1780428','inputEndGrade_result','string',1,'2017-03-25 17:12:53',NULL,NULL,NULL,'pass',NULL),('1780445','VariableUpdate','1777501','1777501',NULL,'1780428','submitMonthlyReport_result','string',8,'2017-03-25 17:12:53',NULL,NULL,NULL,'pass',NULL),('1780446','VariableUpdate','1777501','1777501',NULL,'1780428','midCommitteeApproval_result','string',1,'2017-03-25 17:12:53',NULL,NULL,NULL,'pass',NULL),('1780447','VariableUpdate','1777501','1777501',NULL,'1780428','committeeEndApproval_result','string',1,'2017-03-25 17:12:53',NULL,NULL,NULL,'pass',NULL),('1780448','VariableUpdate','1777501','1777501',NULL,'1780428','officerGroup','string',2,'2017-03-25 17:12:53',NULL,NULL,NULL,'',NULL),('1780449','VariableUpdate','1777501','1777501',NULL,'1780428','committee','string',2,'2017-03-25 17:12:53',NULL,NULL,NULL,'6',NULL),('1780450','VariableUpdate','1777501','1777501',NULL,'1780428','cycleTime','string',1,'2017-03-25 17:12:53',NULL,NULL,NULL,'PT2M',NULL),('1780451','VariableUpdate','1777501','1777501',NULL,'1780428','pmSubmitMIdMaterial_result','string',1,'2017-03-25 17:12:53',NULL,NULL,NULL,'pass',NULL),('1780452','VariableUpdate','1777501','1777501',NULL,'1780428','departLeaderGroup','string',1,'2017-03-25 17:12:53',NULL,NULL,NULL,'',NULL),('1780453','VariableUpdate','1777501','1777501',NULL,'1780428','committees','string',1,'2017-03-25 17:12:53',NULL,NULL,NULL,'',NULL),('1780454','VariableUpdate','1777501','1777501',NULL,'1780428','departLeader','string',1,'2017-03-25 17:12:53',NULL,NULL,NULL,'7',NULL),('1780455','VariableUpdate','1777501','1777501',NULL,'1780428','midApprovalReport_result','string',1,'2017-03-25 17:12:53',NULL,NULL,NULL,'pass',NULL),('1780456','VariableUpdate','1777501','1777501',NULL,'1780428','endApprovalReport_result','string',1,'2017-03-25 17:12:53',NULL,NULL,NULL,'pass',NULL),('1780457','VariableUpdate','1777501','1777501',NULL,'1780428','DispatcherMidMaster_result','string',1,'2017-03-25 17:12:53',NULL,NULL,NULL,'pass',NULL),('1780458','VariableUpdate','1777501','1777501',NULL,'1780428','submitMonthlyCheck_result','string',1,'2017-03-25 17:12:53',NULL,NULL,NULL,'pass',NULL),('1780459','VariableUpdate','1777501','1777501',NULL,'1780428','PMSelfConclusion_result','string',1,'2017-03-25 17:12:53',NULL,NULL,NULL,'pass',NULL),('1780460','VariableUpdate','1777501','1777501',NULL,'1780428','departleaderConclusion_result','string',0,'2017-03-25 17:12:53',NULL,NULL,NULL,'pass',NULL),('1780466','VariableUpdate','1780462','1780462',NULL,'1780464','projectManager','string',0,'2017-03-27 09:23:25',NULL,NULL,NULL,'57',NULL),('1780468','VariableUpdate','1780462','1780462',NULL,'1780464','officerGroup','string',0,'2017-03-27 09:23:25',NULL,NULL,NULL,'15',NULL),('1780470','VariableUpdate','1780462','1780462',NULL,'1780464','committee','null',0,'2017-03-27 09:23:25',NULL,NULL,NULL,NULL,NULL),('1780472','VariableUpdate','1780462','1780462',NULL,'1780464','officer','null',0,'2017-03-27 09:23:25',NULL,NULL,NULL,NULL,NULL),('1780474','VariableUpdate','1780462','1780462',NULL,'1780464','departLeaderGroup','string',0,'2017-03-27 09:23:25',NULL,NULL,NULL,'',NULL),('1780476','VariableUpdate','1780462','1780462',NULL,'1780464','submitMonthlyReport_result','string',0,'2017-03-27 09:23:25',NULL,NULL,NULL,'reject',NULL),('1780478','VariableUpdate','1780462','1780462',NULL,'1780464','committees','string',0,'2017-03-27 09:23:25',NULL,NULL,NULL,'',NULL),('1780480','VariableUpdate','1780462','1780462',NULL,'1780464','departLeader','string',0,'2017-03-27 09:23:25',NULL,NULL,NULL,'53',NULL),('1780482','VariableUpdate','1780462','1780462',NULL,'1780464','departleaderEndApproval_result','string',0,'2017-03-27 09:23:25',NULL,NULL,NULL,'reject',NULL),('1780484','VariableUpdate','1780462','1780462',NULL,'1780464','committeeGroup','string',0,'2017-03-27 09:23:25',NULL,NULL,NULL,'17',NULL),('1780490','VariableUpdate','1780462','1780462',NULL,'1780485','officerApproval_result','string',0,'2017-03-27 09:26:07',NULL,NULL,NULL,'pass',NULL),('1780491','VariableUpdate','1780462','1780462',NULL,'1780485','committees','string',1,'2017-03-27 09:26:07',NULL,NULL,NULL,'58,6',NULL),('1780492','VariableUpdate','1780462','1780462',NULL,'1780485','committeeGroup','string',1,'2017-03-27 09:26:07',NULL,NULL,NULL,'',NULL),('1780493','VariableUpdate','1780462','1780462',NULL,'1780485','projectManager','string',1,'2017-03-27 09:26:07',NULL,NULL,NULL,'57',NULL),('1780494','VariableUpdate','1780462','1780462',NULL,'1780485','officerGroup','string',1,'2017-03-27 09:26:07',NULL,NULL,NULL,'',NULL),('1780495','VariableUpdate','1780462','1780462',NULL,'1780485','committee','null',1,'2017-03-27 09:26:07',NULL,NULL,NULL,NULL,NULL),('1780496','VariableUpdate','1780462','1780462',NULL,'1780485','officer','string',1,'2017-03-27 09:26:07',NULL,NULL,NULL,'59',NULL),('1780497','VariableUpdate','1780462','1780462',NULL,'1780485','departLeaderGroup','string',1,'2017-03-27 09:26:07',NULL,NULL,NULL,'',NULL),('1780498','VariableUpdate','1780462','1780462',NULL,'1780485','submitMonthlyReport_result','string',1,'2017-03-27 09:26:07',NULL,NULL,NULL,'reject',NULL),('1780499','VariableUpdate','1780462','1780462',NULL,'1780485','committees','string',1,'2017-03-27 09:26:07',NULL,NULL,NULL,'58,6',NULL),('1780500','VariableUpdate','1780462','1780462',NULL,'1780485','departLeader','string',1,'2017-03-27 09:26:07',NULL,NULL,NULL,'53',NULL),('1780501','VariableUpdate','1780462','1780462',NULL,'1780485','officerApproval_result','string',0,'2017-03-27 09:26:07',NULL,NULL,NULL,'pass',NULL),('1780502','VariableUpdate','1780462','1780462',NULL,'1780485','departleaderEndApproval_result','string',1,'2017-03-27 09:26:07',NULL,NULL,NULL,'reject',NULL),('1780503','VariableUpdate','1780462','1780462',NULL,'1780485','committeeGroup','string',1,'2017-03-27 09:26:07',NULL,NULL,NULL,'',NULL),('1780512','VariableUpdate','1780462','1780462',NULL,'1780504','committeeApproval_result','string',0,'2017-03-27 09:47:10',NULL,NULL,NULL,'pass',NULL),('1780513','VariableUpdate','1780462','1780462',NULL,'1780504','projectManager','string',1,'2017-03-27 09:47:10',NULL,NULL,NULL,'57',NULL),('1780514','VariableUpdate','1780462','1780462',NULL,'1780504','officerGroup','string',2,'2017-03-27 09:47:10',NULL,NULL,NULL,'',NULL),('1780515','VariableUpdate','1780462','1780462',NULL,'1780504','committee','string',1,'2017-03-27 09:47:10',NULL,NULL,NULL,'58',NULL),('1780516','VariableUpdate','1780462','1780462',NULL,'1780504','committeeApproval_result','string',0,'2017-03-27 09:47:10',NULL,NULL,NULL,'pass',NULL),('1780517','VariableUpdate','1780462','1780462',NULL,'1780504','officer','string',2,'2017-03-27 09:47:10',NULL,NULL,NULL,'59',NULL),('1780518','VariableUpdate','1780462','1780462',NULL,'1780504','departLeaderGroup','string',1,'2017-03-27 09:47:10',NULL,NULL,NULL,'',NULL),('1780519','VariableUpdate','1780462','1780462',NULL,'1780504','submitMonthlyReport_result','string',1,'2017-03-27 09:47:10',NULL,NULL,NULL,'reject',NULL),('1780520','VariableUpdate','1780462','1780462',NULL,'1780504','committees','string',2,'2017-03-27 09:47:10',NULL,NULL,NULL,'',NULL),('1780521','VariableUpdate','1780462','1780462',NULL,'1780504','departLeader','string',1,'2017-03-27 09:47:10',NULL,NULL,NULL,'53',NULL),('1780522','VariableUpdate','1780462','1780462',NULL,'1780504','officerApproval_result','string',1,'2017-03-27 09:47:10',NULL,NULL,NULL,'pass',NULL),('1780523','VariableUpdate','1780462','1780462',NULL,'1780504','departleaderEndApproval_result','string',1,'2017-03-27 09:47:10',NULL,NULL,NULL,'reject',NULL),('1780524','VariableUpdate','1780462','1780462',NULL,'1780504','committeeGroup','string',2,'2017-03-27 09:47:10',NULL,NULL,NULL,'',NULL),('1780531','VariableUpdate','1780462','1780462',NULL,'1780526','cycleTime','string',0,'2017-03-27 09:52:15',NULL,NULL,NULL,'PT2M',NULL),('1780533','VariableUpdate','1780462','1780462',NULL,'1780526','departleaderApproval_result','string',0,'2017-03-27 09:52:15',NULL,NULL,NULL,'pass',NULL),('1780534','VariableUpdate','1780462','1780462',NULL,'1780526','projectManager','string',1,'2017-03-27 09:52:15',NULL,NULL,NULL,'57',NULL),('1780535','VariableUpdate','1780462','1780462',NULL,'1780526','officerGroup','string',2,'2017-03-27 09:52:15',NULL,NULL,NULL,'',NULL),('1780536','VariableUpdate','1780462','1780462',NULL,'1780526','committee','string',2,'2017-03-27 09:52:15',NULL,NULL,NULL,'58',NULL),('1780537','VariableUpdate','1780462','1780462',NULL,'1780526','cycleTime','string',0,'2017-03-27 09:52:15',NULL,NULL,NULL,'PT2M',NULL),('1780538','VariableUpdate','1780462','1780462',NULL,'1780526','officer','string',2,'2017-03-27 09:52:15',NULL,NULL,NULL,'59',NULL),('1780539','VariableUpdate','1780462','1780462',NULL,'1780526','departLeaderGroup','string',1,'2017-03-27 09:52:15',NULL,NULL,NULL,'',NULL),('1780540','VariableUpdate','1780462','1780462',NULL,'1780526','committees','string',3,'2017-03-27 09:52:15',NULL,NULL,NULL,'',NULL),('1780541','VariableUpdate','1780462','1780462',NULL,'1780526','departLeader','string',1,'2017-03-27 09:52:15',NULL,NULL,NULL,'53',NULL),('1780542','VariableUpdate','1780462','1780462',NULL,'1780526','officerApproval_result','string',1,'2017-03-27 09:52:15',NULL,NULL,NULL,'pass',NULL),('1780543','VariableUpdate','1780462','1780462',NULL,'1780526','departleaderEndApproval_result','string',1,'2017-03-27 09:52:15',NULL,NULL,NULL,'reject',NULL),('1780544','VariableUpdate','1780462','1780462',NULL,'1780526','departleaderApproval_result','string',0,'2017-03-27 09:52:15',NULL,NULL,NULL,'pass',NULL),('1780545','VariableUpdate','1780462','1780462',NULL,'1780526','committeeGroup','string',2,'2017-03-27 09:52:15',NULL,NULL,NULL,'',NULL),('1780546','VariableUpdate','1780462','1780462',NULL,'1780526','committeeApproval_result','string',1,'2017-03-27 09:52:15',NULL,NULL,NULL,'pass',NULL),('1780547','VariableUpdate','1780462','1780462',NULL,'1780526','submitMonthlyReport_result','string',1,'2017-03-27 09:52:15',NULL,NULL,NULL,'reject',NULL),('1780558','VariableUpdate','1780462','1780462',NULL,'1697634','submitMonthlyReport_result','string',1,'2017-03-27 09:53:59',NULL,NULL,NULL,'pass',NULL),('1780561','VariableUpdate','1780462','1780462',NULL,NULL,'pmSubmitMIdMaterial_result','string',0,'2017-03-27 09:54:35',NULL,NULL,NULL,'pass',NULL),('1780562','VariableUpdate','1780462','1780462',NULL,'1780552','projectManager','string',1,'2017-03-27 09:54:35',NULL,NULL,NULL,'57',NULL),('1780563','VariableUpdate','1780462','1780462',NULL,'1780552','officerGroup','string',2,'2017-03-27 09:54:35',NULL,NULL,NULL,'',NULL),('1780564','VariableUpdate','1780462','1780462',NULL,'1780552','committee','string',2,'2017-03-27 09:54:35',NULL,NULL,NULL,'58',NULL),('1780565','VariableUpdate','1780462','1780462',NULL,'1780552','cycleTime','string',1,'2017-03-27 09:54:35',NULL,NULL,NULL,'PT2M',NULL),('1780566','VariableUpdate','1780462','1780462',NULL,'1780552','officer','string',2,'2017-03-27 09:54:35',NULL,NULL,NULL,'59',NULL),('1780567','VariableUpdate','1780462','1780462',NULL,'1780552','pmSubmitMIdMaterial_result','string',0,'2017-03-27 09:54:35',NULL,NULL,NULL,'pass',NULL),('1780568','VariableUpdate','1780462','1780462',NULL,'1780552','departLeaderGroup','string',1,'2017-03-27 09:54:35',NULL,NULL,NULL,'',NULL),('1780569','VariableUpdate','1780462','1780462',NULL,'1780552','committees','string',3,'2017-03-27 09:54:35',NULL,NULL,NULL,'',NULL),('1780570','VariableUpdate','1780462','1780462',NULL,'1780552','departLeader','string',1,'2017-03-27 09:54:35',NULL,NULL,NULL,'53',NULL),('1780571','VariableUpdate','1780462','1780462',NULL,'1780552','officerApproval_result','string',1,'2017-03-27 09:54:35',NULL,NULL,NULL,'pass',NULL),('1780572','VariableUpdate','1780462','1780462',NULL,'1780552','departleaderEndApproval_result','string',1,'2017-03-27 09:54:35',NULL,NULL,NULL,'reject',NULL),('1780573','VariableUpdate','1780462','1780462',NULL,'1780552','departleaderApproval_result','string',1,'2017-03-27 09:54:35',NULL,NULL,NULL,'pass',NULL),('1780574','VariableUpdate','1780462','1780462',NULL,'1780552','committeeGroup','string',2,'2017-03-27 09:54:35',NULL,NULL,NULL,'',NULL),('1780575','VariableUpdate','1780462','1780462',NULL,'1780552','committeeApproval_result','string',1,'2017-03-27 09:54:35',NULL,NULL,NULL,'pass',NULL),('1780576','VariableUpdate','1780462','1780462',NULL,'1780552','submitMonthlyReport_result','string',2,'2017-03-27 09:54:35',NULL,NULL,NULL,'pass',NULL),('1780581','VariableUpdate','1780462','1780462',NULL,NULL,'DispatcherMidMaster_result','string',0,'2017-03-27 09:55:20',NULL,NULL,NULL,'pass',NULL),('1780582','VariableUpdate','1780462','1780462',NULL,'1780577','projectManager','string',1,'2017-03-27 09:55:20',NULL,NULL,NULL,'57',NULL),('1780583','VariableUpdate','1780462','1780462',NULL,'1780577','officerGroup','string',2,'2017-03-27 09:55:20',NULL,NULL,NULL,'',NULL),('1780584','VariableUpdate','1780462','1780462',NULL,'1780577','committee','string',2,'2017-03-27 09:55:20',NULL,NULL,NULL,'58',NULL),('1780585','VariableUpdate','1780462','1780462',NULL,'1780577','cycleTime','string',1,'2017-03-27 09:55:20',NULL,NULL,NULL,'PT2M',NULL),('1780586','VariableUpdate','1780462','1780462',NULL,'1780577','officer','string',2,'2017-03-27 09:55:20',NULL,NULL,NULL,'59',NULL),('1780587','VariableUpdate','1780462','1780462',NULL,'1780577','pmSubmitMIdMaterial_result','string',1,'2017-03-27 09:55:20',NULL,NULL,NULL,'pass',NULL),('1780588','VariableUpdate','1780462','1780462',NULL,'1780577','departLeaderGroup','string',1,'2017-03-27 09:55:20',NULL,NULL,NULL,'',NULL),('1780589','VariableUpdate','1780462','1780462',NULL,'1780577','committees','string',3,'2017-03-27 09:55:20',NULL,NULL,NULL,'',NULL),('1780590','VariableUpdate','1780462','1780462',NULL,'1780577','departLeader','string',1,'2017-03-27 09:55:20',NULL,NULL,NULL,'53',NULL),('1780591','VariableUpdate','1780462','1780462',NULL,'1780577','officerApproval_result','string',1,'2017-03-27 09:55:20',NULL,NULL,NULL,'pass',NULL),('1780592','VariableUpdate','1780462','1780462',NULL,'1780577','departleaderEndApproval_result','string',1,'2017-03-27 09:55:20',NULL,NULL,NULL,'reject',NULL),('1780593','VariableUpdate','1780462','1780462',NULL,'1780577','departleaderApproval_result','string',1,'2017-03-27 09:55:20',NULL,NULL,NULL,'pass',NULL),('1780594','VariableUpdate','1780462','1780462',NULL,'1780577','committeeGroup','string',2,'2017-03-27 09:55:20',NULL,NULL,NULL,'',NULL),('1780595','VariableUpdate','1780462','1780462',NULL,'1780577','committeeApproval_result','string',1,'2017-03-27 09:55:20',NULL,NULL,NULL,'pass',NULL),('1780596','VariableUpdate','1780462','1780462',NULL,'1780577','DispatcherMidMaster_result','string',0,'2017-03-27 09:55:20',NULL,NULL,NULL,'pass',NULL),('1780597','VariableUpdate','1780462','1780462',NULL,'1780577','submitMonthlyReport_result','string',2,'2017-03-27 09:55:20',NULL,NULL,NULL,'pass',NULL),('1780601','VariableUpdate','1780462','1780462',NULL,NULL,'midApprovalReport_result','string',0,'2017-03-27 09:56:28',NULL,NULL,NULL,'pass',NULL),('1780602','VariableUpdate','1780462','1780462',NULL,'1780598','projectManager','string',1,'2017-03-27 09:56:28',NULL,NULL,NULL,'57',NULL),('1780603','VariableUpdate','1780462','1780462',NULL,'1780598','officerGroup','string',2,'2017-03-27 09:56:28',NULL,NULL,NULL,'',NULL),('1780604','VariableUpdate','1780462','1780462',NULL,'1780598','committee','string',2,'2017-03-27 09:56:28',NULL,NULL,NULL,'58',NULL),('1780605','VariableUpdate','1780462','1780462',NULL,'1780598','cycleTime','string',1,'2017-03-27 09:56:28',NULL,NULL,NULL,'PT2M',NULL),('1780606','VariableUpdate','1780462','1780462',NULL,'1780598','officer','string',2,'2017-03-27 09:56:28',NULL,NULL,NULL,'59',NULL),('1780607','VariableUpdate','1780462','1780462',NULL,'1780598','pmSubmitMIdMaterial_result','string',1,'2017-03-27 09:56:28',NULL,NULL,NULL,'pass',NULL),('1780608','VariableUpdate','1780462','1780462',NULL,'1780598','departLeaderGroup','string',1,'2017-03-27 09:56:28',NULL,NULL,NULL,'',NULL),('1780609','VariableUpdate','1780462','1780462',NULL,'1780598','committees','string',3,'2017-03-27 09:56:28',NULL,NULL,NULL,'',NULL),('1780610','VariableUpdate','1780462','1780462',NULL,'1780598','departLeader','string',1,'2017-03-27 09:56:28',NULL,NULL,NULL,'53',NULL),('1780611','VariableUpdate','1780462','1780462',NULL,'1780598','officerApproval_result','string',1,'2017-03-27 09:56:28',NULL,NULL,NULL,'pass',NULL),('1780612','VariableUpdate','1780462','1780462',NULL,'1780598','departleaderEndApproval_result','string',1,'2017-03-27 09:56:28',NULL,NULL,NULL,'reject',NULL),('1780613','VariableUpdate','1780462','1780462',NULL,'1780598','departleaderApproval_result','string',1,'2017-03-27 09:56:28',NULL,NULL,NULL,'pass',NULL),('1780614','VariableUpdate','1780462','1780462',NULL,'1780598','committeeGroup','string',2,'2017-03-27 09:56:29',NULL,NULL,NULL,'',NULL),('1780615','VariableUpdate','1780462','1780462',NULL,'1780598','midApprovalReport_result','string',0,'2017-03-27 09:56:29',NULL,NULL,NULL,'pass',NULL),('1780616','VariableUpdate','1780462','1780462',NULL,'1780598','committeeApproval_result','string',1,'2017-03-27 09:56:29',NULL,NULL,NULL,'pass',NULL),('1780617','VariableUpdate','1780462','1780462',NULL,'1780598','DispatcherMidMaster_result','string',1,'2017-03-27 09:56:29',NULL,NULL,NULL,'pass',NULL),('1780618','VariableUpdate','1780462','1780462',NULL,'1780598','submitMonthlyReport_result','string',2,'2017-03-27 09:56:29',NULL,NULL,NULL,'pass',NULL),('1780623','VariableUpdate','1780462','1780462',NULL,NULL,'inputMidGrade_result','string',0,'2017-03-27 09:57:24',NULL,NULL,NULL,'pass',NULL),('1780624','VariableUpdate','1780462','1780462',NULL,'1780619','projectManager','string',1,'2017-03-27 09:57:24',NULL,NULL,NULL,'57',NULL),('1780625','VariableUpdate','1780462','1780462',NULL,'1780619','officerGroup','string',2,'2017-03-27 09:57:24',NULL,NULL,NULL,'',NULL),('1780626','VariableUpdate','1780462','1780462',NULL,'1780619','committee','string',2,'2017-03-27 09:57:24',NULL,NULL,NULL,'58',NULL),('1780627','VariableUpdate','1780462','1780462',NULL,'1780619','cycleTime','string',1,'2017-03-27 09:57:24',NULL,NULL,NULL,'PT2M',NULL),('1780628','VariableUpdate','1780462','1780462',NULL,'1780619','officer','string',2,'2017-03-27 09:57:24',NULL,NULL,NULL,'59',NULL),('1780629','VariableUpdate','1780462','1780462',NULL,'1780619','pmSubmitMIdMaterial_result','string',1,'2017-03-27 09:57:24',NULL,NULL,NULL,'pass',NULL),('1780630','VariableUpdate','1780462','1780462',NULL,'1780619','departLeaderGroup','string',1,'2017-03-27 09:57:24',NULL,NULL,NULL,'',NULL),('1780631','VariableUpdate','1780462','1780462',NULL,'1780619','committees','string',3,'2017-03-27 09:57:24',NULL,NULL,NULL,'',NULL),('1780632','VariableUpdate','1780462','1780462',NULL,'1780619','departLeader','string',1,'2017-03-27 09:57:24',NULL,NULL,NULL,'53',NULL),('1780633','VariableUpdate','1780462','1780462',NULL,'1780619','officerApproval_result','string',1,'2017-03-27 09:57:24',NULL,NULL,NULL,'pass',NULL),('1780634','VariableUpdate','1780462','1780462',NULL,'1780619','inputMidGrade_result','string',0,'2017-03-27 09:57:24',NULL,NULL,NULL,'pass',NULL),('1780635','VariableUpdate','1780462','1780462',NULL,'1780619','departleaderEndApproval_result','string',1,'2017-03-27 09:57:24',NULL,NULL,NULL,'reject',NULL),('1780636','VariableUpdate','1780462','1780462',NULL,'1780619','departleaderApproval_result','string',1,'2017-03-27 09:57:24',NULL,NULL,NULL,'pass',NULL),('1780637','VariableUpdate','1780462','1780462',NULL,'1780619','committeeGroup','string',2,'2017-03-27 09:57:24',NULL,NULL,NULL,'',NULL),('1780638','VariableUpdate','1780462','1780462',NULL,'1780619','midApprovalReport_result','string',1,'2017-03-27 09:57:24',NULL,NULL,NULL,'pass',NULL),('1780639','VariableUpdate','1780462','1780462',NULL,'1780619','committeeApproval_result','string',1,'2017-03-27 09:57:24',NULL,NULL,NULL,'pass',NULL),('1780640','VariableUpdate','1780462','1780462',NULL,'1780619','DispatcherMidMaster_result','string',1,'2017-03-27 09:57:24',NULL,NULL,NULL,'pass',NULL),('1780641','VariableUpdate','1780462','1780462',NULL,'1780619','submitMonthlyReport_result','string',2,'2017-03-27 09:57:24',NULL,NULL,NULL,'pass',NULL),('1780647','VariableUpdate','1780462','1780462',NULL,NULL,'submitMonthlyCheck_result','string',0,'2017-03-27 09:59:26',NULL,NULL,NULL,'pass',NULL),('1780654','VariableUpdate','1780462','1780462',NULL,NULL,'midCommitteeApproval_result','string',0,'2017-03-27 10:00:40',NULL,NULL,NULL,'pass',NULL),('1780655','VariableUpdate','1780462','1780462',NULL,'1780642','projectManager','string',1,'2017-03-27 10:00:40',NULL,NULL,NULL,'57',NULL),('1780656','VariableUpdate','1780462','1780462',NULL,'1780642','officerGroup','string',2,'2017-03-27 10:00:40',NULL,NULL,NULL,'',NULL),('1780657','VariableUpdate','1780462','1780462',NULL,'1780642','committee','string',2,'2017-03-27 10:00:40',NULL,NULL,NULL,'58',NULL),('1780658','VariableUpdate','1780462','1780462',NULL,'1780642','cycleTime','string',1,'2017-03-27 10:00:40',NULL,NULL,NULL,'PT2M',NULL),('1780659','VariableUpdate','1780462','1780462',NULL,'1780642','officer','string',2,'2017-03-27 10:00:40',NULL,NULL,NULL,'59',NULL),('1780660','VariableUpdate','1780462','1780462',NULL,'1780642','pmSubmitMIdMaterial_result','string',1,'2017-03-27 10:00:40',NULL,NULL,NULL,'pass',NULL),('1780661','VariableUpdate','1780462','1780462',NULL,'1780642','departLeaderGroup','string',1,'2017-03-27 10:00:40',NULL,NULL,NULL,'',NULL),('1780662','VariableUpdate','1780462','1780462',NULL,'1780642','committees','string',3,'2017-03-27 10:00:40',NULL,NULL,NULL,'',NULL),('1780663','VariableUpdate','1780462','1780462',NULL,'1780642','departLeader','string',1,'2017-03-27 10:00:40',NULL,NULL,NULL,'53',NULL),('1780664','VariableUpdate','1780462','1780462',NULL,'1780642','officerApproval_result','string',1,'2017-03-27 10:00:40',NULL,NULL,NULL,'pass',NULL),('1780665','VariableUpdate','1780462','1780462',NULL,'1780642','inputMidGrade_result','string',1,'2017-03-27 10:00:40',NULL,NULL,NULL,'pass',NULL),('1780666','VariableUpdate','1780462','1780462',NULL,'1780642','departleaderEndApproval_result','string',1,'2017-03-27 10:00:40',NULL,NULL,NULL,'reject',NULL),('1780667','VariableUpdate','1780462','1780462',NULL,'1780642','departleaderApproval_result','string',1,'2017-03-27 10:00:40',NULL,NULL,NULL,'pass',NULL),('1780668','VariableUpdate','1780462','1780462',NULL,'1780642','committeeGroup','string',2,'2017-03-27 10:00:40',NULL,NULL,NULL,'',NULL),('1780669','VariableUpdate','1780462','1780462',NULL,'1780642','midApprovalReport_result','string',1,'2017-03-27 10:00:40',NULL,NULL,NULL,'pass',NULL),('1780670','VariableUpdate','1780462','1780462',NULL,'1780642','committeeApproval_result','string',1,'2017-03-27 10:00:40',NULL,NULL,NULL,'pass',NULL),('1780671','VariableUpdate','1780462','1780462',NULL,'1780642','DispatcherMidMaster_result','string',1,'2017-03-27 10:00:40',NULL,NULL,NULL,'pass',NULL),('1780672','VariableUpdate','1780462','1780462',NULL,'1780642','submitMonthlyReport_result','string',3,'2017-03-27 10:00:40',NULL,NULL,NULL,'reject',NULL),('1780673','VariableUpdate','1780462','1780462',NULL,'1780642','midCommitteeApproval_result','string',0,'2017-03-27 10:00:40',NULL,NULL,NULL,'pass',NULL),('1780674','VariableUpdate','1780462','1780462',NULL,'1780642','submitMonthlyCheck_result','string',1,'2017-03-27 10:00:40',NULL,NULL,NULL,'pass',NULL),('1780680','VariableUpdate','1780462','1780462',NULL,NULL,'departleaderMidApproval_result','string',0,'2017-03-27 10:02:45',NULL,NULL,NULL,'pass',NULL),('1780681','VariableUpdate','1780462','1780462',NULL,'1780676','projectManager','string',1,'2017-03-27 10:02:45',NULL,NULL,NULL,'57',NULL),('1780682','VariableUpdate','1780462','1780462',NULL,'1780676','officerGroup','string',2,'2017-03-27 10:02:45',NULL,NULL,NULL,'',NULL),('1780683','VariableUpdate','1780462','1780462',NULL,'1780676','committee','string',2,'2017-03-27 10:02:45',NULL,NULL,NULL,'58',NULL),('1780684','VariableUpdate','1780462','1780462',NULL,'1780676','cycleTime','string',1,'2017-03-27 10:02:45',NULL,NULL,NULL,'PT2M',NULL),('1780685','VariableUpdate','1780462','1780462',NULL,'1780676','departleaderMidApproval_result','string',0,'2017-03-27 10:02:45',NULL,NULL,NULL,'pass',NULL),('1780686','VariableUpdate','1780462','1780462',NULL,'1780676','officer','string',2,'2017-03-27 10:02:45',NULL,NULL,NULL,'59',NULL),('1780687','VariableUpdate','1780462','1780462',NULL,'1780676','pmSubmitMIdMaterial_result','string',1,'2017-03-27 10:02:45',NULL,NULL,NULL,'pass',NULL),('1780688','VariableUpdate','1780462','1780462',NULL,'1780676','departLeaderGroup','string',1,'2017-03-27 10:02:45',NULL,NULL,NULL,'',NULL),('1780689','VariableUpdate','1780462','1780462',NULL,'1780676','committees','string',3,'2017-03-27 10:02:45',NULL,NULL,NULL,'',NULL),('1780690','VariableUpdate','1780462','1780462',NULL,'1780676','departLeader','string',1,'2017-03-27 10:02:45',NULL,NULL,NULL,'53',NULL),('1780691','VariableUpdate','1780462','1780462',NULL,'1780676','officerApproval_result','string',1,'2017-03-27 10:02:45',NULL,NULL,NULL,'pass',NULL),('1780692','VariableUpdate','1780462','1780462',NULL,'1780676','inputMidGrade_result','string',1,'2017-03-27 10:02:45',NULL,NULL,NULL,'pass',NULL),('1780693','VariableUpdate','1780462','1780462',NULL,'1780676','departleaderEndApproval_result','string',1,'2017-03-27 10:02:45',NULL,NULL,NULL,'reject',NULL),('1780694','VariableUpdate','1780462','1780462',NULL,'1780676','departleaderApproval_result','string',1,'2017-03-27 10:02:45',NULL,NULL,NULL,'pass',NULL),('1780695','VariableUpdate','1780462','1780462',NULL,'1780676','committeeGroup','string',2,'2017-03-27 10:02:45',NULL,NULL,NULL,'',NULL),('1780696','VariableUpdate','1780462','1780462',NULL,'1780676','midApprovalReport_result','string',1,'2017-03-27 10:02:45',NULL,NULL,NULL,'pass',NULL),('1780697','VariableUpdate','1780462','1780462',NULL,'1780676','committeeApproval_result','string',1,'2017-03-27 10:02:45',NULL,NULL,NULL,'pass',NULL),('1780698','VariableUpdate','1780462','1780462',NULL,'1780676','DispatcherMidMaster_result','string',1,'2017-03-27 10:02:45',NULL,NULL,NULL,'pass',NULL),('1780699','VariableUpdate','1780462','1780462',NULL,'1780676','submitMonthlyReport_result','string',3,'2017-03-27 10:02:45',NULL,NULL,NULL,'reject',NULL),('1780700','VariableUpdate','1780462','1780462',NULL,'1780676','midCommitteeApproval_result','string',1,'2017-03-27 10:02:45',NULL,NULL,NULL,'pass',NULL),('1780701','VariableUpdate','1780462','1780462',NULL,'1780676','submitMonthlyCheck_result','string',1,'2017-03-27 10:02:45',NULL,NULL,NULL,'pass',NULL),('1780705','VariableUpdate','1780462','1780462',NULL,'1697644','submitMonthlyReport_result','string',3,'2017-03-27 10:19:41',NULL,NULL,NULL,'pass',NULL),('1780708','VariableUpdate','1780462','1780462',NULL,NULL,'pmSubmitEndMaterial_result','string',0,'2017-03-27 10:21:07',NULL,NULL,NULL,'pass',NULL),('1780709','VariableUpdate','1780462','1780462',NULL,'1780703','projectManager','string',1,'2017-03-27 10:21:07',NULL,NULL,NULL,'57',NULL),('1780710','VariableUpdate','1780462','1780462',NULL,'1780703','officerGroup','string',2,'2017-03-27 10:21:07',NULL,NULL,NULL,'',NULL),('1780711','VariableUpdate','1780462','1780462',NULL,'1780703','committee','string',2,'2017-03-27 10:21:07',NULL,NULL,NULL,'58',NULL),('1780712','VariableUpdate','1780462','1780462',NULL,'1780703','cycleTime','string',1,'2017-03-27 10:21:07',NULL,NULL,NULL,'PT2M',NULL),('1780713','VariableUpdate','1780462','1780462',NULL,'1780703','departleaderMidApproval_result','string',1,'2017-03-27 10:21:07',NULL,NULL,NULL,'pass',NULL),('1780714','VariableUpdate','1780462','1780462',NULL,'1780703','officer','string',2,'2017-03-27 10:21:07',NULL,NULL,NULL,'59',NULL),('1780715','VariableUpdate','1780462','1780462',NULL,'1780703','pmSubmitMIdMaterial_result','string',1,'2017-03-27 10:21:07',NULL,NULL,NULL,'pass',NULL),('1780716','VariableUpdate','1780462','1780462',NULL,'1780703','departLeaderGroup','string',1,'2017-03-27 10:21:07',NULL,NULL,NULL,'',NULL),('1780717','VariableUpdate','1780462','1780462',NULL,'1780703','committees','string',3,'2017-03-27 10:21:07',NULL,NULL,NULL,'',NULL),('1780718','VariableUpdate','1780462','1780462',NULL,'1780703','departLeader','string',1,'2017-03-27 10:21:07',NULL,NULL,NULL,'53',NULL),('1780719','VariableUpdate','1780462','1780462',NULL,'1780703','officerApproval_result','string',1,'2017-03-27 10:21:07',NULL,NULL,NULL,'pass',NULL),('1780720','VariableUpdate','1780462','1780462',NULL,'1780703','inputMidGrade_result','string',1,'2017-03-27 10:21:07',NULL,NULL,NULL,'pass',NULL),('1780721','VariableUpdate','1780462','1780462',NULL,'1780703','departleaderEndApproval_result','string',1,'2017-03-27 10:21:07',NULL,NULL,NULL,'reject',NULL),('1780722','VariableUpdate','1780462','1780462',NULL,'1780703','departleaderApproval_result','string',1,'2017-03-27 10:21:07',NULL,NULL,NULL,'pass',NULL),('1780723','VariableUpdate','1780462','1780462',NULL,'1780703','committeeGroup','string',2,'2017-03-27 10:21:07',NULL,NULL,NULL,'',NULL),('1780724','VariableUpdate','1780462','1780462',NULL,'1780703','midApprovalReport_result','string',1,'2017-03-27 10:21:07',NULL,NULL,NULL,'pass',NULL),('1780725','VariableUpdate','1780462','1780462',NULL,'1780703','pmSubmitEndMaterial_result','string',0,'2017-03-27 10:21:07',NULL,NULL,NULL,'pass',NULL),('1780726','VariableUpdate','1780462','1780462',NULL,'1780703','committeeApproval_result','string',1,'2017-03-27 10:21:07',NULL,NULL,NULL,'pass',NULL),('1780727','VariableUpdate','1780462','1780462',NULL,'1780703','DispatcherMidMaster_result','string',1,'2017-03-27 10:21:07',NULL,NULL,NULL,'pass',NULL),('1780728','VariableUpdate','1780462','1780462',NULL,'1780703','submitMonthlyReport_result','string',4,'2017-03-27 10:21:07',NULL,NULL,NULL,'pass',NULL),('1780729','VariableUpdate','1780462','1780462',NULL,'1780703','midCommitteeApproval_result','string',1,'2017-03-27 10:21:07',NULL,NULL,NULL,'pass',NULL),('1780730','VariableUpdate','1780462','1780462',NULL,'1780703','submitMonthlyCheck_result','string',1,'2017-03-27 10:21:07',NULL,NULL,NULL,'pass',NULL),('1780735','VariableUpdate','1780462','1780462',NULL,NULL,'DispatcherEndMaster_result','string',0,'2017-03-27 10:21:48',NULL,NULL,NULL,'pass',NULL),('1780736','VariableUpdate','1780462','1780462',NULL,'1780731','projectManager','string',1,'2017-03-27 10:21:48',NULL,NULL,NULL,'57',NULL),('1780737','VariableUpdate','1780462','1780462',NULL,'1780731','DispatcherEndMaster_result','string',0,'2017-03-27 10:21:48',NULL,NULL,NULL,'pass',NULL),('1780738','VariableUpdate','1780462','1780462',NULL,'1780731','officerGroup','string',2,'2017-03-27 10:21:48',NULL,NULL,NULL,'',NULL),('1780739','VariableUpdate','1780462','1780462',NULL,'1780731','committee','string',2,'2017-03-27 10:21:48',NULL,NULL,NULL,'58',NULL),('1780740','VariableUpdate','1780462','1780462',NULL,'1780731','cycleTime','string',1,'2017-03-27 10:21:48',NULL,NULL,NULL,'PT2M',NULL),('1780741','VariableUpdate','1780462','1780462',NULL,'1780731','departleaderMidApproval_result','string',1,'2017-03-27 10:21:48',NULL,NULL,NULL,'pass',NULL),('1780742','VariableUpdate','1780462','1780462',NULL,'1780731','officer','string',2,'2017-03-27 10:21:48',NULL,NULL,NULL,'59',NULL),('1780743','VariableUpdate','1780462','1780462',NULL,'1780731','pmSubmitMIdMaterial_result','string',1,'2017-03-27 10:21:48',NULL,NULL,NULL,'pass',NULL),('1780744','VariableUpdate','1780462','1780462',NULL,'1780731','departLeaderGroup','string',1,'2017-03-27 10:21:48',NULL,NULL,NULL,'',NULL),('1780745','VariableUpdate','1780462','1780462',NULL,'1780731','committees','string',3,'2017-03-27 10:21:48',NULL,NULL,NULL,'',NULL),('1780746','VariableUpdate','1780462','1780462',NULL,'1780731','departLeader','string',1,'2017-03-27 10:21:48',NULL,NULL,NULL,'53',NULL),('1780747','VariableUpdate','1780462','1780462',NULL,'1780731','officerApproval_result','string',1,'2017-03-27 10:21:48',NULL,NULL,NULL,'pass',NULL),('1780748','VariableUpdate','1780462','1780462',NULL,'1780731','inputMidGrade_result','string',1,'2017-03-27 10:21:48',NULL,NULL,NULL,'pass',NULL),('1780749','VariableUpdate','1780462','1780462',NULL,'1780731','departleaderEndApproval_result','string',1,'2017-03-27 10:21:48',NULL,NULL,NULL,'reject',NULL),('1780750','VariableUpdate','1780462','1780462',NULL,'1780731','departleaderApproval_result','string',1,'2017-03-27 10:21:48',NULL,NULL,NULL,'pass',NULL),('1780751','VariableUpdate','1780462','1780462',NULL,'1780731','committeeGroup','string',2,'2017-03-27 10:21:48',NULL,NULL,NULL,'',NULL),('1780752','VariableUpdate','1780462','1780462',NULL,'1780731','midApprovalReport_result','string',1,'2017-03-27 10:21:48',NULL,NULL,NULL,'pass',NULL),('1780753','VariableUpdate','1780462','1780462',NULL,'1780731','pmSubmitEndMaterial_result','string',1,'2017-03-27 10:21:48',NULL,NULL,NULL,'pass',NULL),('1780754','VariableUpdate','1780462','1780462',NULL,'1780731','committeeApproval_result','string',1,'2017-03-27 10:21:48',NULL,NULL,NULL,'pass',NULL),('1780755','VariableUpdate','1780462','1780462',NULL,'1780731','DispatcherMidMaster_result','string',1,'2017-03-27 10:21:48',NULL,NULL,NULL,'pass',NULL),('1780756','VariableUpdate','1780462','1780462',NULL,'1780731','submitMonthlyReport_result','string',4,'2017-03-27 10:21:48',NULL,NULL,NULL,'pass',NULL),('1780757','VariableUpdate','1780462','1780462',NULL,'1780731','midCommitteeApproval_result','string',1,'2017-03-27 10:21:48',NULL,NULL,NULL,'pass',NULL),('1780758','VariableUpdate','1780462','1780462',NULL,'1780731','submitMonthlyCheck_result','string',1,'2017-03-27 10:21:48',NULL,NULL,NULL,'pass',NULL),('1780762','VariableUpdate','1780462','1780462',NULL,NULL,'endApprovalReport_result','string',0,'2017-03-27 10:23:16',NULL,NULL,NULL,'pass',NULL),('1780763','VariableUpdate','1780462','1780462',NULL,'1780759','projectManager','string',1,'2017-03-27 10:23:16',NULL,NULL,NULL,'57',NULL),('1780764','VariableUpdate','1780462','1780462',NULL,'1780759','DispatcherEndMaster_result','string',1,'2017-03-27 10:23:16',NULL,NULL,NULL,'pass',NULL),('1780765','VariableUpdate','1780462','1780462',NULL,'1780759','officerGroup','string',2,'2017-03-27 10:23:16',NULL,NULL,NULL,'',NULL),('1780766','VariableUpdate','1780462','1780462',NULL,'1780759','committee','string',2,'2017-03-27 10:23:16',NULL,NULL,NULL,'58',NULL),('1780767','VariableUpdate','1780462','1780462',NULL,'1780759','cycleTime','string',1,'2017-03-27 10:23:16',NULL,NULL,NULL,'PT2M',NULL),('1780768','VariableUpdate','1780462','1780462',NULL,'1780759','departleaderMidApproval_result','string',1,'2017-03-27 10:23:16',NULL,NULL,NULL,'pass',NULL),('1780769','VariableUpdate','1780462','1780462',NULL,'1780759','officer','string',2,'2017-03-27 10:23:16',NULL,NULL,NULL,'59',NULL),('1780770','VariableUpdate','1780462','1780462',NULL,'1780759','pmSubmitMIdMaterial_result','string',1,'2017-03-27 10:23:16',NULL,NULL,NULL,'pass',NULL),('1780771','VariableUpdate','1780462','1780462',NULL,'1780759','departLeaderGroup','string',1,'2017-03-27 10:23:16',NULL,NULL,NULL,'',NULL),('1780772','VariableUpdate','1780462','1780462',NULL,'1780759','committees','string',3,'2017-03-27 10:23:16',NULL,NULL,NULL,'',NULL),('1780773','VariableUpdate','1780462','1780462',NULL,'1780759','departLeader','string',1,'2017-03-27 10:23:16',NULL,NULL,NULL,'53',NULL),('1780774','VariableUpdate','1780462','1780462',NULL,'1780759','officerApproval_result','string',1,'2017-03-27 10:23:16',NULL,NULL,NULL,'pass',NULL),('1780775','VariableUpdate','1780462','1780462',NULL,'1780759','inputMidGrade_result','string',1,'2017-03-27 10:23:16',NULL,NULL,NULL,'pass',NULL),('1780776','VariableUpdate','1780462','1780462',NULL,'1780759','departleaderEndApproval_result','string',1,'2017-03-27 10:23:16',NULL,NULL,NULL,'reject',NULL),('1780777','VariableUpdate','1780462','1780462',NULL,'1780759','departleaderApproval_result','string',1,'2017-03-27 10:23:16',NULL,NULL,NULL,'pass',NULL),('1780778','VariableUpdate','1780462','1780462',NULL,'1780759','committeeGroup','string',2,'2017-03-27 10:23:16',NULL,NULL,NULL,'',NULL),('1780779','VariableUpdate','1780462','1780462',NULL,'1780759','midApprovalReport_result','string',1,'2017-03-27 10:23:16',NULL,NULL,NULL,'pass',NULL),('1780780','VariableUpdate','1780462','1780462',NULL,'1780759','pmSubmitEndMaterial_result','string',1,'2017-03-27 10:23:16',NULL,NULL,NULL,'pass',NULL),('1780781','VariableUpdate','1780462','1780462',NULL,'1780759','endApprovalReport_result','string',0,'2017-03-27 10:23:16',NULL,NULL,NULL,'pass',NULL),('1780782','VariableUpdate','1780462','1780462',NULL,'1780759','committeeApproval_result','string',1,'2017-03-27 10:23:16',NULL,NULL,NULL,'pass',NULL),('1780783','VariableUpdate','1780462','1780462',NULL,'1780759','DispatcherMidMaster_result','string',1,'2017-03-27 10:23:16',NULL,NULL,NULL,'pass',NULL),('1780784','VariableUpdate','1780462','1780462',NULL,'1780759','submitMonthlyReport_result','string',4,'2017-03-27 10:23:16',NULL,NULL,NULL,'pass',NULL),('1780785','VariableUpdate','1780462','1780462',NULL,'1780759','midCommitteeApproval_result','string',1,'2017-03-27 10:23:16',NULL,NULL,NULL,'pass',NULL),('1780786','VariableUpdate','1780462','1780462',NULL,'1780759','submitMonthlyCheck_result','string',1,'2017-03-27 10:23:16',NULL,NULL,NULL,'pass',NULL),('1780791','VariableUpdate','1780462','1780462',NULL,NULL,'inputEndGrade_result','string',0,'2017-03-27 10:24:32',NULL,NULL,NULL,'pass',NULL),('1780792','VariableUpdate','1780462','1780462',NULL,'1780787','projectManager','string',1,'2017-03-27 10:24:32',NULL,NULL,NULL,'57',NULL),('1780793','VariableUpdate','1780462','1780462',NULL,'1780787','DispatcherEndMaster_result','string',1,'2017-03-27 10:24:32',NULL,NULL,NULL,'pass',NULL),('1780794','VariableUpdate','1780462','1780462',NULL,'1780787','departleaderMidApproval_result','string',1,'2017-03-27 10:24:32',NULL,NULL,NULL,'pass',NULL),('1780795','VariableUpdate','1780462','1780462',NULL,'1780787','officer','string',2,'2017-03-27 10:24:32',NULL,NULL,NULL,'59',NULL),('1780796','VariableUpdate','1780462','1780462',NULL,'1780787','officerApproval_result','string',1,'2017-03-27 10:24:32',NULL,NULL,NULL,'pass',NULL),('1780797','VariableUpdate','1780462','1780462',NULL,'1780787','inputMidGrade_result','string',1,'2017-03-27 10:24:32',NULL,NULL,NULL,'pass',NULL),('1780798','VariableUpdate','1780462','1780462',NULL,'1780787','departleaderEndApproval_result','string',1,'2017-03-27 10:24:32',NULL,NULL,NULL,'reject',NULL),('1780799','VariableUpdate','1780462','1780462',NULL,'1780787','departleaderApproval_result','string',1,'2017-03-27 10:24:32',NULL,NULL,NULL,'pass',NULL),('1780800','VariableUpdate','1780462','1780462',NULL,'1780787','committeeGroup','string',2,'2017-03-27 10:24:32',NULL,NULL,NULL,'',NULL),('1780801','VariableUpdate','1780462','1780462',NULL,'1780787','pmSubmitEndMaterial_result','string',1,'2017-03-27 10:24:32',NULL,NULL,NULL,'pass',NULL),('1780802','VariableUpdate','1780462','1780462',NULL,'1780787','committeeApproval_result','string',1,'2017-03-27 10:24:32',NULL,NULL,NULL,'pass',NULL),('1780803','VariableUpdate','1780462','1780462',NULL,'1780787','inputEndGrade_result','string',0,'2017-03-27 10:24:32',NULL,NULL,NULL,'pass',NULL),('1780804','VariableUpdate','1780462','1780462',NULL,'1780787','submitMonthlyReport_result','string',4,'2017-03-27 10:24:32',NULL,NULL,NULL,'pass',NULL),('1780805','VariableUpdate','1780462','1780462',NULL,'1780787','midCommitteeApproval_result','string',1,'2017-03-27 10:24:32',NULL,NULL,NULL,'pass',NULL),('1780806','VariableUpdate','1780462','1780462',NULL,'1780787','officerGroup','string',2,'2017-03-27 10:24:32',NULL,NULL,NULL,'',NULL),('1780807','VariableUpdate','1780462','1780462',NULL,'1780787','committee','string',2,'2017-03-27 10:24:32',NULL,NULL,NULL,'58',NULL),('1780808','VariableUpdate','1780462','1780462',NULL,'1780787','cycleTime','string',1,'2017-03-27 10:24:32',NULL,NULL,NULL,'PT2M',NULL),('1780809','VariableUpdate','1780462','1780462',NULL,'1780787','pmSubmitMIdMaterial_result','string',1,'2017-03-27 10:24:32',NULL,NULL,NULL,'pass',NULL),('1780810','VariableUpdate','1780462','1780462',NULL,'1780787','departLeaderGroup','string',1,'2017-03-27 10:24:32',NULL,NULL,NULL,'',NULL),('1780811','VariableUpdate','1780462','1780462',NULL,'1780787','committees','string',3,'2017-03-27 10:24:32',NULL,NULL,NULL,'',NULL),('1780812','VariableUpdate','1780462','1780462',NULL,'1780787','departLeader','string',1,'2017-03-27 10:24:32',NULL,NULL,NULL,'53',NULL),('1780813','VariableUpdate','1780462','1780462',NULL,'1780787','midApprovalReport_result','string',1,'2017-03-27 10:24:32',NULL,NULL,NULL,'pass',NULL),('1780814','VariableUpdate','1780462','1780462',NULL,'1780787','endApprovalReport_result','string',1,'2017-03-27 10:24:32',NULL,NULL,NULL,'pass',NULL),('1780815','VariableUpdate','1780462','1780462',NULL,'1780787','DispatcherMidMaster_result','string',1,'2017-03-27 10:24:32',NULL,NULL,NULL,'pass',NULL),('1780816','VariableUpdate','1780462','1780462',NULL,'1780787','submitMonthlyCheck_result','string',1,'2017-03-27 10:24:32',NULL,NULL,NULL,'pass',NULL),('1780821','VariableUpdate','1780462','1780462',NULL,'1697640','submitMonthlyCheck_result','string',1,'2017-03-27 10:25:32',NULL,NULL,NULL,'pass',NULL),('1780828','VariableUpdate','1780462','1780462',NULL,NULL,'committeeEndApproval_result','string',0,'2017-03-27 10:25:48',NULL,NULL,NULL,'pass',NULL),('1780829','VariableUpdate','1780462','1780462',NULL,'1780817','projectManager','string',1,'2017-03-27 10:25:48',NULL,NULL,NULL,'57',NULL),('1780830','VariableUpdate','1780462','1780462',NULL,'1780817','DispatcherEndMaster_result','string',1,'2017-03-27 10:25:48',NULL,NULL,NULL,'pass',NULL),('1780831','VariableUpdate','1780462','1780462',NULL,'1780817','departleaderMidApproval_result','string',1,'2017-03-27 10:25:48',NULL,NULL,NULL,'pass',NULL),('1780832','VariableUpdate','1780462','1780462',NULL,'1780817','officer','string',2,'2017-03-27 10:25:48',NULL,NULL,NULL,'59',NULL),('1780833','VariableUpdate','1780462','1780462',NULL,'1780817','officerApproval_result','string',1,'2017-03-27 10:25:48',NULL,NULL,NULL,'pass',NULL),('1780834','VariableUpdate','1780462','1780462',NULL,'1780817','inputMidGrade_result','string',1,'2017-03-27 10:25:48',NULL,NULL,NULL,'pass',NULL),('1780835','VariableUpdate','1780462','1780462',NULL,'1780817','departleaderEndApproval_result','string',1,'2017-03-27 10:25:48',NULL,NULL,NULL,'reject',NULL),('1780836','VariableUpdate','1780462','1780462',NULL,'1780817','departleaderApproval_result','string',1,'2017-03-27 10:25:48',NULL,NULL,NULL,'pass',NULL),('1780837','VariableUpdate','1780462','1780462',NULL,'1780817','committeeGroup','string',2,'2017-03-27 10:25:48',NULL,NULL,NULL,'',NULL),('1780838','VariableUpdate','1780462','1780462',NULL,'1780817','pmSubmitEndMaterial_result','string',1,'2017-03-27 10:25:48',NULL,NULL,NULL,'pass',NULL),('1780839','VariableUpdate','1780462','1780462',NULL,'1780817','committeeApproval_result','string',1,'2017-03-27 10:25:48',NULL,NULL,NULL,'pass',NULL),('1780840','VariableUpdate','1780462','1780462',NULL,'1780817','inputEndGrade_result','string',1,'2017-03-27 10:25:48',NULL,NULL,NULL,'pass',NULL),('1780841','VariableUpdate','1780462','1780462',NULL,'1780817','submitMonthlyReport_result','string',5,'2017-03-27 10:25:48',NULL,NULL,NULL,'reject',NULL),('1780842','VariableUpdate','1780462','1780462',NULL,'1780817','midCommitteeApproval_result','string',1,'2017-03-27 10:25:48',NULL,NULL,NULL,'pass',NULL),('1780843','VariableUpdate','1780462','1780462',NULL,'1780817','committeeEndApproval_result','string',0,'2017-03-27 10:25:48',NULL,NULL,NULL,'pass',NULL),('1780844','VariableUpdate','1780462','1780462',NULL,'1780817','officerGroup','string',2,'2017-03-27 10:25:48',NULL,NULL,NULL,'',NULL),('1780845','VariableUpdate','1780462','1780462',NULL,'1780817','committee','string',2,'2017-03-27 10:25:48',NULL,NULL,NULL,'58',NULL),('1780846','VariableUpdate','1780462','1780462',NULL,'1780817','cycleTime','string',1,'2017-03-27 10:25:48',NULL,NULL,NULL,'PT2M',NULL),('1780847','VariableUpdate','1780462','1780462',NULL,'1780817','pmSubmitMIdMaterial_result','string',1,'2017-03-27 10:25:48',NULL,NULL,NULL,'pass',NULL),('1780848','VariableUpdate','1780462','1780462',NULL,'1780817','departLeaderGroup','string',1,'2017-03-27 10:25:48',NULL,NULL,NULL,'',NULL),('1780849','VariableUpdate','1780462','1780462',NULL,'1780817','committees','string',3,'2017-03-27 10:25:48',NULL,NULL,NULL,'',NULL),('1780850','VariableUpdate','1780462','1780462',NULL,'1780817','departLeader','string',1,'2017-03-27 10:25:48',NULL,NULL,NULL,'53',NULL),('1780851','VariableUpdate','1780462','1780462',NULL,'1780817','midApprovalReport_result','string',1,'2017-03-27 10:25:48',NULL,NULL,NULL,'pass',NULL),('1780852','VariableUpdate','1780462','1780462',NULL,'1780817','endApprovalReport_result','string',1,'2017-03-27 10:25:48',NULL,NULL,NULL,'pass',NULL),('1780853','VariableUpdate','1780462','1780462',NULL,'1780817','DispatcherMidMaster_result','string',1,'2017-03-27 10:25:48',NULL,NULL,NULL,'pass',NULL),('1780854','VariableUpdate','1780462','1780462',NULL,'1780817','submitMonthlyCheck_result','string',1,'2017-03-27 10:25:48',NULL,NULL,NULL,'pass',NULL),('1780859','VariableUpdate','1780462','1780462',NULL,'1780856','departleaderEndApproval_result','string',1,'2017-03-27 10:26:40',NULL,NULL,NULL,'pass',NULL),('1780860','VariableUpdate','1780462','1780462',NULL,'1780856','projectManager','string',1,'2017-03-27 10:26:40',NULL,NULL,NULL,'57',NULL),('1780861','VariableUpdate','1780462','1780462',NULL,'1780856','DispatcherEndMaster_result','string',1,'2017-03-27 10:26:40',NULL,NULL,NULL,'pass',NULL),('1780862','VariableUpdate','1780462','1780462',NULL,'1780856','departleaderMidApproval_result','string',1,'2017-03-27 10:26:40',NULL,NULL,NULL,'pass',NULL),('1780863','VariableUpdate','1780462','1780462',NULL,'1780856','officer','string',2,'2017-03-27 10:26:40',NULL,NULL,NULL,'59',NULL),('1780864','VariableUpdate','1780462','1780462',NULL,'1780856','officerApproval_result','string',1,'2017-03-27 10:26:40',NULL,NULL,NULL,'pass',NULL),('1780865','VariableUpdate','1780462','1780462',NULL,'1780856','inputMidGrade_result','string',1,'2017-03-27 10:26:40',NULL,NULL,NULL,'pass',NULL),('1780866','VariableUpdate','1780462','1780462',NULL,'1780856','departleaderEndApproval_result','string',1,'2017-03-27 10:26:40',NULL,NULL,NULL,'pass',NULL),('1780867','VariableUpdate','1780462','1780462',NULL,'1780856','departleaderApproval_result','string',1,'2017-03-27 10:26:40',NULL,NULL,NULL,'pass',NULL),('1780868','VariableUpdate','1780462','1780462',NULL,'1780856','committeeGroup','string',2,'2017-03-27 10:26:40',NULL,NULL,NULL,'',NULL),('1780869','VariableUpdate','1780462','1780462',NULL,'1780856','pmSubmitEndMaterial_result','string',1,'2017-03-27 10:26:40',NULL,NULL,NULL,'pass',NULL),('1780870','VariableUpdate','1780462','1780462',NULL,'1780856','committeeApproval_result','string',1,'2017-03-27 10:26:40',NULL,NULL,NULL,'pass',NULL),('1780871','VariableUpdate','1780462','1780462',NULL,'1780856','inputEndGrade_result','string',1,'2017-03-27 10:26:40',NULL,NULL,NULL,'pass',NULL),('1780872','VariableUpdate','1780462','1780462',NULL,'1780856','submitMonthlyReport_result','string',5,'2017-03-27 10:26:40',NULL,NULL,NULL,'reject',NULL),('1780873','VariableUpdate','1780462','1780462',NULL,'1780856','midCommitteeApproval_result','string',1,'2017-03-27 10:26:40',NULL,NULL,NULL,'pass',NULL),('1780874','VariableUpdate','1780462','1780462',NULL,'1780856','committeeEndApproval_result','string',1,'2017-03-27 10:26:40',NULL,NULL,NULL,'pass',NULL),('1780875','VariableUpdate','1780462','1780462',NULL,'1780856','officerGroup','string',2,'2017-03-27 10:26:40',NULL,NULL,NULL,'',NULL),('1780876','VariableUpdate','1780462','1780462',NULL,'1780856','committee','string',2,'2017-03-27 10:26:40',NULL,NULL,NULL,'58',NULL),('1780877','VariableUpdate','1780462','1780462',NULL,'1780856','cycleTime','string',1,'2017-03-27 10:26:40',NULL,NULL,NULL,'PT2M',NULL),('1780878','VariableUpdate','1780462','1780462',NULL,'1780856','pmSubmitMIdMaterial_result','string',1,'2017-03-27 10:26:40',NULL,NULL,NULL,'pass',NULL),('1780879','VariableUpdate','1780462','1780462',NULL,'1780856','departLeaderGroup','string',1,'2017-03-27 10:26:40',NULL,NULL,NULL,'',NULL),('1780880','VariableUpdate','1780462','1780462',NULL,'1780856','committees','string',3,'2017-03-27 10:26:40',NULL,NULL,NULL,'',NULL),('1780881','VariableUpdate','1780462','1780462',NULL,'1780856','departLeader','string',1,'2017-03-27 10:26:40',NULL,NULL,NULL,'53',NULL),('1780882','VariableUpdate','1780462','1780462',NULL,'1780856','midApprovalReport_result','string',1,'2017-03-27 10:26:40',NULL,NULL,NULL,'pass',NULL),('1780883','VariableUpdate','1780462','1780462',NULL,'1780856','endApprovalReport_result','string',1,'2017-03-27 10:26:40',NULL,NULL,NULL,'pass',NULL),('1780884','VariableUpdate','1780462','1780462',NULL,'1780856','DispatcherMidMaster_result','string',1,'2017-03-27 10:26:40',NULL,NULL,NULL,'pass',NULL),('1780885','VariableUpdate','1780462','1780462',NULL,'1780856','submitMonthlyCheck_result','string',1,'2017-03-27 10:26:40',NULL,NULL,NULL,'pass',NULL),('1780888','VariableUpdate','1780462','1780462',NULL,'1697650','submitMonthlyCheck_result','string',1,'2017-03-27 10:28:43',NULL,NULL,NULL,'pass',NULL),('1780890','VariableUpdate','1780462','1780462',NULL,'1697654','submitMonthlyReport_result','string',5,'2017-03-27 10:29:18',NULL,NULL,NULL,'pass',NULL),('1780897','VariableUpdate','1780462','1780462',NULL,'1780894','PMSelfConclusion_result','string',0,'2017-03-27 10:30:10',NULL,NULL,NULL,'pass',NULL),('1780898','VariableUpdate','1780462','1780462',NULL,'1780894','projectManager','string',1,'2017-03-27 10:30:10',NULL,NULL,NULL,'57',NULL),('1780899','VariableUpdate','1780462','1780462',NULL,'1780894','DispatcherEndMaster_result','string',1,'2017-03-27 10:30:10',NULL,NULL,NULL,'pass',NULL),('1780900','VariableUpdate','1780462','1780462',NULL,'1780894','departleaderMidApproval_result','string',1,'2017-03-27 10:30:10',NULL,NULL,NULL,'pass',NULL),('1780901','VariableUpdate','1780462','1780462',NULL,'1780894','officer','string',2,'2017-03-27 10:30:10',NULL,NULL,NULL,'59',NULL),('1780902','VariableUpdate','1780462','1780462',NULL,'1780894','officerApproval_result','string',1,'2017-03-27 10:30:10',NULL,NULL,NULL,'pass',NULL),('1780903','VariableUpdate','1780462','1780462',NULL,'1780894','inputMidGrade_result','string',1,'2017-03-27 10:30:10',NULL,NULL,NULL,'pass',NULL),('1780904','VariableUpdate','1780462','1780462',NULL,'1780894','departleaderEndApproval_result','string',2,'2017-03-27 10:30:10',NULL,NULL,NULL,'pass',NULL),('1780905','VariableUpdate','1780462','1780462',NULL,'1780894','departleaderApproval_result','string',1,'2017-03-27 10:30:10',NULL,NULL,NULL,'pass',NULL),('1780906','VariableUpdate','1780462','1780462',NULL,'1780894','committeeGroup','string',2,'2017-03-27 10:30:10',NULL,NULL,NULL,'',NULL),('1780907','VariableUpdate','1780462','1780462',NULL,'1780894','pmSubmitEndMaterial_result','string',1,'2017-03-27 10:30:10',NULL,NULL,NULL,'pass',NULL),('1780908','VariableUpdate','1780462','1780462',NULL,'1780894','committeeApproval_result','string',1,'2017-03-27 10:30:10',NULL,NULL,NULL,'pass',NULL),('1780909','VariableUpdate','1780462','1780462',NULL,'1780894','inputEndGrade_result','string',1,'2017-03-27 10:30:10',NULL,NULL,NULL,'pass',NULL),('1780910','VariableUpdate','1780462','1780462',NULL,'1780894','submitMonthlyReport_result','string',6,'2017-03-27 10:30:10',NULL,NULL,NULL,'pass',NULL),('1780911','VariableUpdate','1780462','1780462',NULL,'1780894','midCommitteeApproval_result','string',1,'2017-03-27 10:30:10',NULL,NULL,NULL,'pass',NULL),('1780912','VariableUpdate','1780462','1780462',NULL,'1780894','committeeEndApproval_result','string',1,'2017-03-27 10:30:10',NULL,NULL,NULL,'pass',NULL),('1780913','VariableUpdate','1780462','1780462',NULL,'1780894','officerGroup','string',2,'2017-03-27 10:30:10',NULL,NULL,NULL,'',NULL),('1780914','VariableUpdate','1780462','1780462',NULL,'1780894','committee','string',2,'2017-03-27 10:30:10',NULL,NULL,NULL,'58',NULL),('1780915','VariableUpdate','1780462','1780462',NULL,'1780894','cycleTime','string',1,'2017-03-27 10:30:10',NULL,NULL,NULL,'PT2M',NULL),('1780916','VariableUpdate','1780462','1780462',NULL,'1780894','pmSubmitMIdMaterial_result','string',1,'2017-03-27 10:30:10',NULL,NULL,NULL,'pass',NULL),('1780917','VariableUpdate','1780462','1780462',NULL,'1780894','departLeaderGroup','string',1,'2017-03-27 10:30:10',NULL,NULL,NULL,'',NULL),('1780918','VariableUpdate','1780462','1780462',NULL,'1780894','committees','string',3,'2017-03-27 10:30:10',NULL,NULL,NULL,'',NULL),('1780919','VariableUpdate','1780462','1780462',NULL,'1780894','departLeader','string',1,'2017-03-27 10:30:10',NULL,NULL,NULL,'53',NULL),('1780920','VariableUpdate','1780462','1780462',NULL,'1780894','midApprovalReport_result','string',1,'2017-03-27 10:30:10',NULL,NULL,NULL,'pass',NULL),('1780921','VariableUpdate','1780462','1780462',NULL,'1780894','endApprovalReport_result','string',1,'2017-03-27 10:30:10',NULL,NULL,NULL,'pass',NULL),('1780922','VariableUpdate','1780462','1780462',NULL,'1780894','DispatcherMidMaster_result','string',1,'2017-03-27 10:30:10',NULL,NULL,NULL,'pass',NULL),('1780923','VariableUpdate','1780462','1780462',NULL,'1780894','submitMonthlyCheck_result','string',1,'2017-03-27 10:30:10',NULL,NULL,NULL,'pass',NULL),('1780924','VariableUpdate','1780462','1780462',NULL,'1780894','PMSelfConclusion_result','string',0,'2017-03-27 10:30:10',NULL,NULL,NULL,'pass',NULL),('1780929','VariableUpdate','1780462','1780462',NULL,'1780925','departleaderConclusion_result','string',0,'2017-03-27 10:31:42',NULL,NULL,NULL,'pass',NULL),('1780930','VariableUpdate','1780462','1780462',NULL,'1780925','projectManager','string',1,'2017-03-27 10:31:42',NULL,NULL,NULL,'57',NULL),('1780931','VariableUpdate','1780462','1780462',NULL,'1780925','DispatcherEndMaster_result','string',1,'2017-03-27 10:31:42',NULL,NULL,NULL,'pass',NULL),('1780932','VariableUpdate','1780462','1780462',NULL,'1780925','departleaderMidApproval_result','string',1,'2017-03-27 10:31:42',NULL,NULL,NULL,'pass',NULL),('1780933','VariableUpdate','1780462','1780462',NULL,'1780925','officer','string',2,'2017-03-27 10:31:42',NULL,NULL,NULL,'59',NULL),('1780934','VariableUpdate','1780462','1780462',NULL,'1780925','officerApproval_result','string',1,'2017-03-27 10:31:42',NULL,NULL,NULL,'pass',NULL),('1780935','VariableUpdate','1780462','1780462',NULL,'1780925','inputMidGrade_result','string',1,'2017-03-27 10:31:42',NULL,NULL,NULL,'pass',NULL),('1780936','VariableUpdate','1780462','1780462',NULL,'1780925','departleaderEndApproval_result','string',2,'2017-03-27 10:31:42',NULL,NULL,NULL,'pass',NULL),('1780937','VariableUpdate','1780462','1780462',NULL,'1780925','departleaderApproval_result','string',1,'2017-03-27 10:31:42',NULL,NULL,NULL,'pass',NULL),('1780938','VariableUpdate','1780462','1780462',NULL,'1780925','committeeGroup','string',2,'2017-03-27 10:31:42',NULL,NULL,NULL,'',NULL),('1780939','VariableUpdate','1780462','1780462',NULL,'1780925','pmSubmitEndMaterial_result','string',1,'2017-03-27 10:31:42',NULL,NULL,NULL,'pass',NULL),('1780940','VariableUpdate','1780462','1780462',NULL,'1780925','committeeApproval_result','string',1,'2017-03-27 10:31:42',NULL,NULL,NULL,'pass',NULL),('1780941','VariableUpdate','1780462','1780462',NULL,'1780925','inputEndGrade_result','string',1,'2017-03-27 10:31:42',NULL,NULL,NULL,'pass',NULL),('1780942','VariableUpdate','1780462','1780462',NULL,'1780925','submitMonthlyReport_result','string',6,'2017-03-27 10:31:42',NULL,NULL,NULL,'pass',NULL),('1780943','VariableUpdate','1780462','1780462',NULL,'1780925','midCommitteeApproval_result','string',1,'2017-03-27 10:31:42',NULL,NULL,NULL,'pass',NULL),('1780944','VariableUpdate','1780462','1780462',NULL,'1780925','committeeEndApproval_result','string',1,'2017-03-27 10:31:42',NULL,NULL,NULL,'pass',NULL),('1780945','VariableUpdate','1780462','1780462',NULL,'1780925','officerGroup','string',2,'2017-03-27 10:31:42',NULL,NULL,NULL,'',NULL),('1780946','VariableUpdate','1780462','1780462',NULL,'1780925','committee','string',2,'2017-03-27 10:31:42',NULL,NULL,NULL,'58',NULL),('1780947','VariableUpdate','1780462','1780462',NULL,'1780925','cycleTime','string',1,'2017-03-27 10:31:42',NULL,NULL,NULL,'PT2M',NULL),('1780948','VariableUpdate','1780462','1780462',NULL,'1780925','pmSubmitMIdMaterial_result','string',1,'2017-03-27 10:31:42',NULL,NULL,NULL,'pass',NULL),('1780949','VariableUpdate','1780462','1780462',NULL,'1780925','departLeaderGroup','string',1,'2017-03-27 10:31:42',NULL,NULL,NULL,'',NULL),('1780950','VariableUpdate','1780462','1780462',NULL,'1780925','committees','string',3,'2017-03-27 10:31:42',NULL,NULL,NULL,'',NULL),('1780951','VariableUpdate','1780462','1780462',NULL,'1780925','departLeader','string',1,'2017-03-27 10:31:42',NULL,NULL,NULL,'53',NULL),('1780952','VariableUpdate','1780462','1780462',NULL,'1780925','midApprovalReport_result','string',1,'2017-03-27 10:31:42',NULL,NULL,NULL,'pass',NULL),('1780953','VariableUpdate','1780462','1780462',NULL,'1780925','endApprovalReport_result','string',1,'2017-03-27 10:31:42',NULL,NULL,NULL,'pass',NULL),('1780954','VariableUpdate','1780462','1780462',NULL,'1780925','DispatcherMidMaster_result','string',1,'2017-03-27 10:31:42',NULL,NULL,NULL,'pass',NULL),('1780955','VariableUpdate','1780462','1780462',NULL,'1780925','submitMonthlyCheck_result','string',1,'2017-03-27 10:31:42',NULL,NULL,NULL,'pass',NULL),('1780956','VariableUpdate','1780462','1780462',NULL,'1780925','PMSelfConclusion_result','string',1,'2017-03-27 10:31:42',NULL,NULL,NULL,'pass',NULL),('1780957','VariableUpdate','1780462','1780462',NULL,'1780925','departleaderConclusion_result','string',0,'2017-03-27 10:31:42',NULL,NULL,NULL,'pass',NULL),('1780963','VariableUpdate','1780959','1780959',NULL,'1780961','projectManager','string',0,'2017-03-27 10:55:08',NULL,NULL,NULL,'55',NULL),('1780965','VariableUpdate','1780959','1780959',NULL,'1780961','officerGroup','string',0,'2017-03-27 10:55:08',NULL,NULL,NULL,'15',NULL),('1780967','VariableUpdate','1780959','1780959',NULL,'1780961','committee','null',0,'2017-03-27 10:55:08',NULL,NULL,NULL,NULL,NULL),('1780969','VariableUpdate','1780959','1780959',NULL,'1780961','officer','null',0,'2017-03-27 10:55:08',NULL,NULL,NULL,NULL,NULL),('1780971','VariableUpdate','1780959','1780959',NULL,'1780961','departLeaderGroup','string',0,'2017-03-27 10:55:08',NULL,NULL,NULL,'',NULL),('1780973','VariableUpdate','1780959','1780959',NULL,'1780961','submitMonthlyReport_result','string',0,'2017-03-27 10:55:08',NULL,NULL,NULL,'reject',NULL),('1780975','VariableUpdate','1780959','1780959',NULL,'1780961','committees','string',0,'2017-03-27 10:55:08',NULL,NULL,NULL,'',NULL),('1780977','VariableUpdate','1780959','1780959',NULL,'1780961','departLeader','string',0,'2017-03-27 10:55:08',NULL,NULL,NULL,'53',NULL),('1780979','VariableUpdate','1780959','1780959',NULL,'1780961','departleaderEndApproval_result','string',0,'2017-03-27 10:55:08',NULL,NULL,NULL,'reject',NULL),('1780981','VariableUpdate','1780959','1780959',NULL,'1780961','committeeGroup','string',0,'2017-03-27 10:55:08',NULL,NULL,NULL,'17',NULL),('1780987','VariableUpdate','1780959','1780959',NULL,'1780982','officerApproval_result','string',0,'2017-03-27 11:00:07',NULL,NULL,NULL,'pass',NULL),('1780988','VariableUpdate','1780959','1780959',NULL,'1780982','committees','string',1,'2017-03-27 11:00:07',NULL,NULL,NULL,'6,58',NULL),('1780989','VariableUpdate','1780959','1780959',NULL,'1780982','committeeGroup','string',1,'2017-03-27 11:00:07',NULL,NULL,NULL,'',NULL),('1780990','VariableUpdate','1780959','1780959',NULL,'1780982','projectManager','string',1,'2017-03-27 11:00:07',NULL,NULL,NULL,'55',NULL),('1780991','VariableUpdate','1780959','1780959',NULL,'1780982','officerGroup','string',1,'2017-03-27 11:00:07',NULL,NULL,NULL,'',NULL),('1780992','VariableUpdate','1780959','1780959',NULL,'1780982','committee','null',1,'2017-03-27 11:00:07',NULL,NULL,NULL,NULL,NULL),('1780993','VariableUpdate','1780959','1780959',NULL,'1780982','officer','string',1,'2017-03-27 11:00:07',NULL,NULL,NULL,'59',NULL),('1780994','VariableUpdate','1780959','1780959',NULL,'1780982','departLeaderGroup','string',1,'2017-03-27 11:00:07',NULL,NULL,NULL,'',NULL),('1780995','VariableUpdate','1780959','1780959',NULL,'1780982','submitMonthlyReport_result','string',1,'2017-03-27 11:00:07',NULL,NULL,NULL,'reject',NULL),('1780996','VariableUpdate','1780959','1780959',NULL,'1780982','committees','string',1,'2017-03-27 11:00:07',NULL,NULL,NULL,'6,58',NULL),('1780997','VariableUpdate','1780959','1780959',NULL,'1780982','departLeader','string',1,'2017-03-27 11:00:07',NULL,NULL,NULL,'53',NULL),('1780998','VariableUpdate','1780959','1780959',NULL,'1780982','officerApproval_result','string',0,'2017-03-27 11:00:07',NULL,NULL,NULL,'pass',NULL),('1780999','VariableUpdate','1780959','1780959',NULL,'1780982','departleaderEndApproval_result','string',1,'2017-03-27 11:00:07',NULL,NULL,NULL,'reject',NULL),('1781000','VariableUpdate','1780959','1780959',NULL,'1780982','committeeGroup','string',1,'2017-03-27 11:00:07',NULL,NULL,NULL,'',NULL),('1781012','VariableUpdate','1781008','1781008',NULL,'1781010','projectManager','string',0,'2017-03-27 12:32:44',NULL,NULL,NULL,'57',NULL),('1781014','VariableUpdate','1781008','1781008',NULL,'1781010','officerGroup','string',0,'2017-03-27 12:32:44',NULL,NULL,NULL,'15',NULL),('1781016','VariableUpdate','1781008','1781008',NULL,'1781010','committee','null',0,'2017-03-27 12:32:44',NULL,NULL,NULL,NULL,NULL),('1781018','VariableUpdate','1781008','1781008',NULL,'1781010','officer','null',0,'2017-03-27 12:32:44',NULL,NULL,NULL,NULL,NULL),('1781020','VariableUpdate','1781008','1781008',NULL,'1781010','departLeaderGroup','string',0,'2017-03-27 12:32:44',NULL,NULL,NULL,'',NULL),('1781022','VariableUpdate','1781008','1781008',NULL,'1781010','submitMonthlyReport_result','string',0,'2017-03-27 12:32:44',NULL,NULL,NULL,'reject',NULL),('1781024','VariableUpdate','1781008','1781008',NULL,'1781010','committees','string',0,'2017-03-27 12:32:44',NULL,NULL,NULL,'',NULL),('1781026','VariableUpdate','1781008','1781008',NULL,'1781010','departLeader','string',0,'2017-03-27 12:32:44',NULL,NULL,NULL,'53',NULL),('1781028','VariableUpdate','1781008','1781008',NULL,'1781010','departleaderEndApproval_result','string',0,'2017-03-27 12:32:44',NULL,NULL,NULL,'reject',NULL),('1781030','VariableUpdate','1781008','1781008',NULL,'1781010','committeeGroup','string',0,'2017-03-27 12:32:44',NULL,NULL,NULL,'17',NULL),('1782505','VariableUpdate','1782501','1782501',NULL,'1782503','projectManager','string',0,'2017-03-27 13:19:30',NULL,NULL,NULL,'4',NULL),('1782507','VariableUpdate','1782501','1782501',NULL,'1782503','officerGroup','string',0,'2017-03-27 13:19:30',NULL,NULL,NULL,'15',NULL),('1782509','VariableUpdate','1782501','1782501',NULL,'1782503','committee','null',0,'2017-03-27 13:19:30',NULL,NULL,NULL,NULL,NULL),('1782511','VariableUpdate','1782501','1782501',NULL,'1782503','officer','null',0,'2017-03-27 13:19:30',NULL,NULL,NULL,NULL,NULL),('1782513','VariableUpdate','1782501','1782501',NULL,'1782503','departLeaderGroup','string',0,'2017-03-27 13:19:30',NULL,NULL,NULL,'16',NULL),('1782515','VariableUpdate','1782501','1782501',NULL,'1782503','submitMonthlyReport_result','string',0,'2017-03-27 13:19:30',NULL,NULL,NULL,'reject',NULL),('1782517','VariableUpdate','1782501','1782501',NULL,'1782503','committees','string',0,'2017-03-27 13:19:30',NULL,NULL,NULL,'',NULL),('1782519','VariableUpdate','1782501','1782501',NULL,'1782503','departLeader','null',0,'2017-03-27 13:19:30',NULL,NULL,NULL,NULL,NULL),('1782521','VariableUpdate','1782501','1782501',NULL,'1782503','departleaderEndApproval_result','string',0,'2017-03-27 13:19:30',NULL,NULL,NULL,'reject',NULL),('1782523','VariableUpdate','1782501','1782501',NULL,'1782503','committeeGroup','string',0,'2017-03-27 13:19:30',NULL,NULL,NULL,'17',NULL),('1782529','VariableUpdate','1782501','1782501',NULL,'1782524','officerApproval_result','string',0,'2017-03-27 13:19:59',NULL,NULL,NULL,'pass',NULL),('1782530','VariableUpdate','1782501','1782501',NULL,'1782524','committees','string',1,'2017-03-27 13:19:59',NULL,NULL,NULL,'58',NULL),('1782531','VariableUpdate','1782501','1782501',NULL,'1782524','committeeGroup','string',1,'2017-03-27 13:19:59',NULL,NULL,NULL,'',NULL),('1782532','VariableUpdate','1782501','1782501',NULL,'1782524','projectManager','string',1,'2017-03-27 13:19:59',NULL,NULL,NULL,'4',NULL),('1782533','VariableUpdate','1782501','1782501',NULL,'1782524','officerGroup','string',1,'2017-03-27 13:19:59',NULL,NULL,NULL,'',NULL),('1782534','VariableUpdate','1782501','1782501',NULL,'1782524','committee','null',1,'2017-03-27 13:19:59',NULL,NULL,NULL,NULL,NULL),('1782535','VariableUpdate','1782501','1782501',NULL,'1782524','officer','string',1,'2017-03-27 13:19:59',NULL,NULL,NULL,'5',NULL),('1782536','VariableUpdate','1782501','1782501',NULL,'1782524','departLeaderGroup','string',1,'2017-03-27 13:19:59',NULL,NULL,NULL,'16',NULL),('1782537','VariableUpdate','1782501','1782501',NULL,'1782524','submitMonthlyReport_result','string',1,'2017-03-27 13:19:59',NULL,NULL,NULL,'reject',NULL),('1782538','VariableUpdate','1782501','1782501',NULL,'1782524','committees','string',1,'2017-03-27 13:19:59',NULL,NULL,NULL,'58',NULL),('1782539','VariableUpdate','1782501','1782501',NULL,'1782524','departLeader','null',1,'2017-03-27 13:19:59',NULL,NULL,NULL,NULL,NULL),('1782540','VariableUpdate','1782501','1782501',NULL,'1782524','officerApproval_result','string',0,'2017-03-27 13:19:59',NULL,NULL,NULL,'pass',NULL),('1782541','VariableUpdate','1782501','1782501',NULL,'1782524','departleaderEndApproval_result','string',1,'2017-03-27 13:19:59',NULL,NULL,NULL,'reject',NULL),('1782542','VariableUpdate','1782501','1782501',NULL,'1782524','committeeGroup','string',1,'2017-03-27 13:19:59',NULL,NULL,NULL,'',NULL),('1782549','VariableUpdate','1780959','1780959',NULL,'1781001','committeeApproval_result','string',0,'2017-03-27 13:20:41',NULL,NULL,NULL,'pass',NULL),('1782550','VariableUpdate','1780959','1780959',NULL,'1781001','projectManager','string',1,'2017-03-27 13:20:41',NULL,NULL,NULL,'55',NULL),('1782551','VariableUpdate','1780959','1780959',NULL,'1781001','officerGroup','string',2,'2017-03-27 13:20:41',NULL,NULL,NULL,'',NULL),('1782552','VariableUpdate','1780959','1780959',NULL,'1781001','committee','string',1,'2017-03-27 13:20:41',NULL,NULL,NULL,'6',NULL),('1782553','VariableUpdate','1780959','1780959',NULL,'1781001','committeeApproval_result','string',0,'2017-03-27 13:20:41',NULL,NULL,NULL,'pass',NULL),('1782554','VariableUpdate','1780959','1780959',NULL,'1781001','officer','string',2,'2017-03-27 13:20:41',NULL,NULL,NULL,'59',NULL),('1782555','VariableUpdate','1780959','1780959',NULL,'1781001','departLeaderGroup','string',1,'2017-03-27 13:20:41',NULL,NULL,NULL,'',NULL),('1782556','VariableUpdate','1780959','1780959',NULL,'1781001','submitMonthlyReport_result','string',1,'2017-03-27 13:20:41',NULL,NULL,NULL,'reject',NULL),('1782557','VariableUpdate','1780959','1780959',NULL,'1781001','committees','string',2,'2017-03-27 13:20:41',NULL,NULL,NULL,'',NULL),('1782558','VariableUpdate','1780959','1780959',NULL,'1781001','departLeader','string',1,'2017-03-27 13:20:41',NULL,NULL,NULL,'53',NULL),('1782559','VariableUpdate','1780959','1780959',NULL,'1781001','officerApproval_result','string',1,'2017-03-27 13:20:41',NULL,NULL,NULL,'pass',NULL),('1782560','VariableUpdate','1780959','1780959',NULL,'1781001','departleaderEndApproval_result','string',1,'2017-03-27 13:20:41',NULL,NULL,NULL,'reject',NULL),('1782561','VariableUpdate','1780959','1780959',NULL,'1781001','committeeGroup','string',2,'2017-03-27 13:20:41',NULL,NULL,NULL,'',NULL),('1782568','VariableUpdate','1782501','1782501',NULL,'1782543','committeeApproval_result','string',0,'2017-03-27 13:23:38',NULL,NULL,NULL,'pass',NULL),('1782569','VariableUpdate','1782501','1782501',NULL,'1782543','projectManager','string',1,'2017-03-27 13:23:38',NULL,NULL,NULL,'4',NULL),('1782570','VariableUpdate','1782501','1782501',NULL,'1782543','officerGroup','string',2,'2017-03-27 13:23:38',NULL,NULL,NULL,'',NULL),('1782571','VariableUpdate','1782501','1782501',NULL,'1782543','committee','string',1,'2017-03-27 13:23:38',NULL,NULL,NULL,'58',NULL),('1782572','VariableUpdate','1782501','1782501',NULL,'1782543','committeeApproval_result','string',0,'2017-03-27 13:23:38',NULL,NULL,NULL,'pass',NULL),('1782573','VariableUpdate','1782501','1782501',NULL,'1782543','officer','string',2,'2017-03-27 13:23:38',NULL,NULL,NULL,'5',NULL),('1782574','VariableUpdate','1782501','1782501',NULL,'1782543','departLeaderGroup','string',1,'2017-03-27 13:23:38',NULL,NULL,NULL,'16',NULL),('1782575','VariableUpdate','1782501','1782501',NULL,'1782543','submitMonthlyReport_result','string',1,'2017-03-27 13:23:38',NULL,NULL,NULL,'reject',NULL),('1782576','VariableUpdate','1782501','1782501',NULL,'1782543','committees','string',2,'2017-03-27 13:23:38',NULL,NULL,NULL,'',NULL),('1782577','VariableUpdate','1782501','1782501',NULL,'1782543','departLeader','null',1,'2017-03-27 13:23:38',NULL,NULL,NULL,NULL,NULL),('1782578','VariableUpdate','1782501','1782501',NULL,'1782543','officerApproval_result','string',1,'2017-03-27 13:23:38',NULL,NULL,NULL,'pass',NULL),('1782579','VariableUpdate','1782501','1782501',NULL,'1782543','departleaderEndApproval_result','string',1,'2017-03-27 13:23:38',NULL,NULL,NULL,'reject',NULL),('1782580','VariableUpdate','1782501','1782501',NULL,'1782543','committeeGroup','string',2,'2017-03-27 13:23:38',NULL,NULL,NULL,'',NULL),('1785005','VariableUpdate','1785001','1785001',NULL,'1785003','projectManager','string',0,'2017-03-27 13:47:51',NULL,NULL,NULL,'57',NULL),('1785007','VariableUpdate','1785001','1785001',NULL,'1785003','officerGroup','string',0,'2017-03-27 13:47:51',NULL,NULL,NULL,'15',NULL),('1785009','VariableUpdate','1785001','1785001',NULL,'1785003','committee','null',0,'2017-03-27 13:47:51',NULL,NULL,NULL,NULL,NULL),('1785011','VariableUpdate','1785001','1785001',NULL,'1785003','officer','null',0,'2017-03-27 13:47:51',NULL,NULL,NULL,NULL,NULL),('1785013','VariableUpdate','1785001','1785001',NULL,'1785003','departLeaderGroup','string',0,'2017-03-27 13:47:51',NULL,NULL,NULL,'',NULL),('1785015','VariableUpdate','1785001','1785001',NULL,'1785003','submitMonthlyReport_result','string',0,'2017-03-27 13:47:51',NULL,NULL,NULL,'reject',NULL),('1785017','VariableUpdate','1785001','1785001',NULL,'1785003','committees','string',0,'2017-03-27 13:47:51',NULL,NULL,NULL,'',NULL),('1785019','VariableUpdate','1785001','1785001',NULL,'1785003','departLeader','string',0,'2017-03-27 13:47:51',NULL,NULL,NULL,'53',NULL),('1785021','VariableUpdate','1785001','1785001',NULL,'1785003','departleaderEndApproval_result','string',0,'2017-03-27 13:47:51',NULL,NULL,NULL,'reject',NULL),('1785023','VariableUpdate','1785001','1785001',NULL,'1785003','committeeGroup','string',0,'2017-03-27 13:47:51',NULL,NULL,NULL,'17',NULL),('1785028','VariableUpdate','1780959','1780959',NULL,'1782563','cycleTime','string',0,'2017-03-27 14:07:29',NULL,NULL,NULL,'PT2M',NULL),('1785030','VariableUpdate','1780959','1780959',NULL,'1782563','departleaderApproval_result','string',0,'2017-03-27 14:07:29',NULL,NULL,NULL,'pass',NULL),('1785031','VariableUpdate','1780959','1780959',NULL,'1782563','projectManager','string',1,'2017-03-27 14:07:29',NULL,NULL,NULL,'55',NULL),('1785032','VariableUpdate','1780959','1780959',NULL,'1782563','officerGroup','string',2,'2017-03-27 14:07:29',NULL,NULL,NULL,'',NULL),('1785033','VariableUpdate','1780959','1780959',NULL,'1782563','committee','string',2,'2017-03-27 14:07:29',NULL,NULL,NULL,'6',NULL),('1785034','VariableUpdate','1780959','1780959',NULL,'1782563','cycleTime','string',0,'2017-03-27 14:07:29',NULL,NULL,NULL,'PT2M',NULL),('1785035','VariableUpdate','1780959','1780959',NULL,'1782563','officer','string',2,'2017-03-27 14:07:29',NULL,NULL,NULL,'59',NULL),('1785036','VariableUpdate','1780959','1780959',NULL,'1782563','departLeaderGroup','string',1,'2017-03-27 14:07:29',NULL,NULL,NULL,'',NULL),('1785037','VariableUpdate','1780959','1780959',NULL,'1782563','committees','string',3,'2017-03-27 14:07:29',NULL,NULL,NULL,'',NULL),('1785038','VariableUpdate','1780959','1780959',NULL,'1782563','departLeader','string',1,'2017-03-27 14:07:29',NULL,NULL,NULL,'53',NULL),('1785039','VariableUpdate','1780959','1780959',NULL,'1782563','officerApproval_result','string',1,'2017-03-27 14:07:29',NULL,NULL,NULL,'pass',NULL),('1785040','VariableUpdate','1780959','1780959',NULL,'1782563','departleaderEndApproval_result','string',1,'2017-03-27 14:07:29',NULL,NULL,NULL,'reject',NULL),('1785041','VariableUpdate','1780959','1780959',NULL,'1782563','departleaderApproval_result','string',0,'2017-03-27 14:07:29',NULL,NULL,NULL,'pass',NULL),('1785042','VariableUpdate','1780959','1780959',NULL,'1782563','committeeGroup','string',2,'2017-03-27 14:07:29',NULL,NULL,NULL,'',NULL),('1785043','VariableUpdate','1780959','1780959',NULL,'1782563','committeeApproval_result','string',1,'2017-03-27 14:07:29',NULL,NULL,NULL,'pass',NULL),('1785044','VariableUpdate','1780959','1780959',NULL,'1782563','submitMonthlyReport_result','string',1,'2017-03-27 14:07:29',NULL,NULL,NULL,'reject',NULL),('1787501','VariableUpdate','1780959','1780959',NULL,'1697665','submitMonthlyReport_result','string',1,'2017-03-27 14:48:46',NULL,NULL,NULL,'pass',NULL),('1787504','VariableUpdate','1780959','1780959',NULL,NULL,'pmSubmitMIdMaterial_result','string',0,'2017-03-27 14:49:31',NULL,NULL,NULL,'pass',NULL),('1787505','VariableUpdate','1780959','1780959',NULL,'1785049','projectManager','string',1,'2017-03-27 14:49:31',NULL,NULL,NULL,'55',NULL),('1787506','VariableUpdate','1780959','1780959',NULL,'1785049','officerGroup','string',2,'2017-03-27 14:49:31',NULL,NULL,NULL,'',NULL),('1787507','VariableUpdate','1780959','1780959',NULL,'1785049','committee','string',2,'2017-03-27 14:49:31',NULL,NULL,NULL,'6',NULL),('1787508','VariableUpdate','1780959','1780959',NULL,'1785049','cycleTime','string',1,'2017-03-27 14:49:31',NULL,NULL,NULL,'PT2M',NULL),('1787509','VariableUpdate','1780959','1780959',NULL,'1785049','officer','string',2,'2017-03-27 14:49:31',NULL,NULL,NULL,'59',NULL),('1787510','VariableUpdate','1780959','1780959',NULL,'1785049','pmSubmitMIdMaterial_result','string',0,'2017-03-27 14:49:31',NULL,NULL,NULL,'pass',NULL),('1787511','VariableUpdate','1780959','1780959',NULL,'1785049','departLeaderGroup','string',1,'2017-03-27 14:49:31',NULL,NULL,NULL,'',NULL),('1787512','VariableUpdate','1780959','1780959',NULL,'1785049','committees','string',3,'2017-03-27 14:49:31',NULL,NULL,NULL,'',NULL),('1787513','VariableUpdate','1780959','1780959',NULL,'1785049','departLeader','string',1,'2017-03-27 14:49:31',NULL,NULL,NULL,'53',NULL),('1787514','VariableUpdate','1780959','1780959',NULL,'1785049','officerApproval_result','string',1,'2017-03-27 14:49:31',NULL,NULL,NULL,'pass',NULL),('1787515','VariableUpdate','1780959','1780959',NULL,'1785049','departleaderEndApproval_result','string',1,'2017-03-27 14:49:31',NULL,NULL,NULL,'reject',NULL),('1787516','VariableUpdate','1780959','1780959',NULL,'1785049','departleaderApproval_result','string',1,'2017-03-27 14:49:31',NULL,NULL,NULL,'pass',NULL),('1787517','VariableUpdate','1780959','1780959',NULL,'1785049','committeeGroup','string',2,'2017-03-27 14:49:31',NULL,NULL,NULL,'',NULL),('1787518','VariableUpdate','1780959','1780959',NULL,'1785049','committeeApproval_result','string',1,'2017-03-27 14:49:31',NULL,NULL,NULL,'pass',NULL),('1787519','VariableUpdate','1780959','1780959',NULL,'1785049','submitMonthlyReport_result','string',2,'2017-03-27 14:49:31',NULL,NULL,NULL,'pass',NULL),('1787524','VariableUpdate','1780959','1780959',NULL,NULL,'DispatcherMidMaster_result','string',0,'2017-03-27 14:54:17',NULL,NULL,NULL,'pass',NULL),('1787525','VariableUpdate','1780959','1780959',NULL,'1787520','projectManager','string',1,'2017-03-27 14:54:17',NULL,NULL,NULL,'55',NULL),('1787526','VariableUpdate','1780959','1780959',NULL,'1787520','officerGroup','string',2,'2017-03-27 14:54:17',NULL,NULL,NULL,'',NULL),('1787527','VariableUpdate','1780959','1780959',NULL,'1787520','committee','string',2,'2017-03-27 14:54:17',NULL,NULL,NULL,'6',NULL),('1787528','VariableUpdate','1780959','1780959',NULL,'1787520','cycleTime','string',1,'2017-03-27 14:54:17',NULL,NULL,NULL,'PT2M',NULL),('1787529','VariableUpdate','1780959','1780959',NULL,'1787520','officer','string',2,'2017-03-27 14:54:17',NULL,NULL,NULL,'59',NULL),('1787530','VariableUpdate','1780959','1780959',NULL,'1787520','pmSubmitMIdMaterial_result','string',1,'2017-03-27 14:54:17',NULL,NULL,NULL,'pass',NULL),('1787531','VariableUpdate','1780959','1780959',NULL,'1787520','departLeaderGroup','string',1,'2017-03-27 14:54:17',NULL,NULL,NULL,'',NULL),('1787532','VariableUpdate','1780959','1780959',NULL,'1787520','committees','string',3,'2017-03-27 14:54:17',NULL,NULL,NULL,'',NULL),('1787533','VariableUpdate','1780959','1780959',NULL,'1787520','departLeader','string',1,'2017-03-27 14:54:17',NULL,NULL,NULL,'53',NULL),('1787534','VariableUpdate','1780959','1780959',NULL,'1787520','officerApproval_result','string',1,'2017-03-27 14:54:17',NULL,NULL,NULL,'pass',NULL),('1787535','VariableUpdate','1780959','1780959',NULL,'1787520','departleaderEndApproval_result','string',1,'2017-03-27 14:54:17',NULL,NULL,NULL,'reject',NULL),('1787536','VariableUpdate','1780959','1780959',NULL,'1787520','departleaderApproval_result','string',1,'2017-03-27 14:54:17',NULL,NULL,NULL,'pass',NULL),('1787537','VariableUpdate','1780959','1780959',NULL,'1787520','committeeGroup','string',2,'2017-03-27 14:54:17',NULL,NULL,NULL,'',NULL),('1787538','VariableUpdate','1780959','1780959',NULL,'1787520','committeeApproval_result','string',1,'2017-03-27 14:54:17',NULL,NULL,NULL,'pass',NULL),('1787539','VariableUpdate','1780959','1780959',NULL,'1787520','DispatcherMidMaster_result','string',0,'2017-03-27 14:54:17',NULL,NULL,NULL,'pass',NULL),('1787540','VariableUpdate','1780959','1780959',NULL,'1787520','submitMonthlyReport_result','string',2,'2017-03-27 14:54:17',NULL,NULL,NULL,'pass',NULL),('1787544','VariableUpdate','1780959','1780959',NULL,NULL,'midApprovalReport_result','string',0,'2017-03-27 14:58:32',NULL,NULL,NULL,'pass',NULL),('1787545','VariableUpdate','1780959','1780959',NULL,'1787541','projectManager','string',1,'2017-03-27 14:58:32',NULL,NULL,NULL,'55',NULL),('1787546','VariableUpdate','1780959','1780959',NULL,'1787541','officerGroup','string',2,'2017-03-27 14:58:32',NULL,NULL,NULL,'',NULL),('1787547','VariableUpdate','1780959','1780959',NULL,'1787541','committee','string',2,'2017-03-27 14:58:32',NULL,NULL,NULL,'6',NULL),('1787548','VariableUpdate','1780959','1780959',NULL,'1787541','cycleTime','string',1,'2017-03-27 14:58:32',NULL,NULL,NULL,'PT2M',NULL),('1787549','VariableUpdate','1780959','1780959',NULL,'1787541','officer','string',2,'2017-03-27 14:58:32',NULL,NULL,NULL,'59',NULL),('1787550','VariableUpdate','1780959','1780959',NULL,'1787541','pmSubmitMIdMaterial_result','string',1,'2017-03-27 14:58:32',NULL,NULL,NULL,'pass',NULL),('1787551','VariableUpdate','1780959','1780959',NULL,'1787541','departLeaderGroup','string',1,'2017-03-27 14:58:32',NULL,NULL,NULL,'',NULL),('1787552','VariableUpdate','1780959','1780959',NULL,'1787541','committees','string',3,'2017-03-27 14:58:32',NULL,NULL,NULL,'',NULL),('1787553','VariableUpdate','1780959','1780959',NULL,'1787541','departLeader','string',1,'2017-03-27 14:58:32',NULL,NULL,NULL,'53',NULL),('1787554','VariableUpdate','1780959','1780959',NULL,'1787541','officerApproval_result','string',1,'2017-03-27 14:58:32',NULL,NULL,NULL,'pass',NULL),('1787555','VariableUpdate','1780959','1780959',NULL,'1787541','departleaderEndApproval_result','string',1,'2017-03-27 14:58:32',NULL,NULL,NULL,'reject',NULL),('1787556','VariableUpdate','1780959','1780959',NULL,'1787541','departleaderApproval_result','string',1,'2017-03-27 14:58:32',NULL,NULL,NULL,'pass',NULL),('1787557','VariableUpdate','1780959','1780959',NULL,'1787541','committeeGroup','string',2,'2017-03-27 14:58:32',NULL,NULL,NULL,'',NULL),('1787558','VariableUpdate','1780959','1780959',NULL,'1787541','midApprovalReport_result','string',0,'2017-03-27 14:58:32',NULL,NULL,NULL,'pass',NULL),('1787559','VariableUpdate','1780959','1780959',NULL,'1787541','committeeApproval_result','string',1,'2017-03-27 14:58:32',NULL,NULL,NULL,'pass',NULL),('1787560','VariableUpdate','1780959','1780959',NULL,'1787541','DispatcherMidMaster_result','string',1,'2017-03-27 14:58:32',NULL,NULL,NULL,'pass',NULL),('1787561','VariableUpdate','1780959','1780959',NULL,'1787541','submitMonthlyReport_result','string',2,'2017-03-27 14:58:32',NULL,NULL,NULL,'pass',NULL),('1787566','VariableUpdate','1780959','1780959',NULL,NULL,'inputMidGrade_result','string',0,'2017-03-27 15:00:58',NULL,NULL,NULL,'pass',NULL),('1787567','VariableUpdate','1780959','1780959',NULL,'1787562','projectManager','string',1,'2017-03-27 15:00:58',NULL,NULL,NULL,'55',NULL),('1787568','VariableUpdate','1780959','1780959',NULL,'1787562','officerGroup','string',2,'2017-03-27 15:00:58',NULL,NULL,NULL,'',NULL),('1787569','VariableUpdate','1780959','1780959',NULL,'1787562','committee','string',2,'2017-03-27 15:00:58',NULL,NULL,NULL,'6',NULL),('1787570','VariableUpdate','1780959','1780959',NULL,'1787562','cycleTime','string',1,'2017-03-27 15:00:58',NULL,NULL,NULL,'PT2M',NULL),('1787571','VariableUpdate','1780959','1780959',NULL,'1787562','officer','string',2,'2017-03-27 15:00:58',NULL,NULL,NULL,'59',NULL),('1787572','VariableUpdate','1780959','1780959',NULL,'1787562','pmSubmitMIdMaterial_result','string',1,'2017-03-27 15:00:58',NULL,NULL,NULL,'pass',NULL),('1787573','VariableUpdate','1780959','1780959',NULL,'1787562','departLeaderGroup','string',1,'2017-03-27 15:00:58',NULL,NULL,NULL,'',NULL),('1787574','VariableUpdate','1780959','1780959',NULL,'1787562','committees','string',3,'2017-03-27 15:00:58',NULL,NULL,NULL,'',NULL),('1787575','VariableUpdate','1780959','1780959',NULL,'1787562','departLeader','string',1,'2017-03-27 15:00:58',NULL,NULL,NULL,'53',NULL),('1787576','VariableUpdate','1780959','1780959',NULL,'1787562','officerApproval_result','string',1,'2017-03-27 15:00:58',NULL,NULL,NULL,'pass',NULL),('1787577','VariableUpdate','1780959','1780959',NULL,'1787562','inputMidGrade_result','string',0,'2017-03-27 15:00:58',NULL,NULL,NULL,'pass',NULL),('1787578','VariableUpdate','1780959','1780959',NULL,'1787562','departleaderEndApproval_result','string',1,'2017-03-27 15:00:58',NULL,NULL,NULL,'reject',NULL),('1787579','VariableUpdate','1780959','1780959',NULL,'1787562','departleaderApproval_result','string',1,'2017-03-27 15:00:58',NULL,NULL,NULL,'pass',NULL),('1787580','VariableUpdate','1780959','1780959',NULL,'1787562','committeeGroup','string',2,'2017-03-27 15:00:58',NULL,NULL,NULL,'',NULL),('1787581','VariableUpdate','1780959','1780959',NULL,'1787562','midApprovalReport_result','string',1,'2017-03-27 15:00:58',NULL,NULL,NULL,'pass',NULL),('1787582','VariableUpdate','1780959','1780959',NULL,'1787562','committeeApproval_result','string',1,'2017-03-27 15:00:58',NULL,NULL,NULL,'pass',NULL),('1787583','VariableUpdate','1780959','1780959',NULL,'1787562','DispatcherMidMaster_result','string',1,'2017-03-27 15:00:58',NULL,NULL,NULL,'pass',NULL),('1787584','VariableUpdate','1780959','1780959',NULL,'1787562','submitMonthlyReport_result','string',2,'2017-03-27 15:00:58',NULL,NULL,NULL,'pass',NULL),('1787590','VariableUpdate','1780959','1780959',NULL,NULL,'submitMonthlyCheck_result','string',0,'2017-03-27 15:03:17',NULL,NULL,NULL,'pass',NULL),('1787597','VariableUpdate','1780959','1780959',NULL,NULL,'midCommitteeApproval_result','string',0,'2017-03-27 15:03:35',NULL,NULL,NULL,'pass',NULL),('1787598','VariableUpdate','1780959','1780959',NULL,'1787585','projectManager','string',1,'2017-03-27 15:03:35',NULL,NULL,NULL,'55',NULL),('1787599','VariableUpdate','1780959','1780959',NULL,'1787585','officerGroup','string',2,'2017-03-27 15:03:35',NULL,NULL,NULL,'',NULL),('1787600','VariableUpdate','1780959','1780959',NULL,'1787585','committee','string',2,'2017-03-27 15:03:35',NULL,NULL,NULL,'6',NULL),('1787601','VariableUpdate','1780959','1780959',NULL,'1787585','cycleTime','string',1,'2017-03-27 15:03:35',NULL,NULL,NULL,'PT2M',NULL),('1787602','VariableUpdate','1780959','1780959',NULL,'1787585','officer','string',2,'2017-03-27 15:03:35',NULL,NULL,NULL,'59',NULL),('1787603','VariableUpdate','1780959','1780959',NULL,'1787585','pmSubmitMIdMaterial_result','string',1,'2017-03-27 15:03:35',NULL,NULL,NULL,'pass',NULL),('1787604','VariableUpdate','1780959','1780959',NULL,'1787585','departLeaderGroup','string',1,'2017-03-27 15:03:35',NULL,NULL,NULL,'',NULL),('1787605','VariableUpdate','1780959','1780959',NULL,'1787585','committees','string',3,'2017-03-27 15:03:35',NULL,NULL,NULL,'',NULL),('1787606','VariableUpdate','1780959','1780959',NULL,'1787585','departLeader','string',1,'2017-03-27 15:03:35',NULL,NULL,NULL,'53',NULL),('1787607','VariableUpdate','1780959','1780959',NULL,'1787585','officerApproval_result','string',1,'2017-03-27 15:03:35',NULL,NULL,NULL,'pass',NULL),('1787608','VariableUpdate','1780959','1780959',NULL,'1787585','inputMidGrade_result','string',1,'2017-03-27 15:03:35',NULL,NULL,NULL,'pass',NULL),('1787609','VariableUpdate','1780959','1780959',NULL,'1787585','departleaderEndApproval_result','string',1,'2017-03-27 15:03:35',NULL,NULL,NULL,'reject',NULL),('1787610','VariableUpdate','1780959','1780959',NULL,'1787585','departleaderApproval_result','string',1,'2017-03-27 15:03:35',NULL,NULL,NULL,'pass',NULL),('1787611','VariableUpdate','1780959','1780959',NULL,'1787585','committeeGroup','string',2,'2017-03-27 15:03:35',NULL,NULL,NULL,'',NULL),('1787612','VariableUpdate','1780959','1780959',NULL,'1787585','midApprovalReport_result','string',1,'2017-03-27 15:03:35',NULL,NULL,NULL,'pass',NULL),('1787613','VariableUpdate','1780959','1780959',NULL,'1787585','committeeApproval_result','string',1,'2017-03-27 15:03:35',NULL,NULL,NULL,'pass',NULL),('1787614','VariableUpdate','1780959','1780959',NULL,'1787585','DispatcherMidMaster_result','string',1,'2017-03-27 15:03:35',NULL,NULL,NULL,'pass',NULL),('1787615','VariableUpdate','1780959','1780959',NULL,'1787585','submitMonthlyReport_result','string',3,'2017-03-27 15:03:35',NULL,NULL,NULL,'reject',NULL),('1787616','VariableUpdate','1780959','1780959',NULL,'1787585','midCommitteeApproval_result','string',0,'2017-03-27 15:03:35',NULL,NULL,NULL,'pass',NULL),('1787617','VariableUpdate','1780959','1780959',NULL,'1787585','submitMonthlyCheck_result','string',1,'2017-03-27 15:03:35',NULL,NULL,NULL,'pass',NULL),('1787623','VariableUpdate','1780959','1780959',NULL,NULL,'departleaderMidApproval_result','string',0,'2017-03-27 15:04:58',NULL,NULL,NULL,'pass',NULL),('1787624','VariableUpdate','1780959','1780959',NULL,'1787619','projectManager','string',1,'2017-03-27 15:04:58',NULL,NULL,NULL,'55',NULL),('1787625','VariableUpdate','1780959','1780959',NULL,'1787619','officerGroup','string',2,'2017-03-27 15:04:58',NULL,NULL,NULL,'',NULL),('1787626','VariableUpdate','1780959','1780959',NULL,'1787619','committee','string',2,'2017-03-27 15:04:58',NULL,NULL,NULL,'6',NULL),('1787627','VariableUpdate','1780959','1780959',NULL,'1787619','cycleTime','string',1,'2017-03-27 15:04:58',NULL,NULL,NULL,'PT2M',NULL),('1787628','VariableUpdate','1780959','1780959',NULL,'1787619','departleaderMidApproval_result','string',0,'2017-03-27 15:04:58',NULL,NULL,NULL,'pass',NULL),('1787629','VariableUpdate','1780959','1780959',NULL,'1787619','officer','string',2,'2017-03-27 15:04:58',NULL,NULL,NULL,'59',NULL),('1787630','VariableUpdate','1780959','1780959',NULL,'1787619','pmSubmitMIdMaterial_result','string',1,'2017-03-27 15:04:58',NULL,NULL,NULL,'pass',NULL),('1787631','VariableUpdate','1780959','1780959',NULL,'1787619','departLeaderGroup','string',1,'2017-03-27 15:04:58',NULL,NULL,NULL,'',NULL),('1787632','VariableUpdate','1780959','1780959',NULL,'1787619','committees','string',3,'2017-03-27 15:04:58',NULL,NULL,NULL,'',NULL),('1787633','VariableUpdate','1780959','1780959',NULL,'1787619','departLeader','string',1,'2017-03-27 15:04:58',NULL,NULL,NULL,'53',NULL),('1787634','VariableUpdate','1780959','1780959',NULL,'1787619','officerApproval_result','string',1,'2017-03-27 15:04:58',NULL,NULL,NULL,'pass',NULL),('1787635','VariableUpdate','1780959','1780959',NULL,'1787619','inputMidGrade_result','string',1,'2017-03-27 15:04:58',NULL,NULL,NULL,'pass',NULL),('1787636','VariableUpdate','1780959','1780959',NULL,'1787619','departleaderEndApproval_result','string',1,'2017-03-27 15:04:58',NULL,NULL,NULL,'reject',NULL),('1787637','VariableUpdate','1780959','1780959',NULL,'1787619','departleaderApproval_result','string',1,'2017-03-27 15:04:58',NULL,NULL,NULL,'pass',NULL),('1787638','VariableUpdate','1780959','1780959',NULL,'1787619','committeeGroup','string',2,'2017-03-27 15:04:58',NULL,NULL,NULL,'',NULL),('1787639','VariableUpdate','1780959','1780959',NULL,'1787619','midApprovalReport_result','string',1,'2017-03-27 15:04:58',NULL,NULL,NULL,'pass',NULL),('1787640','VariableUpdate','1780959','1780959',NULL,'1787619','committeeApproval_result','string',1,'2017-03-27 15:04:58',NULL,NULL,NULL,'pass',NULL),('1787641','VariableUpdate','1780959','1780959',NULL,'1787619','DispatcherMidMaster_result','string',1,'2017-03-27 15:04:58',NULL,NULL,NULL,'pass',NULL),('1787642','VariableUpdate','1780959','1780959',NULL,'1787619','submitMonthlyReport_result','string',3,'2017-03-27 15:04:58',NULL,NULL,NULL,'reject',NULL),('1787643','VariableUpdate','1780959','1780959',NULL,'1787619','midCommitteeApproval_result','string',1,'2017-03-27 15:04:58',NULL,NULL,NULL,'pass',NULL),('1787644','VariableUpdate','1780959','1780959',NULL,'1787619','submitMonthlyCheck_result','string',1,'2017-03-27 15:04:58',NULL,NULL,NULL,'pass',NULL),('1787648','VariableUpdate','1780959','1780959',NULL,'1697675','submitMonthlyReport_result','string',3,'2017-03-27 15:09:50',NULL,NULL,NULL,'pass',NULL),('1787652','VariableUpdate','1782501','1782501',NULL,'1782582','cycleTime','string',0,'2017-03-27 15:12:45',NULL,NULL,NULL,'PT2M',NULL),('1787654','VariableUpdate','1782501','1782501',NULL,'1782582','departleaderApproval_result','string',0,'2017-03-27 15:12:45',NULL,NULL,NULL,'pass',NULL),('1787655','VariableUpdate','1782501','1782501',NULL,'1782582','projectManager','string',1,'2017-03-27 15:12:45',NULL,NULL,NULL,'4',NULL),('1787656','VariableUpdate','1782501','1782501',NULL,'1782582','officerGroup','string',2,'2017-03-27 15:12:45',NULL,NULL,NULL,'',NULL),('1787657','VariableUpdate','1782501','1782501',NULL,'1782582','committee','string',2,'2017-03-27 15:12:45',NULL,NULL,NULL,'58',NULL),('1787658','VariableUpdate','1782501','1782501',NULL,'1782582','cycleTime','string',0,'2017-03-27 15:12:45',NULL,NULL,NULL,'PT2M',NULL),('1787659','VariableUpdate','1782501','1782501',NULL,'1782582','officer','string',2,'2017-03-27 15:12:45',NULL,NULL,NULL,'5',NULL),('1787660','VariableUpdate','1782501','1782501',NULL,'1782582','departLeaderGroup','string',1,'2017-03-27 15:12:45',NULL,NULL,NULL,'',NULL),('1787661','VariableUpdate','1782501','1782501',NULL,'1782582','committees','string',3,'2017-03-27 15:12:45',NULL,NULL,NULL,'',NULL),('1787662','VariableUpdate','1782501','1782501',NULL,'1782582','departLeader','string',1,'2017-03-27 15:12:45',NULL,NULL,NULL,'53',NULL),('1787663','VariableUpdate','1782501','1782501',NULL,'1782582','officerApproval_result','string',1,'2017-03-27 15:12:45',NULL,NULL,NULL,'pass',NULL),('1787664','VariableUpdate','1782501','1782501',NULL,'1782582','departleaderEndApproval_result','string',1,'2017-03-27 15:12:45',NULL,NULL,NULL,'reject',NULL),('1787665','VariableUpdate','1782501','1782501',NULL,'1782582','departleaderApproval_result','string',0,'2017-03-27 15:12:45',NULL,NULL,NULL,'pass',NULL),('1787666','VariableUpdate','1782501','1782501',NULL,'1782582','committeeGroup','string',2,'2017-03-27 15:12:45',NULL,NULL,NULL,'',NULL),('1787667','VariableUpdate','1782501','1782501',NULL,'1782582','committeeApproval_result','string',1,'2017-03-27 15:12:45',NULL,NULL,NULL,'pass',NULL),('1787668','VariableUpdate','1782501','1782501',NULL,'1782582','submitMonthlyReport_result','string',1,'2017-03-27 15:12:45',NULL,NULL,NULL,'reject',NULL),('1787680','VariableUpdate','1780959','1780959',NULL,NULL,'pmSubmitEndMaterial_result','string',0,'2017-03-27 15:15:32',NULL,NULL,NULL,'pass',NULL),('1787681','VariableUpdate','1780959','1780959',NULL,'1787646','projectManager','string',1,'2017-03-27 15:15:32',NULL,NULL,NULL,'55',NULL),('1787682','VariableUpdate','1780959','1780959',NULL,'1787646','officerGroup','string',2,'2017-03-27 15:15:32',NULL,NULL,NULL,'',NULL),('1787683','VariableUpdate','1780959','1780959',NULL,'1787646','committee','string',2,'2017-03-27 15:15:32',NULL,NULL,NULL,'6',NULL),('1787684','VariableUpdate','1780959','1780959',NULL,'1787646','cycleTime','string',1,'2017-03-27 15:15:32',NULL,NULL,NULL,'PT2M',NULL),('1787685','VariableUpdate','1780959','1780959',NULL,'1787646','departleaderMidApproval_result','string',1,'2017-03-27 15:15:32',NULL,NULL,NULL,'pass',NULL),('1787686','VariableUpdate','1780959','1780959',NULL,'1787646','officer','string',2,'2017-03-27 15:15:32',NULL,NULL,NULL,'59',NULL),('1787687','VariableUpdate','1780959','1780959',NULL,'1787646','pmSubmitMIdMaterial_result','string',1,'2017-03-27 15:15:32',NULL,NULL,NULL,'pass',NULL),('1787688','VariableUpdate','1780959','1780959',NULL,'1787646','departLeaderGroup','string',1,'2017-03-27 15:15:32',NULL,NULL,NULL,'',NULL),('1787689','VariableUpdate','1780959','1780959',NULL,'1787646','committees','string',3,'2017-03-27 15:15:32',NULL,NULL,NULL,'',NULL),('1787690','VariableUpdate','1780959','1780959',NULL,'1787646','departLeader','string',1,'2017-03-27 15:15:32',NULL,NULL,NULL,'53',NULL),('1787691','VariableUpdate','1780959','1780959',NULL,'1787646','officerApproval_result','string',1,'2017-03-27 15:15:32',NULL,NULL,NULL,'pass',NULL),('1787692','VariableUpdate','1780959','1780959',NULL,'1787646','inputMidGrade_result','string',1,'2017-03-27 15:15:32',NULL,NULL,NULL,'pass',NULL),('1787693','VariableUpdate','1780959','1780959',NULL,'1787646','departleaderEndApproval_result','string',1,'2017-03-27 15:15:32',NULL,NULL,NULL,'reject',NULL),('1787694','VariableUpdate','1780959','1780959',NULL,'1787646','departleaderApproval_result','string',1,'2017-03-27 15:15:32',NULL,NULL,NULL,'pass',NULL),('1787695','VariableUpdate','1780959','1780959',NULL,'1787646','committeeGroup','string',2,'2017-03-27 15:15:32',NULL,NULL,NULL,'',NULL),('1787696','VariableUpdate','1780959','1780959',NULL,'1787646','midApprovalReport_result','string',1,'2017-03-27 15:15:32',NULL,NULL,NULL,'pass',NULL),('1787697','VariableUpdate','1780959','1780959',NULL,'1787646','pmSubmitEndMaterial_result','string',0,'2017-03-27 15:15:32',NULL,NULL,NULL,'pass',NULL),('1787698','VariableUpdate','1780959','1780959',NULL,'1787646','committeeApproval_result','string',1,'2017-03-27 15:15:32',NULL,NULL,NULL,'pass',NULL),('1787699','VariableUpdate','1780959','1780959',NULL,'1787646','DispatcherMidMaster_result','string',1,'2017-03-27 15:15:32',NULL,NULL,NULL,'pass',NULL),('1787700','VariableUpdate','1780959','1780959',NULL,'1787646','submitMonthlyReport_result','string',4,'2017-03-27 15:15:32',NULL,NULL,NULL,'pass',NULL),('1787701','VariableUpdate','1780959','1780959',NULL,'1787646','midCommitteeApproval_result','string',1,'2017-03-27 15:15:32',NULL,NULL,NULL,'pass',NULL),('1787702','VariableUpdate','1780959','1780959',NULL,'1787646','submitMonthlyCheck_result','string',1,'2017-03-27 15:15:32',NULL,NULL,NULL,'pass',NULL),('1787707','VariableUpdate','1780959','1780959',NULL,NULL,'DispatcherEndMaster_result','string',0,'2017-03-27 15:17:03',NULL,NULL,NULL,'pass',NULL),('1787708','VariableUpdate','1780959','1780959',NULL,'1787703','projectManager','string',1,'2017-03-27 15:17:03',NULL,NULL,NULL,'55',NULL),('1787709','VariableUpdate','1780959','1780959',NULL,'1787703','DispatcherEndMaster_result','string',0,'2017-03-27 15:17:03',NULL,NULL,NULL,'pass',NULL),('1787710','VariableUpdate','1780959','1780959',NULL,'1787703','officerGroup','string',2,'2017-03-27 15:17:03',NULL,NULL,NULL,'',NULL),('1787711','VariableUpdate','1780959','1780959',NULL,'1787703','committee','string',2,'2017-03-27 15:17:03',NULL,NULL,NULL,'6',NULL),('1787712','VariableUpdate','1780959','1780959',NULL,'1787703','cycleTime','string',1,'2017-03-27 15:17:03',NULL,NULL,NULL,'PT2M',NULL),('1787713','VariableUpdate','1780959','1780959',NULL,'1787703','departleaderMidApproval_result','string',1,'2017-03-27 15:17:03',NULL,NULL,NULL,'pass',NULL),('1787714','VariableUpdate','1780959','1780959',NULL,'1787703','officer','string',2,'2017-03-27 15:17:03',NULL,NULL,NULL,'59',NULL),('1787715','VariableUpdate','1780959','1780959',NULL,'1787703','pmSubmitMIdMaterial_result','string',1,'2017-03-27 15:17:03',NULL,NULL,NULL,'pass',NULL),('1787716','VariableUpdate','1780959','1780959',NULL,'1787703','departLeaderGroup','string',1,'2017-03-27 15:17:03',NULL,NULL,NULL,'',NULL),('1787717','VariableUpdate','1780959','1780959',NULL,'1787703','committees','string',3,'2017-03-27 15:17:03',NULL,NULL,NULL,'',NULL),('1787718','VariableUpdate','1780959','1780959',NULL,'1787703','departLeader','string',1,'2017-03-27 15:17:03',NULL,NULL,NULL,'53',NULL),('1787719','VariableUpdate','1780959','1780959',NULL,'1787703','officerApproval_result','string',1,'2017-03-27 15:17:03',NULL,NULL,NULL,'pass',NULL),('1787720','VariableUpdate','1780959','1780959',NULL,'1787703','inputMidGrade_result','string',1,'2017-03-27 15:17:03',NULL,NULL,NULL,'pass',NULL),('1787721','VariableUpdate','1780959','1780959',NULL,'1787703','departleaderEndApproval_result','string',1,'2017-03-27 15:17:03',NULL,NULL,NULL,'reject',NULL),('1787722','VariableUpdate','1780959','1780959',NULL,'1787703','departleaderApproval_result','string',1,'2017-03-27 15:17:03',NULL,NULL,NULL,'pass',NULL),('1787723','VariableUpdate','1780959','1780959',NULL,'1787703','committeeGroup','string',2,'2017-03-27 15:17:03',NULL,NULL,NULL,'',NULL),('1787724','VariableUpdate','1780959','1780959',NULL,'1787703','midApprovalReport_result','string',1,'2017-03-27 15:17:03',NULL,NULL,NULL,'pass',NULL),('1787725','VariableUpdate','1780959','1780959',NULL,'1787703','pmSubmitEndMaterial_result','string',1,'2017-03-27 15:17:03',NULL,NULL,NULL,'pass',NULL),('1787726','VariableUpdate','1780959','1780959',NULL,'1787703','committeeApproval_result','string',1,'2017-03-27 15:17:03',NULL,NULL,NULL,'pass',NULL),('1787727','VariableUpdate','1780959','1780959',NULL,'1787703','DispatcherMidMaster_result','string',1,'2017-03-27 15:17:03',NULL,NULL,NULL,'pass',NULL),('1787728','VariableUpdate','1780959','1780959',NULL,'1787703','submitMonthlyReport_result','string',4,'2017-03-27 15:17:03',NULL,NULL,NULL,'pass',NULL),('1787729','VariableUpdate','1780959','1780959',NULL,'1787703','midCommitteeApproval_result','string',1,'2017-03-27 15:17:03',NULL,NULL,NULL,'pass',NULL),('1787730','VariableUpdate','1780959','1780959',NULL,'1787703','submitMonthlyCheck_result','string',1,'2017-03-27 15:17:03',NULL,NULL,NULL,'pass',NULL),('1787734','VariableUpdate','1780959','1780959',NULL,NULL,'endApprovalReport_result','string',0,'2017-03-27 15:19:14',NULL,NULL,NULL,'pass',NULL),('1787735','VariableUpdate','1780959','1780959',NULL,'1787731','projectManager','string',1,'2017-03-27 15:19:14',NULL,NULL,NULL,'55',NULL),('1787736','VariableUpdate','1780959','1780959',NULL,'1787731','DispatcherEndMaster_result','string',1,'2017-03-27 15:19:14',NULL,NULL,NULL,'pass',NULL),('1787737','VariableUpdate','1780959','1780959',NULL,'1787731','officerGroup','string',2,'2017-03-27 15:19:14',NULL,NULL,NULL,'',NULL),('1787738','VariableUpdate','1780959','1780959',NULL,'1787731','committee','string',2,'2017-03-27 15:19:14',NULL,NULL,NULL,'6',NULL),('1787739','VariableUpdate','1780959','1780959',NULL,'1787731','cycleTime','string',1,'2017-03-27 15:19:14',NULL,NULL,NULL,'PT2M',NULL),('1787740','VariableUpdate','1780959','1780959',NULL,'1787731','departleaderMidApproval_result','string',1,'2017-03-27 15:19:14',NULL,NULL,NULL,'pass',NULL),('1787741','VariableUpdate','1780959','1780959',NULL,'1787731','officer','string',2,'2017-03-27 15:19:14',NULL,NULL,NULL,'59',NULL),('1787742','VariableUpdate','1780959','1780959',NULL,'1787731','pmSubmitMIdMaterial_result','string',1,'2017-03-27 15:19:14',NULL,NULL,NULL,'pass',NULL),('1787743','VariableUpdate','1780959','1780959',NULL,'1787731','departLeaderGroup','string',1,'2017-03-27 15:19:14',NULL,NULL,NULL,'',NULL),('1787744','VariableUpdate','1780959','1780959',NULL,'1787731','committees','string',3,'2017-03-27 15:19:14',NULL,NULL,NULL,'',NULL),('1787745','VariableUpdate','1780959','1780959',NULL,'1787731','departLeader','string',1,'2017-03-27 15:19:14',NULL,NULL,NULL,'53',NULL),('1787746','VariableUpdate','1780959','1780959',NULL,'1787731','officerApproval_result','string',1,'2017-03-27 15:19:14',NULL,NULL,NULL,'pass',NULL),('1787747','VariableUpdate','1780959','1780959',NULL,'1787731','inputMidGrade_result','string',1,'2017-03-27 15:19:14',NULL,NULL,NULL,'pass',NULL),('1787748','VariableUpdate','1780959','1780959',NULL,'1787731','departleaderEndApproval_result','string',1,'2017-03-27 15:19:14',NULL,NULL,NULL,'reject',NULL),('1787749','VariableUpdate','1780959','1780959',NULL,'1787731','departleaderApproval_result','string',1,'2017-03-27 15:19:14',NULL,NULL,NULL,'pass',NULL),('1787750','VariableUpdate','1780959','1780959',NULL,'1787731','committeeGroup','string',2,'2017-03-27 15:19:14',NULL,NULL,NULL,'',NULL),('1787751','VariableUpdate','1780959','1780959',NULL,'1787731','midApprovalReport_result','string',1,'2017-03-27 15:19:14',NULL,NULL,NULL,'pass',NULL),('1787752','VariableUpdate','1780959','1780959',NULL,'1787731','pmSubmitEndMaterial_result','string',1,'2017-03-27 15:19:14',NULL,NULL,NULL,'pass',NULL),('1787753','VariableUpdate','1780959','1780959',NULL,'1787731','endApprovalReport_result','string',0,'2017-03-27 15:19:14',NULL,NULL,NULL,'pass',NULL),('1787754','VariableUpdate','1780959','1780959',NULL,'1787731','committeeApproval_result','string',1,'2017-03-27 15:19:14',NULL,NULL,NULL,'pass',NULL),('1787755','VariableUpdate','1780959','1780959',NULL,'1787731','DispatcherMidMaster_result','string',1,'2017-03-27 15:19:14',NULL,NULL,NULL,'pass',NULL),('1787756','VariableUpdate','1780959','1780959',NULL,'1787731','submitMonthlyReport_result','string',4,'2017-03-27 15:19:14',NULL,NULL,NULL,'pass',NULL),('1787757','VariableUpdate','1780959','1780959',NULL,'1787731','midCommitteeApproval_result','string',1,'2017-03-27 15:19:14',NULL,NULL,NULL,'pass',NULL),('1787758','VariableUpdate','1780959','1780959',NULL,'1787731','submitMonthlyCheck_result','string',1,'2017-03-27 15:19:14',NULL,NULL,NULL,'pass',NULL),('1787763','VariableUpdate','1780959','1780959',NULL,NULL,'inputEndGrade_result','string',0,'2017-03-27 15:19:48',NULL,NULL,NULL,'pass',NULL),('1787764','VariableUpdate','1780959','1780959',NULL,'1787759','projectManager','string',1,'2017-03-27 15:19:48',NULL,NULL,NULL,'55',NULL),('1787765','VariableUpdate','1780959','1780959',NULL,'1787759','DispatcherEndMaster_result','string',1,'2017-03-27 15:19:48',NULL,NULL,NULL,'pass',NULL),('1787766','VariableUpdate','1780959','1780959',NULL,'1787759','departleaderMidApproval_result','string',1,'2017-03-27 15:19:48',NULL,NULL,NULL,'pass',NULL),('1787767','VariableUpdate','1780959','1780959',NULL,'1787759','officer','string',2,'2017-03-27 15:19:48',NULL,NULL,NULL,'59',NULL),('1787768','VariableUpdate','1780959','1780959',NULL,'1787759','officerApproval_result','string',1,'2017-03-27 15:19:48',NULL,NULL,NULL,'pass',NULL),('1787769','VariableUpdate','1780959','1780959',NULL,'1787759','inputMidGrade_result','string',1,'2017-03-27 15:19:48',NULL,NULL,NULL,'pass',NULL),('1787770','VariableUpdate','1780959','1780959',NULL,'1787759','departleaderEndApproval_result','string',1,'2017-03-27 15:19:48',NULL,NULL,NULL,'reject',NULL),('1787771','VariableUpdate','1780959','1780959',NULL,'1787759','departleaderApproval_result','string',1,'2017-03-27 15:19:48',NULL,NULL,NULL,'pass',NULL),('1787772','VariableUpdate','1780959','1780959',NULL,'1787759','committeeGroup','string',2,'2017-03-27 15:19:48',NULL,NULL,NULL,'',NULL),('1787773','VariableUpdate','1780959','1780959',NULL,'1787759','pmSubmitEndMaterial_result','string',1,'2017-03-27 15:19:48',NULL,NULL,NULL,'pass',NULL),('1787774','VariableUpdate','1780959','1780959',NULL,'1787759','committeeApproval_result','string',1,'2017-03-27 15:19:48',NULL,NULL,NULL,'pass',NULL),('1787775','VariableUpdate','1780959','1780959',NULL,'1787759','inputEndGrade_result','string',0,'2017-03-27 15:19:48',NULL,NULL,NULL,'pass',NULL),('1787776','VariableUpdate','1780959','1780959',NULL,'1787759','submitMonthlyReport_result','string',4,'2017-03-27 15:19:48',NULL,NULL,NULL,'pass',NULL),('1787777','VariableUpdate','1780959','1780959',NULL,'1787759','midCommitteeApproval_result','string',1,'2017-03-27 15:19:48',NULL,NULL,NULL,'pass',NULL),('1787778','VariableUpdate','1780959','1780959',NULL,'1787759','officerGroup','string',2,'2017-03-27 15:19:48',NULL,NULL,NULL,'',NULL),('1787779','VariableUpdate','1780959','1780959',NULL,'1787759','committee','string',2,'2017-03-27 15:19:48',NULL,NULL,NULL,'6',NULL),('1787780','VariableUpdate','1780959','1780959',NULL,'1787759','cycleTime','string',1,'2017-03-27 15:19:48',NULL,NULL,NULL,'PT2M',NULL),('1787781','VariableUpdate','1780959','1780959',NULL,'1787759','pmSubmitMIdMaterial_result','string',1,'2017-03-27 15:19:48',NULL,NULL,NULL,'pass',NULL),('1787782','VariableUpdate','1780959','1780959',NULL,'1787759','departLeaderGroup','string',1,'2017-03-27 15:19:48',NULL,NULL,NULL,'',NULL),('1787783','VariableUpdate','1780959','1780959',NULL,'1787759','committees','string',3,'2017-03-27 15:19:48',NULL,NULL,NULL,'',NULL),('1787784','VariableUpdate','1780959','1780959',NULL,'1787759','departLeader','string',1,'2017-03-27 15:19:48',NULL,NULL,NULL,'53',NULL),('1787785','VariableUpdate','1780959','1780959',NULL,'1787759','midApprovalReport_result','string',1,'2017-03-27 15:19:48',NULL,NULL,NULL,'pass',NULL),('1787786','VariableUpdate','1780959','1780959',NULL,'1787759','endApprovalReport_result','string',1,'2017-03-27 15:19:48',NULL,NULL,NULL,'pass',NULL),('1787787','VariableUpdate','1780959','1780959',NULL,'1787759','DispatcherMidMaster_result','string',1,'2017-03-27 15:19:48',NULL,NULL,NULL,'pass',NULL),('1787788','VariableUpdate','1780959','1780959',NULL,'1787759','submitMonthlyCheck_result','string',1,'2017-03-27 15:19:48',NULL,NULL,NULL,'pass',NULL),('1787794','VariableUpdate','1780959','1780959',NULL,NULL,'committeeEndApproval_result','string',0,'2017-03-27 15:20:28',NULL,NULL,NULL,'pass',NULL),('1787795','VariableUpdate','1780959','1780959',NULL,'1787789','projectManager','string',1,'2017-03-27 15:20:28',NULL,NULL,NULL,'55',NULL),('1787796','VariableUpdate','1780959','1780959',NULL,'1787789','DispatcherEndMaster_result','string',1,'2017-03-27 15:20:28',NULL,NULL,NULL,'pass',NULL),('1787797','VariableUpdate','1780959','1780959',NULL,'1787789','departleaderMidApproval_result','string',1,'2017-03-27 15:20:28',NULL,NULL,NULL,'pass',NULL),('1787798','VariableUpdate','1780959','1780959',NULL,'1787789','officer','string',2,'2017-03-27 15:20:28',NULL,NULL,NULL,'59',NULL),('1787799','VariableUpdate','1780959','1780959',NULL,'1787789','officerApproval_result','string',1,'2017-03-27 15:20:28',NULL,NULL,NULL,'pass',NULL),('1787800','VariableUpdate','1780959','1780959',NULL,'1787789','inputMidGrade_result','string',1,'2017-03-27 15:20:28',NULL,NULL,NULL,'pass',NULL),('1787801','VariableUpdate','1780959','1780959',NULL,'1787789','departleaderEndApproval_result','string',1,'2017-03-27 15:20:28',NULL,NULL,NULL,'reject',NULL),('1787802','VariableUpdate','1780959','1780959',NULL,'1787789','departleaderApproval_result','string',1,'2017-03-27 15:20:28',NULL,NULL,NULL,'pass',NULL),('1787803','VariableUpdate','1780959','1780959',NULL,'1787789','committeeGroup','string',2,'2017-03-27 15:20:29',NULL,NULL,NULL,'',NULL),('1787804','VariableUpdate','1780959','1780959',NULL,'1787789','pmSubmitEndMaterial_result','string',1,'2017-03-27 15:20:29',NULL,NULL,NULL,'pass',NULL),('1787805','VariableUpdate','1780959','1780959',NULL,'1787789','committeeApproval_result','string',1,'2017-03-27 15:20:29',NULL,NULL,NULL,'pass',NULL),('1787806','VariableUpdate','1780959','1780959',NULL,'1787789','inputEndGrade_result','string',1,'2017-03-27 15:20:29',NULL,NULL,NULL,'pass',NULL),('1787807','VariableUpdate','1780959','1780959',NULL,'1787789','submitMonthlyReport_result','string',4,'2017-03-27 15:20:29',NULL,NULL,NULL,'pass',NULL),('1787808','VariableUpdate','1780959','1780959',NULL,'1787789','midCommitteeApproval_result','string',1,'2017-03-27 15:20:29',NULL,NULL,NULL,'pass',NULL),('1787809','VariableUpdate','1780959','1780959',NULL,'1787789','committeeEndApproval_result','string',0,'2017-03-27 15:20:29',NULL,NULL,NULL,'pass',NULL),('1787810','VariableUpdate','1780959','1780959',NULL,'1787789','officerGroup','string',2,'2017-03-27 15:20:29',NULL,NULL,NULL,'',NULL),('1787811','VariableUpdate','1780959','1780959',NULL,'1787789','committee','string',2,'2017-03-27 15:20:29',NULL,NULL,NULL,'6',NULL),('1787812','VariableUpdate','1780959','1780959',NULL,'1787789','cycleTime','string',1,'2017-03-27 15:20:29',NULL,NULL,NULL,'PT2M',NULL),('1787813','VariableUpdate','1780959','1780959',NULL,'1787789','pmSubmitMIdMaterial_result','string',1,'2017-03-27 15:20:29',NULL,NULL,NULL,'pass',NULL),('1787814','VariableUpdate','1780959','1780959',NULL,'1787789','departLeaderGroup','string',1,'2017-03-27 15:20:29',NULL,NULL,NULL,'',NULL),('1787815','VariableUpdate','1780959','1780959',NULL,'1787789','committees','string',3,'2017-03-27 15:20:29',NULL,NULL,NULL,'',NULL),('1787816','VariableUpdate','1780959','1780959',NULL,'1787789','departLeader','string',1,'2017-03-27 15:20:29',NULL,NULL,NULL,'53',NULL),('1787817','VariableUpdate','1780959','1780959',NULL,'1787789','midApprovalReport_result','string',1,'2017-03-27 15:20:29',NULL,NULL,NULL,'pass',NULL),('1787818','VariableUpdate','1780959','1780959',NULL,'1787789','endApprovalReport_result','string',1,'2017-03-27 15:20:29',NULL,NULL,NULL,'pass',NULL),('1787819','VariableUpdate','1780959','1780959',NULL,'1787789','DispatcherMidMaster_result','string',1,'2017-03-27 15:20:29',NULL,NULL,NULL,'pass',NULL),('1787820','VariableUpdate','1780959','1780959',NULL,'1787789','submitMonthlyCheck_result','string',1,'2017-03-27 15:20:29',NULL,NULL,NULL,'pass',NULL),('1787825','VariableUpdate','1780959','1780959',NULL,'1697671','submitMonthlyCheck_result','string',1,'2017-03-27 15:20:39',NULL,NULL,NULL,'pass',NULL),('1787831','VariableUpdate','1780959','1780959',NULL,'1787822','departleaderEndApproval_result','string',1,'2017-03-27 15:21:38',NULL,NULL,NULL,'pass',NULL),('1787832','VariableUpdate','1780959','1780959',NULL,'1787822','projectManager','string',1,'2017-03-27 15:21:38',NULL,NULL,NULL,'55',NULL),('1787833','VariableUpdate','1780959','1780959',NULL,'1787822','DispatcherEndMaster_result','string',1,'2017-03-27 15:21:38',NULL,NULL,NULL,'pass',NULL),('1787834','VariableUpdate','1780959','1780959',NULL,'1787822','departleaderMidApproval_result','string',1,'2017-03-27 15:21:38',NULL,NULL,NULL,'pass',NULL),('1787835','VariableUpdate','1780959','1780959',NULL,'1787822','officer','string',2,'2017-03-27 15:21:38',NULL,NULL,NULL,'59',NULL),('1787836','VariableUpdate','1780959','1780959',NULL,'1787822','officerApproval_result','string',1,'2017-03-27 15:21:38',NULL,NULL,NULL,'pass',NULL),('1787837','VariableUpdate','1780959','1780959',NULL,'1787822','inputMidGrade_result','string',1,'2017-03-27 15:21:38',NULL,NULL,NULL,'pass',NULL),('1787838','VariableUpdate','1780959','1780959',NULL,'1787822','departleaderEndApproval_result','string',1,'2017-03-27 15:21:38',NULL,NULL,NULL,'pass',NULL),('1787839','VariableUpdate','1780959','1780959',NULL,'1787822','departleaderApproval_result','string',1,'2017-03-27 15:21:38',NULL,NULL,NULL,'pass',NULL),('1787840','VariableUpdate','1780959','1780959',NULL,'1787822','committeeGroup','string',2,'2017-03-27 15:21:38',NULL,NULL,NULL,'',NULL),('1787841','VariableUpdate','1780959','1780959',NULL,'1787822','pmSubmitEndMaterial_result','string',1,'2017-03-27 15:21:38',NULL,NULL,NULL,'pass',NULL),('1787842','VariableUpdate','1780959','1780959',NULL,'1787822','committeeApproval_result','string',1,'2017-03-27 15:21:38',NULL,NULL,NULL,'pass',NULL),('1787843','VariableUpdate','1780959','1780959',NULL,'1787822','inputEndGrade_result','string',1,'2017-03-27 15:21:38',NULL,NULL,NULL,'pass',NULL),('1787844','VariableUpdate','1780959','1780959',NULL,'1787822','submitMonthlyReport_result','string',5,'2017-03-27 15:21:38',NULL,NULL,NULL,'reject',NULL),('1787845','VariableUpdate','1780959','1780959',NULL,'1787822','midCommitteeApproval_result','string',1,'2017-03-27 15:21:38',NULL,NULL,NULL,'pass',NULL),('1787846','VariableUpdate','1780959','1780959',NULL,'1787822','committeeEndApproval_result','string',1,'2017-03-27 15:21:38',NULL,NULL,NULL,'pass',NULL),('1787847','VariableUpdate','1780959','1780959',NULL,'1787822','officerGroup','string',2,'2017-03-27 15:21:38',NULL,NULL,NULL,'',NULL),('1787848','VariableUpdate','1780959','1780959',NULL,'1787822','committee','string',2,'2017-03-27 15:21:38',NULL,NULL,NULL,'6',NULL),('1787849','VariableUpdate','1780959','1780959',NULL,'1787822','cycleTime','string',1,'2017-03-27 15:21:38',NULL,NULL,NULL,'PT2M',NULL),('1787850','VariableUpdate','1780959','1780959',NULL,'1787822','pmSubmitMIdMaterial_result','string',1,'2017-03-27 15:21:38',NULL,NULL,NULL,'pass',NULL),('1787851','VariableUpdate','1780959','1780959',NULL,'1787822','departLeaderGroup','string',1,'2017-03-27 15:21:38',NULL,NULL,NULL,'',NULL),('1787852','VariableUpdate','1780959','1780959',NULL,'1787822','committees','string',3,'2017-03-27 15:21:38',NULL,NULL,NULL,'',NULL),('1787853','VariableUpdate','1780959','1780959',NULL,'1787822','departLeader','string',1,'2017-03-27 15:21:38',NULL,NULL,NULL,'53',NULL),('1787854','VariableUpdate','1780959','1780959',NULL,'1787822','midApprovalReport_result','string',1,'2017-03-27 15:21:38',NULL,NULL,NULL,'pass',NULL),('1787855','VariableUpdate','1780959','1780959',NULL,'1787822','endApprovalReport_result','string',1,'2017-03-27 15:21:38',NULL,NULL,NULL,'pass',NULL),('1787856','VariableUpdate','1780959','1780959',NULL,'1787822','DispatcherMidMaster_result','string',1,'2017-03-27 15:21:38',NULL,NULL,NULL,'pass',NULL),('1787857','VariableUpdate','1780959','1780959',NULL,'1787822','submitMonthlyCheck_result','string',1,'2017-03-27 15:21:38',NULL,NULL,NULL,'pass',NULL),('1787860','VariableUpdate','1780959','1780959',NULL,'1697696','submitMonthlyReport_result','string',5,'2017-03-27 15:24:15',NULL,NULL,NULL,'pass',NULL),('1787862','VariableUpdate','1780959','1780959',NULL,'1697692','submitMonthlyCheck_result','string',1,'2017-03-27 15:26:46',NULL,NULL,NULL,'pass',NULL),('1787869','VariableUpdate','1780959','1780959',NULL,'1787866','PMSelfConclusion_result','string',0,'2017-03-27 15:27:48',NULL,NULL,NULL,'pass',NULL),('1787870','VariableUpdate','1780959','1780959',NULL,'1787866','projectManager','string',1,'2017-03-27 15:27:48',NULL,NULL,NULL,'55',NULL),('1787871','VariableUpdate','1780959','1780959',NULL,'1787866','DispatcherEndMaster_result','string',1,'2017-03-27 15:27:48',NULL,NULL,NULL,'pass',NULL),('1787872','VariableUpdate','1780959','1780959',NULL,'1787866','departleaderMidApproval_result','string',1,'2017-03-27 15:27:48',NULL,NULL,NULL,'pass',NULL),('1787873','VariableUpdate','1780959','1780959',NULL,'1787866','officer','string',2,'2017-03-27 15:27:48',NULL,NULL,NULL,'59',NULL),('1787874','VariableUpdate','1780959','1780959',NULL,'1787866','officerApproval_result','string',1,'2017-03-27 15:27:48',NULL,NULL,NULL,'pass',NULL),('1787875','VariableUpdate','1780959','1780959',NULL,'1787866','inputMidGrade_result','string',1,'2017-03-27 15:27:48',NULL,NULL,NULL,'pass',NULL),('1787876','VariableUpdate','1780959','1780959',NULL,'1787866','departleaderEndApproval_result','string',2,'2017-03-27 15:27:48',NULL,NULL,NULL,'pass',NULL),('1787877','VariableUpdate','1780959','1780959',NULL,'1787866','departleaderApproval_result','string',1,'2017-03-27 15:27:48',NULL,NULL,NULL,'pass',NULL),('1787878','VariableUpdate','1780959','1780959',NULL,'1787866','committeeGroup','string',2,'2017-03-27 15:27:48',NULL,NULL,NULL,'',NULL),('1787879','VariableUpdate','1780959','1780959',NULL,'1787866','pmSubmitEndMaterial_result','string',1,'2017-03-27 15:27:48',NULL,NULL,NULL,'pass',NULL),('1787880','VariableUpdate','1780959','1780959',NULL,'1787866','committeeApproval_result','string',1,'2017-03-27 15:27:48',NULL,NULL,NULL,'pass',NULL),('1787881','VariableUpdate','1780959','1780959',NULL,'1787866','inputEndGrade_result','string',1,'2017-03-27 15:27:48',NULL,NULL,NULL,'pass',NULL),('1787882','VariableUpdate','1780959','1780959',NULL,'1787866','submitMonthlyReport_result','string',6,'2017-03-27 15:27:48',NULL,NULL,NULL,'pass',NULL),('1787883','VariableUpdate','1780959','1780959',NULL,'1787866','midCommitteeApproval_result','string',1,'2017-03-27 15:27:48',NULL,NULL,NULL,'pass',NULL),('1787884','VariableUpdate','1780959','1780959',NULL,'1787866','committeeEndApproval_result','string',1,'2017-03-27 15:27:48',NULL,NULL,NULL,'pass',NULL),('1787885','VariableUpdate','1780959','1780959',NULL,'1787866','officerGroup','string',2,'2017-03-27 15:27:48',NULL,NULL,NULL,'',NULL),('1787886','VariableUpdate','1780959','1780959',NULL,'1787866','committee','string',2,'2017-03-27 15:27:48',NULL,NULL,NULL,'6',NULL),('1787887','VariableUpdate','1780959','1780959',NULL,'1787866','cycleTime','string',1,'2017-03-27 15:27:48',NULL,NULL,NULL,'PT2M',NULL),('1787888','VariableUpdate','1780959','1780959',NULL,'1787866','pmSubmitMIdMaterial_result','string',1,'2017-03-27 15:27:48',NULL,NULL,NULL,'pass',NULL),('1787889','VariableUpdate','1780959','1780959',NULL,'1787866','departLeaderGroup','string',1,'2017-03-27 15:27:48',NULL,NULL,NULL,'',NULL),('1787890','VariableUpdate','1780959','1780959',NULL,'1787866','committees','string',3,'2017-03-27 15:27:48',NULL,NULL,NULL,'',NULL),('1787891','VariableUpdate','1780959','1780959',NULL,'1787866','departLeader','string',1,'2017-03-27 15:27:48',NULL,NULL,NULL,'53',NULL),('1787892','VariableUpdate','1780959','1780959',NULL,'1787866','midApprovalReport_result','string',1,'2017-03-27 15:27:48',NULL,NULL,NULL,'pass',NULL),('1787893','VariableUpdate','1780959','1780959',NULL,'1787866','endApprovalReport_result','string',1,'2017-03-27 15:27:48',NULL,NULL,NULL,'pass',NULL),('1787894','VariableUpdate','1780959','1780959',NULL,'1787866','DispatcherMidMaster_result','string',1,'2017-03-27 15:27:48',NULL,NULL,NULL,'pass',NULL),('1787895','VariableUpdate','1780959','1780959',NULL,'1787866','submitMonthlyCheck_result','string',1,'2017-03-27 15:27:48',NULL,NULL,NULL,'pass',NULL),('1787896','VariableUpdate','1780959','1780959',NULL,'1787866','PMSelfConclusion_result','string',0,'2017-03-27 15:27:48',NULL,NULL,NULL,'pass',NULL),('1787901','VariableUpdate','1780959','1780959',NULL,'1787897','departleaderConclusion_result','string',0,'2017-03-27 15:28:34',NULL,NULL,NULL,'pass',NULL),('1787902','VariableUpdate','1780959','1780959',NULL,'1787897','projectManager','string',1,'2017-03-27 15:28:34',NULL,NULL,NULL,'55',NULL),('1787903','VariableUpdate','1780959','1780959',NULL,'1787897','DispatcherEndMaster_result','string',1,'2017-03-27 15:28:35',NULL,NULL,NULL,'pass',NULL),('1787904','VariableUpdate','1780959','1780959',NULL,'1787897','departleaderMidApproval_result','string',1,'2017-03-27 15:28:35',NULL,NULL,NULL,'pass',NULL),('1787905','VariableUpdate','1780959','1780959',NULL,'1787897','officer','string',2,'2017-03-27 15:28:35',NULL,NULL,NULL,'59',NULL),('1787906','VariableUpdate','1780959','1780959',NULL,'1787897','officerApproval_result','string',1,'2017-03-27 15:28:35',NULL,NULL,NULL,'pass',NULL),('1787907','VariableUpdate','1780959','1780959',NULL,'1787897','inputMidGrade_result','string',1,'2017-03-27 15:28:35',NULL,NULL,NULL,'pass',NULL),('1787908','VariableUpdate','1780959','1780959',NULL,'1787897','departleaderEndApproval_result','string',2,'2017-03-27 15:28:35',NULL,NULL,NULL,'pass',NULL),('1787909','VariableUpdate','1780959','1780959',NULL,'1787897','departleaderApproval_result','string',1,'2017-03-27 15:28:35',NULL,NULL,NULL,'pass',NULL),('1787910','VariableUpdate','1780959','1780959',NULL,'1787897','committeeGroup','string',2,'2017-03-27 15:28:35',NULL,NULL,NULL,'',NULL),('1787911','VariableUpdate','1780959','1780959',NULL,'1787897','pmSubmitEndMaterial_result','string',1,'2017-03-27 15:28:35',NULL,NULL,NULL,'pass',NULL),('1787912','VariableUpdate','1780959','1780959',NULL,'1787897','committeeApproval_result','string',1,'2017-03-27 15:28:35',NULL,NULL,NULL,'pass',NULL),('1787913','VariableUpdate','1780959','1780959',NULL,'1787897','inputEndGrade_result','string',1,'2017-03-27 15:28:35',NULL,NULL,NULL,'pass',NULL),('1787914','VariableUpdate','1780959','1780959',NULL,'1787897','submitMonthlyReport_result','string',6,'2017-03-27 15:28:35',NULL,NULL,NULL,'pass',NULL),('1787915','VariableUpdate','1780959','1780959',NULL,'1787897','midCommitteeApproval_result','string',1,'2017-03-27 15:28:35',NULL,NULL,NULL,'pass',NULL),('1787916','VariableUpdate','1780959','1780959',NULL,'1787897','committeeEndApproval_result','string',1,'2017-03-27 15:28:35',NULL,NULL,NULL,'pass',NULL),('1787917','VariableUpdate','1780959','1780959',NULL,'1787897','officerGroup','string',2,'2017-03-27 15:28:35',NULL,NULL,NULL,'',NULL),('1787918','VariableUpdate','1780959','1780959',NULL,'1787897','committee','string',2,'2017-03-27 15:28:35',NULL,NULL,NULL,'6',NULL),('1787919','VariableUpdate','1780959','1780959',NULL,'1787897','cycleTime','string',1,'2017-03-27 15:28:35',NULL,NULL,NULL,'PT2M',NULL),('1787920','VariableUpdate','1780959','1780959',NULL,'1787897','pmSubmitMIdMaterial_result','string',1,'2017-03-27 15:28:35',NULL,NULL,NULL,'pass',NULL),('1787921','VariableUpdate','1780959','1780959',NULL,'1787897','departLeaderGroup','string',1,'2017-03-27 15:28:35',NULL,NULL,NULL,'',NULL),('1787922','VariableUpdate','1780959','1780959',NULL,'1787897','committees','string',3,'2017-03-27 15:28:35',NULL,NULL,NULL,'',NULL),('1787923','VariableUpdate','1780959','1780959',NULL,'1787897','departLeader','string',1,'2017-03-27 15:28:35',NULL,NULL,NULL,'53',NULL),('1787924','VariableUpdate','1780959','1780959',NULL,'1787897','midApprovalReport_result','string',1,'2017-03-27 15:28:35',NULL,NULL,NULL,'pass',NULL),('1787925','VariableUpdate','1780959','1780959',NULL,'1787897','endApprovalReport_result','string',1,'2017-03-27 15:28:35',NULL,NULL,NULL,'pass',NULL),('1787926','VariableUpdate','1780959','1780959',NULL,'1787897','DispatcherMidMaster_result','string',1,'2017-03-27 15:28:35',NULL,NULL,NULL,'pass',NULL),('1787927','VariableUpdate','1780959','1780959',NULL,'1787897','submitMonthlyCheck_result','string',1,'2017-03-27 15:28:35',NULL,NULL,NULL,'pass',NULL),('1787928','VariableUpdate','1780959','1780959',NULL,'1787897','PMSelfConclusion_result','string',1,'2017-03-27 15:28:35',NULL,NULL,NULL,'pass',NULL),('1787929','VariableUpdate','1780959','1780959',NULL,'1787897','departleaderConclusion_result','string',0,'2017-03-27 15:28:35',NULL,NULL,NULL,'pass',NULL),('1787935','VariableUpdate','1787931','1787931',NULL,'1787933','projectManager','string',0,'2017-03-27 15:31:28',NULL,NULL,NULL,'55',NULL),('1787937','VariableUpdate','1787931','1787931',NULL,'1787933','officerGroup','string',0,'2017-03-27 15:31:28',NULL,NULL,NULL,'15',NULL),('1787939','VariableUpdate','1787931','1787931',NULL,'1787933','committee','null',0,'2017-03-27 15:31:28',NULL,NULL,NULL,NULL,NULL),('1787941','VariableUpdate','1787931','1787931',NULL,'1787933','officer','null',0,'2017-03-27 15:31:28',NULL,NULL,NULL,NULL,NULL),('1787943','VariableUpdate','1787931','1787931',NULL,'1787933','departLeaderGroup','string',0,'2017-03-27 15:31:28',NULL,NULL,NULL,'16',NULL),('1787945','VariableUpdate','1787931','1787931',NULL,'1787933','submitMonthlyReport_result','string',0,'2017-03-27 15:31:28',NULL,NULL,NULL,'reject',NULL),('1787947','VariableUpdate','1787931','1787931',NULL,'1787933','committees','string',0,'2017-03-27 15:31:28',NULL,NULL,NULL,'',NULL),('1787949','VariableUpdate','1787931','1787931',NULL,'1787933','departLeader','null',0,'2017-03-27 15:31:28',NULL,NULL,NULL,NULL,NULL),('1787951','VariableUpdate','1787931','1787931',NULL,'1787933','departleaderEndApproval_result','string',0,'2017-03-27 15:31:28',NULL,NULL,NULL,'reject',NULL),('1787953','VariableUpdate','1787931','1787931',NULL,'1787933','committeeGroup','string',0,'2017-03-27 15:31:28',NULL,NULL,NULL,'17',NULL),('1787961','VariableUpdate','1787957','1787957',NULL,'1787959','projectManager','string',0,'2017-03-27 15:46:42',NULL,NULL,NULL,'55',NULL),('1787963','VariableUpdate','1787957','1787957',NULL,'1787959','officerGroup','string',0,'2017-03-27 15:46:42',NULL,NULL,NULL,'15',NULL),('1787965','VariableUpdate','1787957','1787957',NULL,'1787959','committee','null',0,'2017-03-27 15:46:42',NULL,NULL,NULL,NULL,NULL),('1787967','VariableUpdate','1787957','1787957',NULL,'1787959','officer','null',0,'2017-03-27 15:46:42',NULL,NULL,NULL,NULL,NULL),('1787969','VariableUpdate','1787957','1787957',NULL,'1787959','departLeaderGroup','string',0,'2017-03-27 15:46:42',NULL,NULL,NULL,'16',NULL),('1787971','VariableUpdate','1787957','1787957',NULL,'1787959','submitMonthlyReport_result','string',0,'2017-03-27 15:46:42',NULL,NULL,NULL,'reject',NULL),('1787973','VariableUpdate','1787957','1787957',NULL,'1787959','committees','string',0,'2017-03-27 15:46:42',NULL,NULL,NULL,'',NULL),('1787975','VariableUpdate','1787957','1787957',NULL,'1787959','departLeader','null',0,'2017-03-27 15:46:42',NULL,NULL,NULL,NULL,NULL),('1787977','VariableUpdate','1787957','1787957',NULL,'1787959','departleaderEndApproval_result','string',0,'2017-03-27 15:46:42',NULL,NULL,NULL,'reject',NULL),('1787979','VariableUpdate','1787957','1787957',NULL,'1787959','committeeGroup','string',0,'2017-03-27 15:46:42',NULL,NULL,NULL,'17',NULL),('1787981','VariableUpdate','1787957','1787957',NULL,'1787959','ChangeServiceId','string',0,'2017-03-27 15:46:42',NULL,NULL,NULL,'201703271546412278',NULL),('1787989','VariableUpdate','1787931','1787931',NULL,'1787954','officerApproval_result','string',0,'2017-03-27 16:01:40',NULL,NULL,NULL,'pass',NULL),('1787990','VariableUpdate','1787931','1787931',NULL,'1787954','committees','string',1,'2017-03-27 16:01:40',NULL,NULL,NULL,'6,58',NULL),('1787991','VariableUpdate','1787931','1787931',NULL,'1787954','committeeGroup','string',1,'2017-03-27 16:01:40',NULL,NULL,NULL,'',NULL),('1787992','VariableUpdate','1787931','1787931',NULL,'1787954','projectManager','string',1,'2017-03-27 16:01:40',NULL,NULL,NULL,'55',NULL),('1787993','VariableUpdate','1787931','1787931',NULL,'1787954','officerGroup','string',1,'2017-03-27 16:01:40',NULL,NULL,NULL,'',NULL),('1787994','VariableUpdate','1787931','1787931',NULL,'1787954','committee','null',1,'2017-03-27 16:01:40',NULL,NULL,NULL,NULL,NULL),('1787995','VariableUpdate','1787931','1787931',NULL,'1787954','officer','string',1,'2017-03-27 16:01:40',NULL,NULL,NULL,'59',NULL),('1787996','VariableUpdate','1787931','1787931',NULL,'1787954','departLeaderGroup','string',1,'2017-03-27 16:01:40',NULL,NULL,NULL,'16',NULL),('1787997','VariableUpdate','1787931','1787931',NULL,'1787954','submitMonthlyReport_result','string',1,'2017-03-27 16:01:40',NULL,NULL,NULL,'reject',NULL),('1787998','VariableUpdate','1787931','1787931',NULL,'1787954','committees','string',1,'2017-03-27 16:01:40',NULL,NULL,NULL,'6,58',NULL),('1787999','VariableUpdate','1787931','1787931',NULL,'1787954','departLeader','null',1,'2017-03-27 16:01:40',NULL,NULL,NULL,NULL,NULL),('1788000','VariableUpdate','1787931','1787931',NULL,'1787954','officerApproval_result','string',0,'2017-03-27 16:01:40',NULL,NULL,NULL,'pass',NULL),('1788001','VariableUpdate','1787931','1787931',NULL,'1787954','departleaderEndApproval_result','string',1,'2017-03-27 16:01:40',NULL,NULL,NULL,'reject',NULL),('1788002','VariableUpdate','1787931','1787931',NULL,'1787954','committeeGroup','string',1,'2017-03-27 16:01:40',NULL,NULL,NULL,'',NULL),('1788012','VariableUpdate','1787957','1787957',NULL,'1787982','committeeApprovalChange_result','string',0,'2017-03-27 16:09:54',NULL,NULL,NULL,'pass',NULL),('1788020','VariableUpdate','1787957','1787957',NULL,'1788015','departleaderApprovalChange_result','string',0,'2017-03-27 16:15:09',NULL,NULL,NULL,'pass',NULL),('1788027','VariableUpdate','1788023','1788023',NULL,'1788025','projectManager','string',0,'2017-03-27 16:24:37',NULL,NULL,NULL,'55',NULL),('1788029','VariableUpdate','1788023','1788023',NULL,'1788025','officerGroup','string',0,'2017-03-27 16:24:37',NULL,NULL,NULL,'',NULL),('1788031','VariableUpdate','1788023','1788023',NULL,'1788025','committee','null',0,'2017-03-27 16:24:37',NULL,NULL,NULL,NULL,NULL),('1788033','VariableUpdate','1788023','1788023',NULL,'1788025','officer','string',0,'2017-03-27 16:24:37',NULL,NULL,NULL,'59',NULL),('1788035','VariableUpdate','1788023','1788023',NULL,'1788025','departLeaderGroup','string',0,'2017-03-27 16:24:37',NULL,NULL,NULL,'16',NULL),('1788037','VariableUpdate','1788023','1788023',NULL,'1788025','submitMonthlyReport_result','string',0,'2017-03-27 16:24:37',NULL,NULL,NULL,'reject',NULL),('1788039','VariableUpdate','1788023','1788023',NULL,'1788025','committees','string',0,'2017-03-27 16:24:37',NULL,NULL,NULL,'6,58',NULL),('1788041','VariableUpdate','1788023','1788023',NULL,'1788025','departLeader','null',0,'2017-03-27 16:24:37',NULL,NULL,NULL,NULL,NULL),('1788043','VariableUpdate','1788023','1788023',NULL,'1788025','officerApproval_result','string',0,'2017-03-27 16:24:37',NULL,NULL,NULL,'pass',NULL),('1788045','VariableUpdate','1788023','1788023',NULL,'1788025','departleaderEndApproval_result','string',0,'2017-03-27 16:24:37',NULL,NULL,NULL,'reject',NULL),('1788047','VariableUpdate','1788023','1788023',NULL,'1788025','committeeGroup','string',0,'2017-03-27 16:24:37',NULL,NULL,NULL,'',NULL),('1788049','VariableUpdate','1788023','1788023',NULL,'1788025','ChangeServiceId','string',0,'2017-03-27 16:24:37',NULL,NULL,NULL,'201703271624372282',NULL),('1788058','VariableUpdate','1788023','1788023',NULL,'1788050','committeeApprovalChange_result','string',0,'2017-03-27 16:33:41',NULL,NULL,NULL,'reject',NULL),('1788064','VariableUpdate','1788023','1788023',NULL,'1788061','modifyChange_result','string',0,'2017-03-27 16:43:55',NULL,NULL,NULL,'reject',NULL),('1788071','VariableUpdate','1788067','1788067',NULL,'1788069','projectManager','string',0,'2017-03-27 16:45:23',NULL,NULL,NULL,'55',NULL),('1788073','VariableUpdate','1788067','1788067',NULL,'1788069','officerGroup','string',0,'2017-03-27 16:45:23',NULL,NULL,NULL,'',NULL),('1788075','VariableUpdate','1788067','1788067',NULL,'1788069','committee','null',0,'2017-03-27 16:45:23',NULL,NULL,NULL,NULL,NULL),('1788077','VariableUpdate','1788067','1788067',NULL,'1788069','officer','string',0,'2017-03-27 16:45:23',NULL,NULL,NULL,'59',NULL),('1788079','VariableUpdate','1788067','1788067',NULL,'1788069','departLeaderGroup','string',0,'2017-03-27 16:45:23',NULL,NULL,NULL,'16',NULL),('1788081','VariableUpdate','1788067','1788067',NULL,'1788069','submitMonthlyReport_result','string',0,'2017-03-27 16:45:23',NULL,NULL,NULL,'reject',NULL),('1788083','VariableUpdate','1788067','1788067',NULL,'1788069','committees','string',0,'2017-03-27 16:45:23',NULL,NULL,NULL,'6,58',NULL),('1788085','VariableUpdate','1788067','1788067',NULL,'1788069','departLeader','null',0,'2017-03-27 16:45:23',NULL,NULL,NULL,NULL,NULL),('1788087','VariableUpdate','1788067','1788067',NULL,'1788069','officerApproval_result','string',0,'2017-03-27 16:45:23',NULL,NULL,NULL,'pass',NULL),('1788089','VariableUpdate','1788067','1788067',NULL,'1788069','departleaderEndApproval_result','string',0,'2017-03-27 16:45:23',NULL,NULL,NULL,'reject',NULL),('1788091','VariableUpdate','1788067','1788067',NULL,'1788069','committeeGroup','string',0,'2017-03-27 16:45:23',NULL,NULL,NULL,'',NULL),('1788093','VariableUpdate','1788067','1788067',NULL,'1788069','ChangeServiceId','string',0,'2017-03-27 16:45:23',NULL,NULL,NULL,'201703271645232284',NULL),('1788102','VariableUpdate','1788067','1788067',NULL,'1788094','committeeApprovalChange_result','string',0,'2017-03-27 16:46:58',NULL,NULL,NULL,'reject',NULL),('1788108','VariableUpdate','1788067','1788067',NULL,'1788105','modifyChange_result','string',0,'2017-03-27 16:49:40',NULL,NULL,NULL,'pass',NULL),('1788115','VariableUpdate','1788067','1788067',NULL,'1788110','committeeApprovalChange_result','string',1,'2017-03-27 16:51:14',NULL,NULL,NULL,'pass',NULL),('1788123','VariableUpdate','1788067','1788067',NULL,'1788118','departleaderApprovalChange_result','string',0,'2017-03-27 16:52:22',NULL,NULL,NULL,'reject',NULL),('1788127','VariableUpdate','1788067','1788067',NULL,'1788125','modifyChange_result','string',1,'2017-03-27 16:53:15',NULL,NULL,NULL,'pass',NULL),('1788134','VariableUpdate','1788067','1788067',NULL,'1788129','committeeApprovalChange_result','string',2,'2017-03-27 16:56:12',NULL,NULL,NULL,'pass',NULL),('1788141','VariableUpdate','1787931','1787931',NULL,'1788003','committeeApproval_result','string',0,'2017-03-27 16:57:15',NULL,NULL,NULL,'pass',NULL),('1788142','VariableUpdate','1787931','1787931',NULL,'1788003','projectManager','string',1,'2017-03-27 16:57:15',NULL,NULL,NULL,'55',NULL),('1788143','VariableUpdate','1787931','1787931',NULL,'1788003','officerGroup','string',2,'2017-03-27 16:57:15',NULL,NULL,NULL,'',NULL),('1788144','VariableUpdate','1787931','1787931',NULL,'1788003','committee','string',1,'2017-03-27 16:57:15',NULL,NULL,NULL,'58',NULL),('1788145','VariableUpdate','1787931','1787931',NULL,'1788003','committeeApproval_result','string',0,'2017-03-27 16:57:15',NULL,NULL,NULL,'pass',NULL),('1788146','VariableUpdate','1787931','1787931',NULL,'1788003','officer','string',2,'2017-03-27 16:57:15',NULL,NULL,NULL,'59',NULL),('1788147','VariableUpdate','1787931','1787931',NULL,'1788003','departLeaderGroup','string',1,'2017-03-27 16:57:15',NULL,NULL,NULL,'16',NULL),('1788148','VariableUpdate','1787931','1787931',NULL,'1788003','submitMonthlyReport_result','string',1,'2017-03-27 16:57:15',NULL,NULL,NULL,'reject',NULL),('1788149','VariableUpdate','1787931','1787931',NULL,'1788003','committees','string',2,'2017-03-27 16:57:15',NULL,NULL,NULL,'',NULL),('1788150','VariableUpdate','1787931','1787931',NULL,'1788003','departLeader','null',1,'2017-03-27 16:57:15',NULL,NULL,NULL,NULL,NULL),('1788151','VariableUpdate','1787931','1787931',NULL,'1788003','officerApproval_result','string',1,'2017-03-27 16:57:15',NULL,NULL,NULL,'pass',NULL),('1788152','VariableUpdate','1787931','1787931',NULL,'1788003','departleaderEndApproval_result','string',1,'2017-03-27 16:57:15',NULL,NULL,NULL,'reject',NULL),('1788153','VariableUpdate','1787931','1787931',NULL,'1788003','committeeGroup','string',2,'2017-03-27 16:57:15',NULL,NULL,NULL,'',NULL),('1788158','VariableUpdate','1788067','1788067',NULL,'1788137','departleaderApprovalChange_result','string',1,'2017-03-27 16:59:16',NULL,NULL,NULL,'pass',NULL),('1788163','VariableUpdate','1787931','1787931',NULL,'1788155','cycleTime','string',0,'2017-03-27 16:59:25',NULL,NULL,NULL,'PT2M',NULL),('1788165','VariableUpdate','1787931','1787931',NULL,'1788155','departleaderApproval_result','string',0,'2017-03-27 16:59:25',NULL,NULL,NULL,'pass',NULL),('1788166','VariableUpdate','1787931','1787931',NULL,'1788155','projectManager','string',1,'2017-03-27 16:59:25',NULL,NULL,NULL,'55',NULL),('1788167','VariableUpdate','1787931','1787931',NULL,'1788155','officerGroup','string',2,'2017-03-27 16:59:25',NULL,NULL,NULL,'',NULL),('1788168','VariableUpdate','1787931','1787931',NULL,'1788155','committee','string',2,'2017-03-27 16:59:25',NULL,NULL,NULL,'58',NULL),('1788169','VariableUpdate','1787931','1787931',NULL,'1788155','cycleTime','string',0,'2017-03-27 16:59:25',NULL,NULL,NULL,'PT2M',NULL),('1788170','VariableUpdate','1787931','1787931',NULL,'1788155','officer','string',2,'2017-03-27 16:59:25',NULL,NULL,NULL,'59',NULL),('1788171','VariableUpdate','1787931','1787931',NULL,'1788155','departLeaderGroup','string',1,'2017-03-27 16:59:25',NULL,NULL,NULL,'',NULL),('1788172','VariableUpdate','1787931','1787931',NULL,'1788155','committees','string',3,'2017-03-27 16:59:25',NULL,NULL,NULL,'',NULL),('1788173','VariableUpdate','1787931','1787931',NULL,'1788155','departLeader','string',1,'2017-03-27 16:59:25',NULL,NULL,NULL,'53',NULL),('1788174','VariableUpdate','1787931','1787931',NULL,'1788155','officerApproval_result','string',1,'2017-03-27 16:59:25',NULL,NULL,NULL,'pass',NULL),('1788175','VariableUpdate','1787931','1787931',NULL,'1788155','departleaderEndApproval_result','string',1,'2017-03-27 16:59:25',NULL,NULL,NULL,'reject',NULL),('1788176','VariableUpdate','1787931','1787931',NULL,'1788155','departleaderApproval_result','string',0,'2017-03-27 16:59:25',NULL,NULL,NULL,'pass',NULL),('1788177','VariableUpdate','1787931','1787931',NULL,'1788155','committeeGroup','string',2,'2017-03-27 16:59:25',NULL,NULL,NULL,'',NULL),('1788178','VariableUpdate','1787931','1787931',NULL,'1788155','committeeApproval_result','string',1,'2017-03-27 16:59:25',NULL,NULL,NULL,'pass',NULL),('1788179','VariableUpdate','1787931','1787931',NULL,'1788155','submitMonthlyReport_result','string',1,'2017-03-27 16:59:25',NULL,NULL,NULL,'reject',NULL),('1788194','VariableUpdate','1788190','1788190',NULL,'1788192','projectManager','string',0,'2017-03-27 19:35:41',NULL,NULL,NULL,'57',NULL),('1788196','VariableUpdate','1788190','1788190',NULL,'1788192','officerGroup','string',0,'2017-03-27 19:35:41',NULL,NULL,NULL,'15',NULL),('1788198','VariableUpdate','1788190','1788190',NULL,'1788192','committee','null',0,'2017-03-27 19:35:41',NULL,NULL,NULL,NULL,NULL),('1788200','VariableUpdate','1788190','1788190',NULL,'1788192','officer','null',0,'2017-03-27 19:35:41',NULL,NULL,NULL,NULL,NULL),('1788202','VariableUpdate','1788190','1788190',NULL,'1788192','departLeaderGroup','string',0,'2017-03-27 19:35:41',NULL,NULL,NULL,'',NULL),('1788204','VariableUpdate','1788190','1788190',NULL,'1788192','submitMonthlyReport_result','string',0,'2017-03-27 19:35:41',NULL,NULL,NULL,'reject',NULL),('1788206','VariableUpdate','1788190','1788190',NULL,'1788192','committees','string',0,'2017-03-27 19:35:41',NULL,NULL,NULL,'',NULL),('1788208','VariableUpdate','1788190','1788190',NULL,'1788192','departLeader','string',0,'2017-03-27 19:35:41',NULL,NULL,NULL,'53',NULL),('1788210','VariableUpdate','1788190','1788190',NULL,'1788192','departleaderEndApproval_result','string',0,'2017-03-27 19:35:41',NULL,NULL,NULL,'reject',NULL),('1788212','VariableUpdate','1788190','1788190',NULL,'1788192','committeeGroup','string',0,'2017-03-27 19:35:41',NULL,NULL,NULL,'17',NULL),('1788218','VariableUpdate','1788190','1788190',NULL,'1788213','officerApproval_result','string',0,'2017-03-27 19:37:12',NULL,NULL,NULL,'pass',NULL),('1788219','VariableUpdate','1788190','1788190',NULL,'1788213','committees','string',1,'2017-03-27 19:37:12',NULL,NULL,NULL,'6,58',NULL),('1788220','VariableUpdate','1788190','1788190',NULL,'1788213','committeeGroup','string',1,'2017-03-27 19:37:12',NULL,NULL,NULL,'',NULL),('1788221','VariableUpdate','1788190','1788190',NULL,'1788213','projectManager','string',1,'2017-03-27 19:37:12',NULL,NULL,NULL,'57',NULL),('1788222','VariableUpdate','1788190','1788190',NULL,'1788213','officerGroup','string',1,'2017-03-27 19:37:12',NULL,NULL,NULL,'',NULL),('1788223','VariableUpdate','1788190','1788190',NULL,'1788213','committee','null',1,'2017-03-27 19:37:12',NULL,NULL,NULL,NULL,NULL),('1788224','VariableUpdate','1788190','1788190',NULL,'1788213','officer','string',1,'2017-03-27 19:37:12',NULL,NULL,NULL,'59',NULL),('1788225','VariableUpdate','1788190','1788190',NULL,'1788213','departLeaderGroup','string',1,'2017-03-27 19:37:12',NULL,NULL,NULL,'',NULL),('1788226','VariableUpdate','1788190','1788190',NULL,'1788213','submitMonthlyReport_result','string',1,'2017-03-27 19:37:12',NULL,NULL,NULL,'reject',NULL),('1788227','VariableUpdate','1788190','1788190',NULL,'1788213','committees','string',1,'2017-03-27 19:37:12',NULL,NULL,NULL,'6,58',NULL),('1788228','VariableUpdate','1788190','1788190',NULL,'1788213','departLeader','string',1,'2017-03-27 19:37:12',NULL,NULL,NULL,'53',NULL),('1788229','VariableUpdate','1788190','1788190',NULL,'1788213','officerApproval_result','string',0,'2017-03-27 19:37:12',NULL,NULL,NULL,'pass',NULL),('1788230','VariableUpdate','1788190','1788190',NULL,'1788213','departleaderEndApproval_result','string',1,'2017-03-27 19:37:12',NULL,NULL,NULL,'reject',NULL),('1788231','VariableUpdate','1788190','1788190',NULL,'1788213','committeeGroup','string',1,'2017-03-27 19:37:12',NULL,NULL,NULL,'',NULL),('1788240','VariableUpdate','1788190','1788190',NULL,'1788232','committeeApproval_result','string',0,'2017-03-27 19:38:30',NULL,NULL,NULL,'pass',NULL),('1788241','VariableUpdate','1788190','1788190',NULL,'1788232','projectManager','string',1,'2017-03-27 19:38:30',NULL,NULL,NULL,'57',NULL),('1788242','VariableUpdate','1788190','1788190',NULL,'1788232','officerGroup','string',2,'2017-03-27 19:38:30',NULL,NULL,NULL,'',NULL),('1788243','VariableUpdate','1788190','1788190',NULL,'1788232','committee','string',1,'2017-03-27 19:38:30',NULL,NULL,NULL,'58',NULL),('1788244','VariableUpdate','1788190','1788190',NULL,'1788232','committeeApproval_result','string',0,'2017-03-27 19:38:30',NULL,NULL,NULL,'pass',NULL),('1788245','VariableUpdate','1788190','1788190',NULL,'1788232','officer','string',2,'2017-03-27 19:38:30',NULL,NULL,NULL,'59',NULL),('1788246','VariableUpdate','1788190','1788190',NULL,'1788232','departLeaderGroup','string',1,'2017-03-27 19:38:30',NULL,NULL,NULL,'',NULL),('1788247','VariableUpdate','1788190','1788190',NULL,'1788232','submitMonthlyReport_result','string',1,'2017-03-27 19:38:30',NULL,NULL,NULL,'reject',NULL),('1788248','VariableUpdate','1788190','1788190',NULL,'1788232','committees','string',2,'2017-03-27 19:38:30',NULL,NULL,NULL,'',NULL),('1788249','VariableUpdate','1788190','1788190',NULL,'1788232','departLeader','string',1,'2017-03-27 19:38:30',NULL,NULL,NULL,'53',NULL),('1788250','VariableUpdate','1788190','1788190',NULL,'1788232','officerApproval_result','string',1,'2017-03-27 19:38:30',NULL,NULL,NULL,'pass',NULL),('1788251','VariableUpdate','1788190','1788190',NULL,'1788232','departleaderEndApproval_result','string',1,'2017-03-27 19:38:30',NULL,NULL,NULL,'reject',NULL),('1788252','VariableUpdate','1788190','1788190',NULL,'1788232','committeeGroup','string',2,'2017-03-27 19:38:30',NULL,NULL,NULL,'',NULL),('1788259','VariableUpdate','1788190','1788190',NULL,'1788254','cycleTime','string',0,'2017-03-27 19:42:09',NULL,NULL,NULL,'PT2M',NULL),('1788261','VariableUpdate','1788190','1788190',NULL,'1788254','departleaderApproval_result','string',0,'2017-03-27 19:42:09',NULL,NULL,NULL,'pass',NULL),('1788262','VariableUpdate','1788190','1788190',NULL,'1788254','projectManager','string',1,'2017-03-27 19:42:09',NULL,NULL,NULL,'57',NULL),('1788263','VariableUpdate','1788190','1788190',NULL,'1788254','officerGroup','string',2,'2017-03-27 19:42:09',NULL,NULL,NULL,'',NULL),('1788264','VariableUpdate','1788190','1788190',NULL,'1788254','committee','string',2,'2017-03-27 19:42:09',NULL,NULL,NULL,'58',NULL),('1788265','VariableUpdate','1788190','1788190',NULL,'1788254','cycleTime','string',0,'2017-03-27 19:42:09',NULL,NULL,NULL,'PT2M',NULL),('1788266','VariableUpdate','1788190','1788190',NULL,'1788254','officer','string',2,'2017-03-27 19:42:09',NULL,NULL,NULL,'59',NULL),('1788267','VariableUpdate','1788190','1788190',NULL,'1788254','departLeaderGroup','string',1,'2017-03-27 19:42:09',NULL,NULL,NULL,'',NULL),('1788268','VariableUpdate','1788190','1788190',NULL,'1788254','committees','string',3,'2017-03-27 19:42:09',NULL,NULL,NULL,'',NULL),('1788269','VariableUpdate','1788190','1788190',NULL,'1788254','departLeader','string',1,'2017-03-27 19:42:09',NULL,NULL,NULL,'53',NULL),('1788270','VariableUpdate','1788190','1788190',NULL,'1788254','officerApproval_result','string',1,'2017-03-27 19:42:09',NULL,NULL,NULL,'pass',NULL),('1788271','VariableUpdate','1788190','1788190',NULL,'1788254','departleaderEndApproval_result','string',1,'2017-03-27 19:42:09',NULL,NULL,NULL,'reject',NULL),('1788272','VariableUpdate','1788190','1788190',NULL,'1788254','departleaderApproval_result','string',0,'2017-03-27 19:42:09',NULL,NULL,NULL,'pass',NULL),('1788273','VariableUpdate','1788190','1788190',NULL,'1788254','committeeGroup','string',2,'2017-03-27 19:42:09',NULL,NULL,NULL,'',NULL),('1788274','VariableUpdate','1788190','1788190',NULL,'1788254','committeeApproval_result','string',1,'2017-03-27 19:42:09',NULL,NULL,NULL,'pass',NULL),('1788275','VariableUpdate','1788190','1788190',NULL,'1788254','submitMonthlyReport_result','string',1,'2017-03-27 19:42:09',NULL,NULL,NULL,'reject',NULL),('1788290','VariableUpdate','1788286','1788286',NULL,'1788288','projectManager','string',0,'2017-03-27 19:48:09',NULL,NULL,NULL,'57',NULL),('1788292','VariableUpdate','1788286','1788286',NULL,'1788288','officerGroup','string',0,'2017-03-27 19:48:09',NULL,NULL,NULL,'15',NULL),('1788294','VariableUpdate','1788286','1788286',NULL,'1788288','committee','null',0,'2017-03-27 19:48:09',NULL,NULL,NULL,NULL,NULL),('1788296','VariableUpdate','1788286','1788286',NULL,'1788288','officer','null',0,'2017-03-27 19:48:09',NULL,NULL,NULL,NULL,NULL),('1788298','VariableUpdate','1788286','1788286',NULL,'1788288','departLeaderGroup','string',0,'2017-03-27 19:48:09',NULL,NULL,NULL,'',NULL),('1788300','VariableUpdate','1788286','1788286',NULL,'1788288','submitMonthlyReport_result','string',0,'2017-03-27 19:48:09',NULL,NULL,NULL,'reject',NULL),('1788302','VariableUpdate','1788286','1788286',NULL,'1788288','committees','string',0,'2017-03-27 19:48:09',NULL,NULL,NULL,'',NULL),('1788304','VariableUpdate','1788286','1788286',NULL,'1788288','departLeader','string',0,'2017-03-27 19:48:09',NULL,NULL,NULL,'53',NULL),('1788306','VariableUpdate','1788286','1788286',NULL,'1788288','departleaderEndApproval_result','string',0,'2017-03-27 19:48:09',NULL,NULL,NULL,'reject',NULL),('1788308','VariableUpdate','1788286','1788286',NULL,'1788288','committeeGroup','string',0,'2017-03-27 19:48:09',NULL,NULL,NULL,'17',NULL),('1788314','VariableUpdate','1788286','1788286',NULL,'1788309','officerApproval_result','string',0,'2017-03-27 19:49:10',NULL,NULL,NULL,'pass',NULL),('1788315','VariableUpdate','1788286','1788286',NULL,'1788309','committees','string',1,'2017-03-27 19:49:10',NULL,NULL,NULL,'6,58',NULL),('1788316','VariableUpdate','1788286','1788286',NULL,'1788309','committeeGroup','string',1,'2017-03-27 19:49:10',NULL,NULL,NULL,'',NULL),('1788317','VariableUpdate','1788286','1788286',NULL,'1788309','projectManager','string',1,'2017-03-27 19:49:10',NULL,NULL,NULL,'57',NULL),('1788318','VariableUpdate','1788286','1788286',NULL,'1788309','officerGroup','string',1,'2017-03-27 19:49:10',NULL,NULL,NULL,'',NULL),('1788319','VariableUpdate','1788286','1788286',NULL,'1788309','committee','null',1,'2017-03-27 19:49:10',NULL,NULL,NULL,NULL,NULL),('1788320','VariableUpdate','1788286','1788286',NULL,'1788309','officer','string',1,'2017-03-27 19:49:10',NULL,NULL,NULL,'59',NULL),('1788321','VariableUpdate','1788286','1788286',NULL,'1788309','departLeaderGroup','string',1,'2017-03-27 19:49:10',NULL,NULL,NULL,'',NULL),('1788322','VariableUpdate','1788286','1788286',NULL,'1788309','submitMonthlyReport_result','string',1,'2017-03-27 19:49:10',NULL,NULL,NULL,'reject',NULL),('1788323','VariableUpdate','1788286','1788286',NULL,'1788309','committees','string',1,'2017-03-27 19:49:10',NULL,NULL,NULL,'6,58',NULL),('1788324','VariableUpdate','1788286','1788286',NULL,'1788309','departLeader','string',1,'2017-03-27 19:49:10',NULL,NULL,NULL,'53',NULL),('1788325','VariableUpdate','1788286','1788286',NULL,'1788309','officerApproval_result','string',0,'2017-03-27 19:49:10',NULL,NULL,NULL,'pass',NULL),('1788326','VariableUpdate','1788286','1788286',NULL,'1788309','departleaderEndApproval_result','string',1,'2017-03-27 19:49:10',NULL,NULL,NULL,'reject',NULL),('1788327','VariableUpdate','1788286','1788286',NULL,'1788309','committeeGroup','string',1,'2017-03-27 19:49:10',NULL,NULL,NULL,'',NULL),('1788337','VariableUpdate','1788286','1788286',NULL,'1788329','committeeApproval_result','string',0,'2017-03-27 19:52:21',NULL,NULL,NULL,'pass',NULL),('1788338','VariableUpdate','1788286','1788286',NULL,'1788329','projectManager','string',1,'2017-03-27 19:52:21',NULL,NULL,NULL,'57',NULL),('1788339','VariableUpdate','1788286','1788286',NULL,'1788329','officerGroup','string',2,'2017-03-27 19:52:21',NULL,NULL,NULL,'',NULL),('1788340','VariableUpdate','1788286','1788286',NULL,'1788329','committee','string',1,'2017-03-27 19:52:21',NULL,NULL,NULL,'58',NULL),('1788341','VariableUpdate','1788286','1788286',NULL,'1788329','committeeApproval_result','string',0,'2017-03-27 19:52:21',NULL,NULL,NULL,'pass',NULL),('1788342','VariableUpdate','1788286','1788286',NULL,'1788329','officer','string',2,'2017-03-27 19:52:21',NULL,NULL,NULL,'59',NULL),('1788343','VariableUpdate','1788286','1788286',NULL,'1788329','departLeaderGroup','string',1,'2017-03-27 19:52:21',NULL,NULL,NULL,'',NULL),('1788344','VariableUpdate','1788286','1788286',NULL,'1788329','submitMonthlyReport_result','string',1,'2017-03-27 19:52:21',NULL,NULL,NULL,'reject',NULL),('1788345','VariableUpdate','1788286','1788286',NULL,'1788329','committees','string',2,'2017-03-27 19:52:21',NULL,NULL,NULL,'',NULL),('1788346','VariableUpdate','1788286','1788286',NULL,'1788329','departLeader','string',1,'2017-03-27 19:52:21',NULL,NULL,NULL,'53',NULL),('1788347','VariableUpdate','1788286','1788286',NULL,'1788329','officerApproval_result','string',1,'2017-03-27 19:52:21',NULL,NULL,NULL,'pass',NULL),('1788348','VariableUpdate','1788286','1788286',NULL,'1788329','departleaderEndApproval_result','string',1,'2017-03-27 19:52:21',NULL,NULL,NULL,'reject',NULL),('1788349','VariableUpdate','1788286','1788286',NULL,'1788329','committeeGroup','string',2,'2017-03-27 19:52:21',NULL,NULL,NULL,'',NULL),('1788356','VariableUpdate','1788286','1788286',NULL,'1788351','cycleTime','string',0,'2017-03-27 19:52:53',NULL,NULL,NULL,'PT2M',NULL),('1788358','VariableUpdate','1788286','1788286',NULL,'1788351','departleaderApproval_result','string',0,'2017-03-27 19:52:53',NULL,NULL,NULL,'pass',NULL),('1788359','VariableUpdate','1788286','1788286',NULL,'1788351','projectManager','string',1,'2017-03-27 19:52:53',NULL,NULL,NULL,'57',NULL),('1788360','VariableUpdate','1788286','1788286',NULL,'1788351','officerGroup','string',2,'2017-03-27 19:52:53',NULL,NULL,NULL,'',NULL),('1788361','VariableUpdate','1788286','1788286',NULL,'1788351','committee','string',2,'2017-03-27 19:52:53',NULL,NULL,NULL,'58',NULL),('1788362','VariableUpdate','1788286','1788286',NULL,'1788351','cycleTime','string',0,'2017-03-27 19:52:53',NULL,NULL,NULL,'PT2M',NULL),('1788363','VariableUpdate','1788286','1788286',NULL,'1788351','officer','string',2,'2017-03-27 19:52:53',NULL,NULL,NULL,'59',NULL),('1788364','VariableUpdate','1788286','1788286',NULL,'1788351','departLeaderGroup','string',1,'2017-03-27 19:52:53',NULL,NULL,NULL,'',NULL),('1788365','VariableUpdate','1788286','1788286',NULL,'1788351','committees','string',3,'2017-03-27 19:52:53',NULL,NULL,NULL,'',NULL),('1788366','VariableUpdate','1788286','1788286',NULL,'1788351','departLeader','string',1,'2017-03-27 19:52:53',NULL,NULL,NULL,'53',NULL),('1788367','VariableUpdate','1788286','1788286',NULL,'1788351','officerApproval_result','string',1,'2017-03-27 19:52:53',NULL,NULL,NULL,'pass',NULL),('1788368','VariableUpdate','1788286','1788286',NULL,'1788351','departleaderEndApproval_result','string',1,'2017-03-27 19:52:53',NULL,NULL,NULL,'reject',NULL),('1788369','VariableUpdate','1788286','1788286',NULL,'1788351','departleaderApproval_result','string',0,'2017-03-27 19:52:53',NULL,NULL,NULL,'pass',NULL),('1788370','VariableUpdate','1788286','1788286',NULL,'1788351','committeeGroup','string',2,'2017-03-27 19:52:53',NULL,NULL,NULL,'',NULL),('1788371','VariableUpdate','1788286','1788286',NULL,'1788351','committeeApproval_result','string',1,'2017-03-27 19:52:53',NULL,NULL,NULL,'pass',NULL),('1788372','VariableUpdate','1788286','1788286',NULL,'1788351','submitMonthlyReport_result','string',1,'2017-03-27 19:52:53',NULL,NULL,NULL,'reject',NULL),('1788384','VariableUpdate','1788286','1788286',NULL,NULL,'submitMonthlyCheck_result','string',0,'2017-03-27 19:54:39',NULL,NULL,NULL,'pass',NULL),('1788386','VariableUpdate','1788286','1788286',NULL,'1697729','submitMonthlyReport_result','string',1,'2017-03-27 19:58:37',NULL,NULL,NULL,'pass',NULL),('1788393','VariableUpdate','1788286','1788286',NULL,NULL,'pmSubmitMIdMaterial_result','string',0,'2017-03-27 19:58:51',NULL,NULL,NULL,'pass',NULL),('1788394','VariableUpdate','1788286','1788286',NULL,'1788377','projectManager','string',1,'2017-03-27 19:58:51',NULL,NULL,NULL,'57',NULL),('1788395','VariableUpdate','1788286','1788286',NULL,'1788377','officerGroup','string',2,'2017-03-27 19:58:51',NULL,NULL,NULL,'',NULL),('1788396','VariableUpdate','1788286','1788286',NULL,'1788377','committee','string',2,'2017-03-27 19:58:51',NULL,NULL,NULL,'58',NULL),('1788397','VariableUpdate','1788286','1788286',NULL,'1788377','cycleTime','string',1,'2017-03-27 19:58:51',NULL,NULL,NULL,'PT2M',NULL),('1788398','VariableUpdate','1788286','1788286',NULL,'1788377','officer','string',2,'2017-03-27 19:58:51',NULL,NULL,NULL,'59',NULL),('1788399','VariableUpdate','1788286','1788286',NULL,'1788377','pmSubmitMIdMaterial_result','string',0,'2017-03-27 19:58:51',NULL,NULL,NULL,'pass',NULL),('1788400','VariableUpdate','1788286','1788286',NULL,'1788377','departLeaderGroup','string',1,'2017-03-27 19:58:51',NULL,NULL,NULL,'',NULL),('1788401','VariableUpdate','1788286','1788286',NULL,'1788377','committees','string',3,'2017-03-27 19:58:51',NULL,NULL,NULL,'',NULL),('1788402','VariableUpdate','1788286','1788286',NULL,'1788377','departLeader','string',1,'2017-03-27 19:58:51',NULL,NULL,NULL,'53',NULL),('1788403','VariableUpdate','1788286','1788286',NULL,'1788377','officerApproval_result','string',1,'2017-03-27 19:58:51',NULL,NULL,NULL,'pass',NULL),('1788404','VariableUpdate','1788286','1788286',NULL,'1788377','departleaderEndApproval_result','string',1,'2017-03-27 19:58:51',NULL,NULL,NULL,'reject',NULL),('1788405','VariableUpdate','1788286','1788286',NULL,'1788377','departleaderApproval_result','string',1,'2017-03-27 19:58:51',NULL,NULL,NULL,'pass',NULL),('1788406','VariableUpdate','1788286','1788286',NULL,'1788377','committeeGroup','string',2,'2017-03-27 19:58:51',NULL,NULL,NULL,'',NULL),('1788407','VariableUpdate','1788286','1788286',NULL,'1788377','committeeApproval_result','string',1,'2017-03-27 19:58:51',NULL,NULL,NULL,'pass',NULL),('1788408','VariableUpdate','1788286','1788286',NULL,'1788377','submitMonthlyReport_result','string',3,'2017-03-27 19:58:51',NULL,NULL,NULL,'reject',NULL),('1788409','VariableUpdate','1788286','1788286',NULL,'1788377','submitMonthlyCheck_result','string',1,'2017-03-27 19:58:51',NULL,NULL,NULL,'pass',NULL),('1788414','VariableUpdate','1788286','1788286',NULL,NULL,'DispatcherMidMaster_result','string',0,'2017-03-27 19:59:22',NULL,NULL,NULL,'pass',NULL),('1788415','VariableUpdate','1788286','1788286',NULL,'1788410','projectManager','string',1,'2017-03-27 19:59:22',NULL,NULL,NULL,'57',NULL),('1788416','VariableUpdate','1788286','1788286',NULL,'1788410','officerGroup','string',2,'2017-03-27 19:59:22',NULL,NULL,NULL,'',NULL),('1788417','VariableUpdate','1788286','1788286',NULL,'1788410','committee','string',2,'2017-03-27 19:59:22',NULL,NULL,NULL,'58',NULL),('1788418','VariableUpdate','1788286','1788286',NULL,'1788410','cycleTime','string',1,'2017-03-27 19:59:22',NULL,NULL,NULL,'PT2M',NULL),('1788419','VariableUpdate','1788286','1788286',NULL,'1788410','officer','string',2,'2017-03-27 19:59:22',NULL,NULL,NULL,'59',NULL),('1788420','VariableUpdate','1788286','1788286',NULL,'1788410','pmSubmitMIdMaterial_result','string',1,'2017-03-27 19:59:22',NULL,NULL,NULL,'pass',NULL),('1788421','VariableUpdate','1788286','1788286',NULL,'1788410','departLeaderGroup','string',1,'2017-03-27 19:59:22',NULL,NULL,NULL,'',NULL),('1788422','VariableUpdate','1788286','1788286',NULL,'1788410','committees','string',3,'2017-03-27 19:59:22',NULL,NULL,NULL,'',NULL),('1788423','VariableUpdate','1788286','1788286',NULL,'1788410','departLeader','string',1,'2017-03-27 19:59:22',NULL,NULL,NULL,'53',NULL),('1788424','VariableUpdate','1788286','1788286',NULL,'1788410','officerApproval_result','string',1,'2017-03-27 19:59:22',NULL,NULL,NULL,'pass',NULL),('1788425','VariableUpdate','1788286','1788286',NULL,'1788410','departleaderEndApproval_result','string',1,'2017-03-27 19:59:22',NULL,NULL,NULL,'reject',NULL),('1788426','VariableUpdate','1788286','1788286',NULL,'1788410','departleaderApproval_result','string',1,'2017-03-27 19:59:22',NULL,NULL,NULL,'pass',NULL),('1788427','VariableUpdate','1788286','1788286',NULL,'1788410','committeeGroup','string',2,'2017-03-27 19:59:22',NULL,NULL,NULL,'',NULL),('1788428','VariableUpdate','1788286','1788286',NULL,'1788410','committeeApproval_result','string',1,'2017-03-27 19:59:22',NULL,NULL,NULL,'pass',NULL),('1788429','VariableUpdate','1788286','1788286',NULL,'1788410','DispatcherMidMaster_result','string',0,'2017-03-27 19:59:22',NULL,NULL,NULL,'pass',NULL),('1788430','VariableUpdate','1788286','1788286',NULL,'1788410','submitMonthlyReport_result','string',3,'2017-03-27 19:59:22',NULL,NULL,NULL,'reject',NULL),('1788431','VariableUpdate','1788286','1788286',NULL,'1788410','submitMonthlyCheck_result','string',1,'2017-03-27 19:59:22',NULL,NULL,NULL,'pass',NULL),('1788434','VariableUpdate','1788286','1788286',NULL,'1697739','submitMonthlyReport_result','string',3,'2017-03-27 20:00:14',NULL,NULL,NULL,'pass',NULL),('1788437','VariableUpdate','1788286','1788286',NULL,NULL,'midApprovalReport_result','string',0,'2017-03-27 20:00:21',NULL,NULL,NULL,'pass',NULL),('1788438','VariableUpdate','1788286','1788286',NULL,'1788432','projectManager','string',1,'2017-03-27 20:00:21',NULL,NULL,NULL,'57',NULL),('1788439','VariableUpdate','1788286','1788286',NULL,'1788432','officerGroup','string',2,'2017-03-27 20:00:21',NULL,NULL,NULL,'',NULL),('1788440','VariableUpdate','1788286','1788286',NULL,'1788432','committee','string',2,'2017-03-27 20:00:21',NULL,NULL,NULL,'58',NULL),('1788441','VariableUpdate','1788286','1788286',NULL,'1788432','cycleTime','string',1,'2017-03-27 20:00:21',NULL,NULL,NULL,'PT2M',NULL),('1788442','VariableUpdate','1788286','1788286',NULL,'1788432','officer','string',2,'2017-03-27 20:00:21',NULL,NULL,NULL,'59',NULL),('1788443','VariableUpdate','1788286','1788286',NULL,'1788432','pmSubmitMIdMaterial_result','string',1,'2017-03-27 20:00:21',NULL,NULL,NULL,'pass',NULL),('1788444','VariableUpdate','1788286','1788286',NULL,'1788432','departLeaderGroup','string',1,'2017-03-27 20:00:21',NULL,NULL,NULL,'',NULL),('1788445','VariableUpdate','1788286','1788286',NULL,'1788432','committees','string',3,'2017-03-27 20:00:21',NULL,NULL,NULL,'',NULL),('1788446','VariableUpdate','1788286','1788286',NULL,'1788432','departLeader','string',1,'2017-03-27 20:00:21',NULL,NULL,NULL,'53',NULL),('1788447','VariableUpdate','1788286','1788286',NULL,'1788432','officerApproval_result','string',1,'2017-03-27 20:00:21',NULL,NULL,NULL,'pass',NULL),('1788448','VariableUpdate','1788286','1788286',NULL,'1788432','departleaderEndApproval_result','string',1,'2017-03-27 20:00:21',NULL,NULL,NULL,'reject',NULL),('1788449','VariableUpdate','1788286','1788286',NULL,'1788432','departleaderApproval_result','string',1,'2017-03-27 20:00:21',NULL,NULL,NULL,'pass',NULL),('1788450','VariableUpdate','1788286','1788286',NULL,'1788432','committeeGroup','string',2,'2017-03-27 20:00:21',NULL,NULL,NULL,'',NULL),('1788451','VariableUpdate','1788286','1788286',NULL,'1788432','midApprovalReport_result','string',0,'2017-03-27 20:00:21',NULL,NULL,NULL,'pass',NULL),('1788452','VariableUpdate','1788286','1788286',NULL,'1788432','committeeApproval_result','string',1,'2017-03-27 20:00:21',NULL,NULL,NULL,'pass',NULL),('1788453','VariableUpdate','1788286','1788286',NULL,'1788432','DispatcherMidMaster_result','string',1,'2017-03-27 20:00:21',NULL,NULL,NULL,'pass',NULL),('1788454','VariableUpdate','1788286','1788286',NULL,'1788432','submitMonthlyReport_result','string',4,'2017-03-27 20:00:21',NULL,NULL,NULL,'pass',NULL),('1788455','VariableUpdate','1788286','1788286',NULL,'1788432','submitMonthlyCheck_result','string',1,'2017-03-27 20:00:21',NULL,NULL,NULL,'pass',NULL),('1788460','VariableUpdate','1788286','1788286',NULL,NULL,'inputMidGrade_result','string',0,'2017-03-27 20:00:48',NULL,NULL,NULL,'pass',NULL),('1788461','VariableUpdate','1788286','1788286',NULL,'1788456','projectManager','string',1,'2017-03-27 20:00:48',NULL,NULL,NULL,'57',NULL),('1788462','VariableUpdate','1788286','1788286',NULL,'1788456','officerGroup','string',2,'2017-03-27 20:00:48',NULL,NULL,NULL,'',NULL),('1788463','VariableUpdate','1788286','1788286',NULL,'1788456','committee','string',2,'2017-03-27 20:00:48',NULL,NULL,NULL,'58',NULL),('1788464','VariableUpdate','1788286','1788286',NULL,'1788456','cycleTime','string',1,'2017-03-27 20:00:48',NULL,NULL,NULL,'PT2M',NULL),('1788465','VariableUpdate','1788286','1788286',NULL,'1788456','officer','string',2,'2017-03-27 20:00:48',NULL,NULL,NULL,'59',NULL),('1788466','VariableUpdate','1788286','1788286',NULL,'1788456','pmSubmitMIdMaterial_result','string',1,'2017-03-27 20:00:48',NULL,NULL,NULL,'pass',NULL),('1788467','VariableUpdate','1788286','1788286',NULL,'1788456','departLeaderGroup','string',1,'2017-03-27 20:00:48',NULL,NULL,NULL,'',NULL),('1788468','VariableUpdate','1788286','1788286',NULL,'1788456','committees','string',3,'2017-03-27 20:00:48',NULL,NULL,NULL,'',NULL),('1788469','VariableUpdate','1788286','1788286',NULL,'1788456','departLeader','string',1,'2017-03-27 20:00:48',NULL,NULL,NULL,'53',NULL),('1788470','VariableUpdate','1788286','1788286',NULL,'1788456','officerApproval_result','string',1,'2017-03-27 20:00:48',NULL,NULL,NULL,'pass',NULL),('1788471','VariableUpdate','1788286','1788286',NULL,'1788456','inputMidGrade_result','string',0,'2017-03-27 20:00:48',NULL,NULL,NULL,'pass',NULL),('1788472','VariableUpdate','1788286','1788286',NULL,'1788456','departleaderEndApproval_result','string',1,'2017-03-27 20:00:48',NULL,NULL,NULL,'reject',NULL),('1788473','VariableUpdate','1788286','1788286',NULL,'1788456','departleaderApproval_result','string',1,'2017-03-27 20:00:48',NULL,NULL,NULL,'pass',NULL),('1788474','VariableUpdate','1788286','1788286',NULL,'1788456','committeeGroup','string',2,'2017-03-27 20:00:48',NULL,NULL,NULL,'',NULL),('1788475','VariableUpdate','1788286','1788286',NULL,'1788456','midApprovalReport_result','string',1,'2017-03-27 20:00:48',NULL,NULL,NULL,'pass',NULL),('1788476','VariableUpdate','1788286','1788286',NULL,'1788456','committeeApproval_result','string',1,'2017-03-27 20:00:48',NULL,NULL,NULL,'pass',NULL),('1788477','VariableUpdate','1788286','1788286',NULL,'1788456','DispatcherMidMaster_result','string',1,'2017-03-27 20:00:48',NULL,NULL,NULL,'pass',NULL),('1788478','VariableUpdate','1788286','1788286',NULL,'1788456','submitMonthlyReport_result','string',4,'2017-03-27 20:00:48',NULL,NULL,NULL,'pass',NULL),('1788479','VariableUpdate','1788286','1788286',NULL,'1788456','submitMonthlyCheck_result','string',1,'2017-03-27 20:00:48',NULL,NULL,NULL,'pass',NULL),('1788488','VariableUpdate','1788484','1788484',NULL,'1788486','projectManager','string',0,'2017-03-27 20:08:50',NULL,NULL,NULL,'61',NULL),('1788490','VariableUpdate','1788484','1788484',NULL,'1788486','officerGroup','string',0,'2017-03-27 20:08:50',NULL,NULL,NULL,'18',NULL),('1788492','VariableUpdate','1788484','1788484',NULL,'1788486','committee','null',0,'2017-03-27 20:08:50',NULL,NULL,NULL,NULL,NULL),('1788494','VariableUpdate','1788484','1788484',NULL,'1788486','officer','null',0,'2017-03-27 20:08:50',NULL,NULL,NULL,NULL,NULL),('1788496','VariableUpdate','1788484','1788484',NULL,'1788486','departLeaderGroup','string',0,'2017-03-27 20:08:50',NULL,NULL,NULL,'',NULL),('1788498','VariableUpdate','1788484','1788484',NULL,'1788486','submitMonthlyReport_result','string',0,'2017-03-27 20:08:50',NULL,NULL,NULL,'reject',NULL),('1788500','VariableUpdate','1788484','1788484',NULL,'1788486','committees','string',0,'2017-03-27 20:08:50',NULL,NULL,NULL,'',NULL),('1788502','VariableUpdate','1788484','1788484',NULL,'1788486','departLeader','string',0,'2017-03-27 20:08:50',NULL,NULL,NULL,'62',NULL),('1788504','VariableUpdate','1788484','1788484',NULL,'1788486','departleaderEndApproval_result','string',0,'2017-03-27 20:08:50',NULL,NULL,NULL,'reject',NULL),('1788506','VariableUpdate','1788484','1788484',NULL,'1788486','committeeGroup','string',0,'2017-03-27 20:08:50',NULL,NULL,NULL,'17',NULL),('1788514','VariableUpdate','1788510','1788510',NULL,'1788512','projectManager','string',0,'2017-03-28 10:59:23',NULL,NULL,NULL,'4',NULL),('1788516','VariableUpdate','1788510','1788510',NULL,'1788512','officerGroup','string',0,'2017-03-28 10:59:23',NULL,NULL,NULL,'15',NULL),('1788518','VariableUpdate','1788510','1788510',NULL,'1788512','committee','null',0,'2017-03-28 10:59:23',NULL,NULL,NULL,NULL,NULL),('1788520','VariableUpdate','1788510','1788510',NULL,'1788512','officer','null',0,'2017-03-28 10:59:23',NULL,NULL,NULL,NULL,NULL),('1788522','VariableUpdate','1788510','1788510',NULL,'1788512','departLeaderGroup','string',0,'2017-03-28 10:59:23',NULL,NULL,NULL,'',NULL),('1788524','VariableUpdate','1788510','1788510',NULL,'1788512','submitMonthlyReport_result','string',0,'2017-03-28 10:59:23',NULL,NULL,NULL,'reject',NULL),('1788526','VariableUpdate','1788510','1788510',NULL,'1788512','committees','string',0,'2017-03-28 10:59:23',NULL,NULL,NULL,'',NULL),('1788528','VariableUpdate','1788510','1788510',NULL,'1788512','departLeader','null',0,'2017-03-28 10:59:23',NULL,NULL,NULL,NULL,NULL),('1788530','VariableUpdate','1788510','1788510',NULL,'1788512','departleaderEndApproval_result','string',0,'2017-03-28 10:59:23',NULL,NULL,NULL,'reject',NULL),('1788532','VariableUpdate','1788510','1788510',NULL,'1788512','committeeGroup','string',0,'2017-03-28 10:59:23',NULL,NULL,NULL,'17',NULL),('1792507','VariableUpdate','1792503','1792503',NULL,'1792505','submitMonthlyReport_result','string',0,'2017-04-06 09:47:56',NULL,NULL,NULL,'reject',NULL),('1792509','VariableUpdate','1792503','1792503',NULL,'1792505','departLeader','string',0,'2017-04-06 09:47:56',NULL,NULL,NULL,'7',NULL),('1792511','VariableUpdate','1792503','1792503',NULL,'1792505','committee','null',0,'2017-04-06 09:47:56',NULL,NULL,NULL,NULL,NULL),('1792513','VariableUpdate','1792503','1792503',NULL,'1792505','officer','null',0,'2017-04-06 09:47:56',NULL,NULL,NULL,NULL,NULL),('1792515','VariableUpdate','1792503','1792503',NULL,'1792505','committeeGroup','string',0,'2017-04-06 09:47:56',NULL,NULL,NULL,'17',NULL),('1792517','VariableUpdate','1792503','1792503',NULL,'1792505','committees','string',0,'2017-04-06 09:47:56',NULL,NULL,NULL,'',NULL),('1792519','VariableUpdate','1792503','1792503',NULL,'1792505','projectManager','string',0,'2017-04-06 09:47:56',NULL,NULL,NULL,'4',NULL),('1792521','VariableUpdate','1792503','1792503',NULL,'1792505','departleaderEndApproval_result','string',0,'2017-04-06 09:47:56',NULL,NULL,NULL,'reject',NULL),('1792523','VariableUpdate','1792503','1792503',NULL,'1792505','departLeaderGroup','string',0,'2017-04-06 09:47:56',NULL,NULL,NULL,'',NULL),('1792525','VariableUpdate','1792503','1792503',NULL,'1792505','officerGroup','string',0,'2017-04-06 09:47:56',NULL,NULL,NULL,'18',NULL),('1792532','VariableUpdate','1792503','1792503',NULL,'1792526','officerApproval_result','string',0,'2017-04-06 09:54:54',NULL,NULL,NULL,'pass',NULL),('1792533','VariableUpdate','1792503','1792503',NULL,'1792526','committeeGroup','string',1,'2017-04-06 09:54:54',NULL,NULL,NULL,'',NULL),('1792534','VariableUpdate','1792503','1792503',NULL,'1792526','committees','string',1,'2017-04-06 09:54:54',NULL,NULL,NULL,'6',NULL),('1792535','VariableUpdate','1792503','1792503',NULL,'1792526','submitMonthlyReport_result','string',1,'2017-04-06 09:54:54',NULL,NULL,NULL,'reject',NULL),('1792536','VariableUpdate','1792503','1792503',NULL,'1792526','departLeader','string',1,'2017-04-06 09:54:54',NULL,NULL,NULL,'7',NULL),('1792537','VariableUpdate','1792503','1792503',NULL,'1792526','committee','null',1,'2017-04-06 09:54:54',NULL,NULL,NULL,NULL,NULL),('1792538','VariableUpdate','1792503','1792503',NULL,'1792526','officer','string',1,'2017-04-06 09:54:54',NULL,NULL,NULL,'9',NULL),('1792539','VariableUpdate','1792503','1792503',NULL,'1792526','officerApproval_result','string',0,'2017-04-06 09:54:54',NULL,NULL,NULL,'pass',NULL),('1792540','VariableUpdate','1792503','1792503',NULL,'1792526','committeeGroup','string',1,'2017-04-06 09:54:54',NULL,NULL,NULL,'',NULL),('1792541','VariableUpdate','1792503','1792503',NULL,'1792526','committees','string',1,'2017-04-06 09:54:54',NULL,NULL,NULL,'6',NULL),('1792542','VariableUpdate','1792503','1792503',NULL,'1792526','projectManager','string',1,'2017-04-06 09:54:54',NULL,NULL,NULL,'4',NULL),('1792543','VariableUpdate','1792503','1792503',NULL,'1792526','departleaderEndApproval_result','string',1,'2017-04-06 09:54:54',NULL,NULL,NULL,'reject',NULL),('1792544','VariableUpdate','1792503','1792503',NULL,'1792526','departLeaderGroup','string',1,'2017-04-06 09:54:54',NULL,NULL,NULL,'',NULL),('1792545','VariableUpdate','1792503','1792503',NULL,'1792526','officerGroup','string',1,'2017-04-06 09:54:54',NULL,NULL,NULL,'',NULL),('1792552','VariableUpdate','1792503','1792503',NULL,'1792546','committeeApproval_result','string',0,'2017-04-06 10:00:40',NULL,NULL,NULL,'pass',NULL),('1792553','VariableUpdate','1792503','1792503',NULL,'1792546','committeeApproval_result','string',0,'2017-04-06 10:00:40',NULL,NULL,NULL,'pass',NULL),('1792554','VariableUpdate','1792503','1792503',NULL,'1792546','submitMonthlyReport_result','string',1,'2017-04-06 10:00:40',NULL,NULL,NULL,'reject',NULL),('1792555','VariableUpdate','1792503','1792503',NULL,'1792546','departLeader','string',1,'2017-04-06 10:00:40',NULL,NULL,NULL,'7',NULL),('1792556','VariableUpdate','1792503','1792503',NULL,'1792546','committee','string',1,'2017-04-06 10:00:40',NULL,NULL,NULL,'6',NULL),('1792557','VariableUpdate','1792503','1792503',NULL,'1792546','officer','string',2,'2017-04-06 10:00:40',NULL,NULL,NULL,'9',NULL),('1792558','VariableUpdate','1792503','1792503',NULL,'1792546','officerApproval_result','string',1,'2017-04-06 10:00:40',NULL,NULL,NULL,'pass',NULL),('1792559','VariableUpdate','1792503','1792503',NULL,'1792546','committeeGroup','string',2,'2017-04-06 10:00:40',NULL,NULL,NULL,'',NULL),('1792560','VariableUpdate','1792503','1792503',NULL,'1792546','committees','string',2,'2017-04-06 10:00:40',NULL,NULL,NULL,'',NULL),('1792561','VariableUpdate','1792503','1792503',NULL,'1792546','projectManager','string',1,'2017-04-06 10:00:40',NULL,NULL,NULL,'4',NULL),('1792562','VariableUpdate','1792503','1792503',NULL,'1792546','departleaderEndApproval_result','string',1,'2017-04-06 10:00:40',NULL,NULL,NULL,'reject',NULL),('1792563','VariableUpdate','1792503','1792503',NULL,'1792546','departLeaderGroup','string',1,'2017-04-06 10:00:40',NULL,NULL,NULL,'',NULL),('1792564','VariableUpdate','1792503','1792503',NULL,'1792546','officerGroup','string',2,'2017-04-06 10:00:40',NULL,NULL,NULL,'',NULL),('1792571','VariableUpdate','1792503','1792503',NULL,'1792566','cycleTime','string',0,'2017-04-06 10:05:26',NULL,NULL,NULL,'PT2M',NULL),('1792573','VariableUpdate','1792503','1792503',NULL,'1792566','departleaderApproval_result','string',0,'2017-04-06 10:05:26',NULL,NULL,NULL,'pass',NULL),('1792574','VariableUpdate','1792503','1792503',NULL,'1792566','committeeApproval_result','string',1,'2017-04-06 10:05:26',NULL,NULL,NULL,'pass',NULL),('1792575','VariableUpdate','1792503','1792503',NULL,'1792566','submitMonthlyReport_result','string',1,'2017-04-06 10:05:26',NULL,NULL,NULL,'reject',NULL),('1792576','VariableUpdate','1792503','1792503',NULL,'1792566','committees','string',3,'2017-04-06 10:05:26',NULL,NULL,NULL,'',NULL),('1792577','VariableUpdate','1792503','1792503',NULL,'1792566','projectManager','string',1,'2017-04-06 10:05:26',NULL,NULL,NULL,'4',NULL),('1792578','VariableUpdate','1792503','1792503',NULL,'1792566','departleaderEndApproval_result','string',1,'2017-04-06 10:05:26',NULL,NULL,NULL,'reject',NULL),('1792579','VariableUpdate','1792503','1792503',NULL,'1792566','departLeaderGroup','string',1,'2017-04-06 10:05:26',NULL,NULL,NULL,'',NULL),('1792580','VariableUpdate','1792503','1792503',NULL,'1792566','officerGroup','string',2,'2017-04-06 10:05:26',NULL,NULL,NULL,'',NULL),('1792581','VariableUpdate','1792503','1792503',NULL,'1792566','departLeader','string',1,'2017-04-06 10:05:26',NULL,NULL,NULL,'7',NULL),('1792582','VariableUpdate','1792503','1792503',NULL,'1792566','committee','string',2,'2017-04-06 10:05:26',NULL,NULL,NULL,'6',NULL),('1792583','VariableUpdate','1792503','1792503',NULL,'1792566','officer','string',2,'2017-04-06 10:05:26',NULL,NULL,NULL,'9',NULL),('1792584','VariableUpdate','1792503','1792503',NULL,'1792566','officerApproval_result','string',1,'2017-04-06 10:05:26',NULL,NULL,NULL,'pass',NULL),('1792585','VariableUpdate','1792503','1792503',NULL,'1792566','cycleTime','string',0,'2017-04-06 10:05:26',NULL,NULL,NULL,'PT2M',NULL),('1792586','VariableUpdate','1792503','1792503',NULL,'1792566','departleaderApproval_result','string',0,'2017-04-06 10:05:26',NULL,NULL,NULL,'pass',NULL),('1792587','VariableUpdate','1792503','1792503',NULL,'1792566','committeeGroup','string',2,'2017-04-06 10:05:26',NULL,NULL,NULL,'',NULL),('1792598','VariableUpdate','1792503','1792503',NULL,NULL,'submitMonthlyReport_result','string',1,'2017-04-06 10:07:30',NULL,NULL,NULL,'reject',NULL),('1797505','VariableUpdate','1797501','1797501',NULL,'1797503','submitMonthlyReport_result','string',0,'2017-05-17 02:08:17',NULL,NULL,NULL,'reject',NULL),('1797507','VariableUpdate','1797501','1797501',NULL,'1797503','departLeader','null',0,'2017-05-17 02:08:17',NULL,NULL,NULL,NULL,NULL),('1797509','VariableUpdate','1797501','1797501',NULL,'1797503','committee','null',0,'2017-05-17 02:08:17',NULL,NULL,NULL,NULL,NULL),('1797511','VariableUpdate','1797501','1797501',NULL,'1797503','officer','null',0,'2017-05-17 02:08:17',NULL,NULL,NULL,NULL,NULL),('1797513','VariableUpdate','1797501','1797501',NULL,'1797503','committeeGroup','string',0,'2017-05-17 02:08:17',NULL,NULL,NULL,'17',NULL),('1797515','VariableUpdate','1797501','1797501',NULL,'1797503','committees','string',0,'2017-05-17 02:08:17',NULL,NULL,NULL,'',NULL),('1797517','VariableUpdate','1797501','1797501',NULL,'1797503','projectManager','string',0,'2017-05-17 02:08:17',NULL,NULL,NULL,'68',NULL),('1797519','VariableUpdate','1797501','1797501',NULL,'1797503','departleaderEndApproval_result','string',0,'2017-05-17 02:08:17',NULL,NULL,NULL,'reject',NULL),('1797521','VariableUpdate','1797501','1797501',NULL,'1797503','departLeaderGroup','string',0,'2017-05-17 02:08:17',NULL,NULL,NULL,'16',NULL),('1797523','VariableUpdate','1797501','1797501',NULL,'1797503','officerGroup','string',0,'2017-05-17 02:08:17',NULL,NULL,NULL,'15',NULL),('1800005','VariableUpdate','1800001','1800001',NULL,'1800003','submitMonthlyReport_result','string',0,'2017-05-17 02:45:50',NULL,NULL,NULL,'reject',NULL),('1800007','VariableUpdate','1800001','1800001',NULL,'1800003','departLeader','string',0,'2017-05-17 02:45:50',NULL,NULL,NULL,'67',NULL),('1800009','VariableUpdate','1800001','1800001',NULL,'1800003','committee','null',0,'2017-05-17 02:45:50',NULL,NULL,NULL,NULL,NULL),('1800011','VariableUpdate','1800001','1800001',NULL,'1800003','officer','null',0,'2017-05-17 02:45:50',NULL,NULL,NULL,NULL,NULL),('1800013','VariableUpdate','1800001','1800001',NULL,'1800003','committeeGroup','string',0,'2017-05-17 02:45:50',NULL,NULL,NULL,'17',NULL),('1800015','VariableUpdate','1800001','1800001',NULL,'1800003','committees','string',0,'2017-05-17 02:45:50',NULL,NULL,NULL,'',NULL),('1800017','VariableUpdate','1800001','1800001',NULL,'1800003','projectManager','string',0,'2017-05-17 02:45:50',NULL,NULL,NULL,'68',NULL),('1800019','VariableUpdate','1800001','1800001',NULL,'1800003','departleaderEndApproval_result','string',0,'2017-05-17 02:45:50',NULL,NULL,NULL,'reject',NULL),('1800021','VariableUpdate','1800001','1800001',NULL,'1800003','departLeaderGroup','string',0,'2017-05-17 02:45:50',NULL,NULL,NULL,'',NULL),('1800023','VariableUpdate','1800001','1800001',NULL,'1800003','officerGroup','string',0,'2017-05-17 02:45:50',NULL,NULL,NULL,'15',NULL),('1802507','VariableUpdate','1802503','1802503',NULL,'1802505','submitMonthlyReport_result','string',0,'2017-05-17 02:56:03',NULL,NULL,NULL,'reject',NULL),('1802509','VariableUpdate','1802503','1802503',NULL,'1802505','departLeader','string',0,'2017-05-17 02:56:03',NULL,NULL,NULL,'67',NULL),('1802511','VariableUpdate','1802503','1802503',NULL,'1802505','committee','null',0,'2017-05-17 02:56:03',NULL,NULL,NULL,NULL,NULL),('1802513','VariableUpdate','1802503','1802503',NULL,'1802505','officer','null',0,'2017-05-17 02:56:03',NULL,NULL,NULL,NULL,NULL),('1802515','VariableUpdate','1802503','1802503',NULL,'1802505','committeeGroup','string',0,'2017-05-17 02:56:03',NULL,NULL,NULL,'17',NULL),('1802517','VariableUpdate','1802503','1802503',NULL,'1802505','committees','string',0,'2017-05-17 02:56:03',NULL,NULL,NULL,'',NULL),('1802519','VariableUpdate','1802503','1802503',NULL,'1802505','projectManager','string',0,'2017-05-17 02:56:03',NULL,NULL,NULL,'71',NULL),('1802521','VariableUpdate','1802503','1802503',NULL,'1802505','departleaderEndApproval_result','string',0,'2017-05-17 02:56:03',NULL,NULL,NULL,'reject',NULL),('1802523','VariableUpdate','1802503','1802503',NULL,'1802505','departLeaderGroup','string',0,'2017-05-17 02:56:03',NULL,NULL,NULL,'',NULL),('1802525','VariableUpdate','1802503','1802503',NULL,'1802505','officerGroup','string',0,'2017-05-17 02:56:03',NULL,NULL,NULL,'15',NULL),('1802533','VariableUpdate','1802529','1802529',NULL,'1802531','submitMonthlyReport_result','string',0,'2017-05-17 03:05:06',NULL,NULL,NULL,'reject',NULL),('1802535','VariableUpdate','1802529','1802529',NULL,'1802531','departLeader','string',0,'2017-05-17 03:05:06',NULL,NULL,NULL,'67',NULL),('1802537','VariableUpdate','1802529','1802529',NULL,'1802531','committee','null',0,'2017-05-17 03:05:06',NULL,NULL,NULL,NULL,NULL),('1802539','VariableUpdate','1802529','1802529',NULL,'1802531','officer','null',0,'2017-05-17 03:05:06',NULL,NULL,NULL,NULL,NULL),('1802541','VariableUpdate','1802529','1802529',NULL,'1802531','committeeGroup','string',0,'2017-05-17 03:05:06',NULL,NULL,NULL,'17',NULL),('1802543','VariableUpdate','1802529','1802529',NULL,'1802531','committees','string',0,'2017-05-17 03:05:06',NULL,NULL,NULL,'',NULL),('1802545','VariableUpdate','1802529','1802529',NULL,'1802531','projectManager','string',0,'2017-05-17 03:05:06',NULL,NULL,NULL,'72',NULL),('1802547','VariableUpdate','1802529','1802529',NULL,'1802531','departleaderEndApproval_result','string',0,'2017-05-17 03:05:06',NULL,NULL,NULL,'reject',NULL),('1802549','VariableUpdate','1802529','1802529',NULL,'1802531','departLeaderGroup','string',0,'2017-05-17 03:05:06',NULL,NULL,NULL,'',NULL),('1802551','VariableUpdate','1802529','1802529',NULL,'1802531','officerGroup','string',0,'2017-05-17 03:05:06',NULL,NULL,NULL,'15',NULL),('1802561','VariableUpdate','1802557','1802557',NULL,'1802559','submitMonthlyReport_result','string',0,'2017-05-17 03:17:30',NULL,NULL,NULL,'reject',NULL),('1802563','VariableUpdate','1802557','1802557',NULL,'1802559','departLeader','null',0,'2017-05-17 03:17:30',NULL,NULL,NULL,NULL,NULL),('1802565','VariableUpdate','1802557','1802557',NULL,'1802559','committee','null',0,'2017-05-17 03:17:30',NULL,NULL,NULL,NULL,NULL),('1802567','VariableUpdate','1802557','1802557',NULL,'1802559','officer','null',0,'2017-05-17 03:17:30',NULL,NULL,NULL,NULL,NULL),('1802569','VariableUpdate','1802557','1802557',NULL,'1802559','committeeGroup','string',0,'2017-05-17 03:17:30',NULL,NULL,NULL,'17',NULL),('1802571','VariableUpdate','1802557','1802557',NULL,'1802559','committees','string',0,'2017-05-17 03:17:30',NULL,NULL,NULL,'',NULL),('1802573','VariableUpdate','1802557','1802557',NULL,'1802559','projectManager','string',0,'2017-05-17 03:17:30',NULL,NULL,NULL,'68',NULL),('1802575','VariableUpdate','1802557','1802557',NULL,'1802559','departleaderEndApproval_result','string',0,'2017-05-17 03:17:30',NULL,NULL,NULL,'reject',NULL),('1802577','VariableUpdate','1802557','1802557',NULL,'1802559','departLeaderGroup','string',0,'2017-05-17 03:17:30',NULL,NULL,NULL,'',NULL),('1802579','VariableUpdate','1802557','1802557',NULL,'1802559','officerGroup','string',0,'2017-05-17 03:17:30',NULL,NULL,NULL,'15',NULL),('1802591','VariableUpdate','1802587','1802587',NULL,'1802589','submitMonthlyReport_result','string',0,'2017-05-17 18:41:08',NULL,NULL,NULL,'reject',NULL),('1802593','VariableUpdate','1802587','1802587',NULL,'1802589','departLeader','string',0,'2017-05-17 18:41:08',NULL,NULL,NULL,'67',NULL),('1802595','VariableUpdate','1802587','1802587',NULL,'1802589','committee','null',0,'2017-05-17 18:41:08',NULL,NULL,NULL,NULL,NULL),('1802597','VariableUpdate','1802587','1802587',NULL,'1802589','officer','null',0,'2017-05-17 18:41:08',NULL,NULL,NULL,NULL,NULL),('1802599','VariableUpdate','1802587','1802587',NULL,'1802589','committeeGroup','string',0,'2017-05-17 18:41:08',NULL,NULL,NULL,'17',NULL),('1802601','VariableUpdate','1802587','1802587',NULL,'1802589','committees','string',0,'2017-05-17 18:41:08',NULL,NULL,NULL,'',NULL),('1802603','VariableUpdate','1802587','1802587',NULL,'1802589','projectManager','string',0,'2017-05-17 18:41:08',NULL,NULL,NULL,'75',NULL),('1802605','VariableUpdate','1802587','1802587',NULL,'1802589','departleaderEndApproval_result','string',0,'2017-05-17 18:41:08',NULL,NULL,NULL,'reject',NULL),('1802607','VariableUpdate','1802587','1802587',NULL,'1802589','departLeaderGroup','string',0,'2017-05-17 18:41:08',NULL,NULL,NULL,'',NULL),('1802609','VariableUpdate','1802587','1802587',NULL,'1802589','officerGroup','string',0,'2017-05-17 18:41:08',NULL,NULL,NULL,'15',NULL);
/*!40000 ALTER TABLE `ACT_HI_DETAIL` ENABLE KEYS */;
UNLOCK TABLES;

--
-- Table structure for table `ACT_HI_IDENTITYLINK`
--

DROP TABLE IF EXISTS `ACT_HI_IDENTITYLINK`;
/*!40101 SET @saved_cs_client     = @@character_set_client */;
/*!40101 SET character_set_client = utf8 */;
CREATE TABLE `ACT_HI_IDENTITYLINK` (
  `ID_` varchar(64) COLLATE utf8_bin NOT NULL DEFAULT '',
  `GROUP_ID_` varchar(255) COLLATE utf8_bin DEFAULT NULL,
  `TYPE_` varchar(255) COLLATE utf8_bin DEFAULT NULL,
  `USER_ID_` varchar(255) COLLATE utf8_bin DEFAULT NULL,
  `TASK_ID_` varchar(64) COLLATE utf8_bin DEFAULT NULL,
  `PROC_INST_ID_` varchar(64) COLLATE utf8_bin DEFAULT NULL,
  PRIMARY KEY (`ID_`),
  KEY `ACT_IDX_HI_IDENT_LNK_USER` (`USER_ID_`),
  KEY `ACT_IDX_HI_IDENT_LNK_TASK` (`TASK_ID_`),
  KEY `ACT_IDX_HI_IDENT_LNK_PROCINST` (`PROC_INST_ID_`)
) ENGINE=InnoDB DEFAULT CHARSET=utf8 COLLATE=utf8_bin;
/*!40101 SET character_set_client = @saved_cs_client */;

--
-- Dumping data for table `ACT_HI_IDENTITYLINK`
--

LOCK TABLES `ACT_HI_IDENTITYLINK` WRITE;
/*!40000 ALTER TABLE `ACT_HI_IDENTITYLINK` DISABLE KEYS */;
INSERT INTO `ACT_HI_IDENTITYLINK` VALUES ('1697591','','candidate',NULL,'1697590',NULL),('1697592',NULL,'candidate','','1697590',NULL),('1697601','','candidate',NULL,'1697600',NULL),('1697602',NULL,'candidate','','1697600',NULL),('1697611','','candidate',NULL,'1697610',NULL),('1697612',NULL,'candidate','','1697610',NULL),('1697621','','candidate',NULL,'1697620',NULL),('1697622',NULL,'candidate','','1697620',NULL),('1697631','','candidate',NULL,'1697630',NULL),('1697632',NULL,'candidate','','1697630',NULL),('1697633',NULL,'participant','',NULL,'1780462'),('1697642','','candidate',NULL,'1697641',NULL),('1697643',NULL,'candidate','','1697641',NULL),('1697652','','candidate',NULL,'1697651',NULL),('1697653',NULL,'candidate','','1697651',NULL),('1697662','','candidate',NULL,'1697661',NULL),('1697663',NULL,'candidate','','1697661',NULL),('1697664',NULL,'participant','',NULL,'1780959'),('1697673','','candidate',NULL,'1697672',NULL),('1697674',NULL,'candidate','','1697672',NULL),('1697683','','candidate',NULL,'1697682',NULL),('1697684',NULL,'candidate','','1697682',NULL),('1697685',NULL,'participant','',NULL,'1782501'),('1697694','','candidate',NULL,'1697693',NULL),('1697695',NULL,'candidate','','1697693',NULL),('1697704','','candidate',NULL,'1697703',NULL),('1697705',NULL,'candidate','','1697703',NULL),('1697706',NULL,'participant','',NULL,'1787931'),('1697715','','candidate',NULL,'1697714',NULL),('1697716',NULL,'candidate','','1697714',NULL),('1697717',NULL,'participant','',NULL,'1788190'),('1697726','','candidate',NULL,'1697725',NULL),('1697727',NULL,'candidate','','1697725',NULL),('1697728',NULL,'participant','',NULL,'1788286'),('1697737','','candidate',NULL,'1697736',NULL),('1697738',NULL,'candidate','','1697736',NULL),('1777502',NULL,'starter','4',NULL,'1777501'),('1777526','15','candidate',NULL,'1777525',NULL),('1777527',NULL,'participant','5',NULL,'1777501'),('1777544','17','candidate',NULL,'1777543',NULL),('1777545',NULL,'candidate','','1777543',NULL),('1777546',NULL,'participant','',NULL,'1777501'),('1780001',NULL,'participant','6',NULL,'1777501'),('1780019',NULL,'participant','7',NULL,'1777501'),('1780020','','candidate',NULL,'1780018',NULL),('1780094','','candidate',NULL,'1780093',NULL),('1780138','','candidate',NULL,'1780137',NULL),('1780162','','candidate',NULL,'1780161',NULL),('1780163',NULL,'candidate','','1780161',NULL),('1780189','','candidate',NULL,'1780188',NULL),('1780242','','candidate',NULL,'1780241',NULL),('1780298','','candidate',NULL,'1780297',NULL),('1780328','','candidate',NULL,'1780327',NULL),('1780329',NULL,'candidate','','1780327',NULL),('1780361','','candidate',NULL,'1780360',NULL),('1780430','','candidate',NULL,'1780429',NULL),('1780463',NULL,'starter','57',NULL,'1780462'),('1780487','15','candidate',NULL,'1780486',NULL),('1780488',NULL,'participant','59',NULL,'1780462'),('1780506','','candidate',NULL,'1780505',NULL),('1780507',NULL,'candidate','58','1780505',NULL),('1780508',NULL,'participant','58',NULL,'1780462'),('1780509',NULL,'candidate','6','1780505',NULL),('1780510',NULL,'participant','6',NULL,'1780462'),('1780528',NULL,'participant','53',NULL,'1780462'),('1780529','','candidate',NULL,'1780527',NULL),('1780579','','candidate',NULL,'1780578',NULL),('1780621','','candidate',NULL,'1780620',NULL),('1780644','','candidate',NULL,'1780643',NULL),('1780645',NULL,'candidate','','1780643',NULL),('1780678','','candidate',NULL,'1780677',NULL),('1780733','','candidate',NULL,'1780732',NULL),('1780789','','candidate',NULL,'1780788',NULL),('1780819','','candidate',NULL,'1780818',NULL),('1780820',NULL,'candidate','','1780818',NULL),('1780858','','candidate',NULL,'1780857',NULL),('1780927','','candidate',NULL,'1780926',NULL),('1780960',NULL,'starter','55',NULL,'1780959'),('1780984','15','candidate',NULL,'1780983',NULL),('1780985',NULL,'participant','59',NULL,'1780959'),('1781003','','candidate',NULL,'1781002',NULL),('1781004',NULL,'candidate','6','1781002',NULL),('1781005',NULL,'participant','6',NULL,'1780959'),('1781006',NULL,'candidate','58','1781002',NULL),('1781007',NULL,'participant','58',NULL,'1780959'),('1781009',NULL,'starter','57',NULL,'1781008'),('1781033','15','candidate',NULL,'1781032',NULL),('1782502',NULL,'starter','4',NULL,'1782501'),('1782526','15','candidate',NULL,'1782525',NULL),('1782527',NULL,'participant','5',NULL,'1782501'),('1782545','','candidate',NULL,'1782544',NULL),('1782546',NULL,'candidate','58','1782544',NULL),('1782547',NULL,'participant','58',NULL,'1782501'),('1782565',NULL,'participant','53',NULL,'1780959'),('1782566','','candidate',NULL,'1782564',NULL),('1782584','16','candidate',NULL,'1782583',NULL),('1785002',NULL,'starter','57',NULL,'1785001'),('1785026','15','candidate',NULL,'1785025',NULL),('1787522','','candidate',NULL,'1787521',NULL),('1787564','','candidate',NULL,'1787563',NULL),('1787587','','candidate',NULL,'1787586',NULL),('1787588',NULL,'candidate','','1787586',NULL),('1787621','','candidate',NULL,'1787620',NULL),('1787650',NULL,'participant','53',NULL,'1782501'),('1787705','','candidate',NULL,'1787704',NULL),('1787761','','candidate',NULL,'1787760',NULL),('1787791','','candidate',NULL,'1787790',NULL),('1787792',NULL,'candidate','','1787790',NULL),('1787824','','candidate',NULL,'1787823',NULL),('1787899','','candidate',NULL,'1787898',NULL),('1787932',NULL,'starter','55',NULL,'1787931'),('1787956','15','candidate',NULL,'1787955',NULL),('1787958',NULL,'starter','55',NULL,'1787957'),('1787984','17','candidate',NULL,'1787983',NULL),('1787985',NULL,'candidate','','1787983',NULL),('1787986',NULL,'participant','',NULL,'1787957'),('1787987',NULL,'participant','59',NULL,'1787931'),('1788005','','candidate',NULL,'1788004',NULL),('1788006',NULL,'candidate','6','1788004',NULL),('1788007',NULL,'participant','6',NULL,'1787931'),('1788008',NULL,'candidate','58','1788004',NULL),('1788009',NULL,'participant','58',NULL,'1787931'),('1788010',NULL,'participant','58',NULL,'1787957'),('1788017','16','candidate',NULL,'1788016',NULL),('1788018',NULL,'participant','53',NULL,'1787957'),('1788024',NULL,'starter','55',NULL,'1788023'),('1788052','','candidate',NULL,'1788051',NULL),('1788053',NULL,'candidate','6','1788051',NULL),('1788054',NULL,'participant','6',NULL,'1788023'),('1788055',NULL,'candidate','58','1788051',NULL),('1788056',NULL,'participant','58',NULL,'1788023'),('1788068',NULL,'starter','55',NULL,'1788067'),('1788096','','candidate',NULL,'1788095',NULL),('1788097',NULL,'candidate','6','1788095',NULL),('1788098',NULL,'participant','6',NULL,'1788067'),('1788099',NULL,'candidate','58','1788095',NULL),('1788100',NULL,'participant','58',NULL,'1788067'),('1788112','','candidate',NULL,'1788111',NULL),('1788113',NULL,'candidate','6','1788111',NULL),('1788114',NULL,'candidate','58','1788111',NULL),('1788120','16','candidate',NULL,'1788119',NULL),('1788121',NULL,'participant','53',NULL,'1788067'),('1788131','','candidate',NULL,'1788130',NULL),('1788132',NULL,'candidate','6','1788130',NULL),('1788133',NULL,'candidate','58','1788130',NULL),('1788139','16','candidate',NULL,'1788138',NULL),('1788157','16','candidate',NULL,'1788156',NULL),('1788161',NULL,'participant','53',NULL,'1787931'),('1788191',NULL,'starter','57',NULL,'1788190'),('1788215','15','candidate',NULL,'1788214',NULL),('1788216',NULL,'participant','59',NULL,'1788190'),('1788234','','candidate',NULL,'1788233',NULL),('1788235',NULL,'candidate','6','1788233',NULL),('1788236',NULL,'participant','6',NULL,'1788190'),('1788237',NULL,'candidate','58','1788233',NULL),('1788238',NULL,'participant','58',NULL,'1788190'),('1788256',NULL,'participant','53',NULL,'1788190'),('1788257','','candidate',NULL,'1788255',NULL),('1788287',NULL,'starter','57',NULL,'1788286'),('1788311','15','candidate',NULL,'1788310',NULL),('1788312',NULL,'participant','59',NULL,'1788286'),('1788328',NULL,'participant','55',NULL,'1788286'),('1788331','','candidate',NULL,'1788330',NULL),('1788332',NULL,'candidate','6','1788330',NULL),('1788333',NULL,'participant','6',NULL,'1788286'),('1788334',NULL,'candidate','58','1788330',NULL),('1788335',NULL,'participant','58',NULL,'1788286'),('1788353',NULL,'participant','53',NULL,'1788286'),('1788354','','candidate',NULL,'1788352',NULL),('1788412','','candidate',NULL,'1788411',NULL),('1788458','','candidate',NULL,'1788457',NULL),('1788482','','candidate',NULL,'1788481',NULL),('1788483',NULL,'candidate','','1788481',NULL),('1788485',NULL,'starter','61',NULL,'1788484'),('1788509','18','candidate',NULL,'1788508',NULL),('1788511',NULL,'starter','4',NULL,'1788510'),('1788535','15','candidate',NULL,'1788534',NULL),('1792504',NULL,'starter','4',NULL,'1792503'),('1792528','18','candidate',NULL,'1792527',NULL),('1792530',NULL,'participant','9',NULL,'1792503'),('1792548','','candidate',NULL,'1792547',NULL),('1792549',NULL,'candidate','6','1792547',NULL),('1792550',NULL,'participant','6',NULL,'1792503'),('1792568',NULL,'participant','7',NULL,'1792503'),('1792569','','candidate',NULL,'1792567',NULL),('1792604','','candidate',NULL,'1792603',NULL),('1792605',NULL,'candidate','','1792603',NULL),('1792606',NULL,'participant','',NULL,'1792503'),('1797502',NULL,'starter','68',NULL,'1797501'),('1797526','15','candidate',NULL,'1797525',NULL),('1800002',NULL,'starter','68',NULL,'1800001'),('1800026','15','candidate',NULL,'1800025',NULL),('1802504',NULL,'starter','71',NULL,'1802503'),('1802528','15','candidate',NULL,'1802527',NULL),('1802530',NULL,'starter','72',NULL,'1802529'),('1802554','15','candidate',NULL,'1802553',NULL),('1802558',NULL,'starter','68',NULL,'1802557'),('1802582','15','candidate',NULL,'1802581',NULL),('1802588',NULL,'starter','75',NULL,'1802587'),('1802612','15','candidate',NULL,'1802611',NULL);
/*!40000 ALTER TABLE `ACT_HI_IDENTITYLINK` ENABLE KEYS */;
UNLOCK TABLES;

--
-- Table structure for table `ACT_HI_PROCINST`
--

DROP TABLE IF EXISTS `ACT_HI_PROCINST`;
/*!40101 SET @saved_cs_client     = @@character_set_client */;
/*!40101 SET character_set_client = utf8 */;
CREATE TABLE `ACT_HI_PROCINST` (
  `ID_` varchar(64) COLLATE utf8_bin NOT NULL,
  `PROC_INST_ID_` varchar(64) COLLATE utf8_bin NOT NULL,
  `BUSINESS_KEY_` varchar(255) COLLATE utf8_bin DEFAULT NULL,
  `PROC_DEF_ID_` varchar(64) COLLATE utf8_bin NOT NULL,
  `START_TIME_` datetime NOT NULL,
  `END_TIME_` datetime DEFAULT NULL,
  `DURATION_` bigint(20) DEFAULT NULL,
  `START_USER_ID_` varchar(255) COLLATE utf8_bin DEFAULT NULL,
  `START_ACT_ID_` varchar(255) COLLATE utf8_bin DEFAULT NULL,
  `END_ACT_ID_` varchar(255) COLLATE utf8_bin DEFAULT NULL,
  `SUPER_PROCESS_INSTANCE_ID_` varchar(64) COLLATE utf8_bin DEFAULT NULL,
  `DELETE_REASON_` varchar(4000) COLLATE utf8_bin DEFAULT NULL,
  `TENANT_ID_` varchar(255) COLLATE utf8_bin DEFAULT '',
  `NAME_` varchar(255) COLLATE utf8_bin DEFAULT NULL,
  PRIMARY KEY (`ID_`),
  UNIQUE KEY `PROC_INST_ID_` (`PROC_INST_ID_`),
  KEY `ACT_IDX_HI_PRO_INST_END` (`END_TIME_`),
  KEY `ACT_IDX_HI_PRO_I_BUSKEY` (`BUSINESS_KEY_`)
) ENGINE=InnoDB DEFAULT CHARSET=utf8 COLLATE=utf8_bin;
/*!40101 SET character_set_client = @saved_cs_client */;

--
-- Dumping data for table `ACT_HI_PROCINST`
--

LOCK TABLES `ACT_HI_PROCINST` WRITE;
/*!40000 ALTER TABLE `ACT_HI_PROCINST` DISABLE KEYS */;
INSERT INTO `ACT_HI_PROCINST` VALUES ('1777501','1777501','Project:1000449','pm_process_jianguan:1:1775011','2017-03-25 16:31:38','2017-03-25 17:12:54',2476020,'4','pm_process_jianguan_start','pm_process_jianguan_end',NULL,NULL,'',NULL),('1780462','1780462','Project:1000450','pm_process_jianguan:1:1775011','2017-03-27 09:23:25','2017-03-27 10:31:43',4098010,'57','pm_process_jianguan_start','pm_process_jianguan_end',NULL,NULL,'',NULL),('1780959','1780959','Project:1000451','pm_process_jianguan:1:1775011','2017-03-27 10:55:08','2017-03-27 15:28:35',16407062,'55','pm_process_jianguan_start','pm_process_jianguan_end',NULL,NULL,'',NULL),('1781008','1781008','Project:1000452','pm_process_jianguan:1:1775011','2017-03-27 12:32:44',NULL,NULL,'57','pm_process_jianguan_start',NULL,NULL,NULL,'',NULL),('1782501','1782501','Project:1000453','pm_process_jianguan:1:1775011','2017-03-27 13:19:30',NULL,NULL,'4','pm_process_jianguan_start',NULL,NULL,NULL,'',NULL),('1785001','1785001','Project:1000454','pm_process_jianguan:1:1775011','2017-03-27 13:47:51',NULL,NULL,'57','pm_process_jianguan_start',NULL,NULL,NULL,'',NULL),('1787931','1787931','Project:1000455','pm_process_jianguan:1:1775011','2017-03-27 15:31:28',NULL,NULL,'55','pm_process_jianguan_start',NULL,NULL,NULL,'',NULL),('1787957','1787957','Project:1000455','changeProcess:1:1775012','2017-03-27 15:46:42','2017-03-27 16:15:10',1708041,'55','startChangeProcess','endChangeProcess',NULL,NULL,'',NULL),('1788023','1788023','Project:1000455','changeProcess:1:1775012','2017-03-27 16:24:37','2017-03-27 16:43:55',1158962,'55','startChangeProcess','endChangeProcess',NULL,NULL,'',NULL),('1788067','1788067','Project:1000455','changeProcess:1:1775012','2017-03-27 16:45:23','2017-03-27 16:59:16',833474,'55','startChangeProcess','endChangeProcess',NULL,NULL,'',NULL),('1788190','1788190','Project:1000456','pm_process_jianguan:1:1775011','2017-03-27 19:35:41',NULL,NULL,'57','pm_process_jianguan_start',NULL,NULL,NULL,'',NULL),('1788286','1788286','Project:1000457','pm_process_jianguan:1:1775011','2017-03-27 19:48:09',NULL,NULL,'57','pm_process_jianguan_start',NULL,NULL,NULL,'',NULL),('1788484','1788484','Project:1000458','pm_process_jianguan:1:1775011','2017-03-27 20:08:50',NULL,NULL,'61','pm_process_jianguan_start',NULL,NULL,NULL,'',NULL),('1788510','1788510','Project:1000459','pm_process_jianguan:1:1775011','2017-03-28 10:59:23',NULL,NULL,'4','pm_process_jianguan_start',NULL,NULL,NULL,'',NULL),('1792503','1792503','Project:1000460','pm_process_jianguan:1:1775011','2017-04-06 09:47:56',NULL,NULL,'4','pm_process_jianguan_start',NULL,NULL,NULL,'',NULL),('1797501','1797501','Project:1000461','pm_process_jianguan:1:1775011','2017-05-17 02:08:17',NULL,NULL,'68','pm_process_jianguan_start',NULL,NULL,NULL,'',NULL),('1800001','1800001','Project:1000462','pm_process_jianguan:1:1775011','2017-05-17 02:45:50',NULL,NULL,'68','pm_process_jianguan_start',NULL,NULL,NULL,'',NULL),('1802503','1802503','Project:1000463','pm_process_jianguan:1:1775011','2017-05-17 02:56:03',NULL,NULL,'71','pm_process_jianguan_start',NULL,NULL,NULL,'',NULL),('1802529','1802529','Project:1000464','pm_process_jianguan:1:1775011','2017-05-17 03:05:06',NULL,NULL,'72','pm_process_jianguan_start',NULL,NULL,NULL,'',NULL),('1802557','1802557','Project:1000465','pm_process_jianguan:1:1775011','2017-05-17 03:17:30',NULL,NULL,'68','pm_process_jianguan_start',NULL,NULL,NULL,'',NULL),('1802587','1802587','Project:1000466','pm_process_jianguan:1:1775011','2017-05-17 18:41:08',NULL,NULL,'75','pm_process_jianguan_start',NULL,NULL,NULL,'',NULL);
/*!40000 ALTER TABLE `ACT_HI_PROCINST` ENABLE KEYS */;
UNLOCK TABLES;

--
-- Table structure for table `ACT_HI_TASKINST`
--

DROP TABLE IF EXISTS `ACT_HI_TASKINST`;
/*!40101 SET @saved_cs_client     = @@character_set_client */;
/*!40101 SET character_set_client = utf8 */;
CREATE TABLE `ACT_HI_TASKINST` (
  `ID_` varchar(64) COLLATE utf8_bin NOT NULL,
  `PROC_DEF_ID_` varchar(64) COLLATE utf8_bin DEFAULT NULL,
  `TASK_DEF_KEY_` varchar(255) COLLATE utf8_bin DEFAULT NULL,
  `PROC_INST_ID_` varchar(64) COLLATE utf8_bin DEFAULT NULL,
  `EXECUTION_ID_` varchar(64) COLLATE utf8_bin DEFAULT NULL,
  `NAME_` varchar(255) COLLATE utf8_bin DEFAULT NULL,
  `PARENT_TASK_ID_` varchar(64) COLLATE utf8_bin DEFAULT NULL,
  `DESCRIPTION_` varchar(4000) COLLATE utf8_bin DEFAULT NULL,
  `OWNER_` varchar(255) COLLATE utf8_bin DEFAULT NULL,
  `ASSIGNEE_` varchar(255) COLLATE utf8_bin DEFAULT NULL,
  `START_TIME_` datetime NOT NULL,
  `CLAIM_TIME_` datetime DEFAULT NULL,
  `END_TIME_` datetime DEFAULT NULL,
  `DURATION_` bigint(20) DEFAULT NULL,
  `DELETE_REASON_` varchar(4000) COLLATE utf8_bin DEFAULT NULL,
  `PRIORITY_` int(11) DEFAULT NULL,
  `DUE_DATE_` datetime DEFAULT NULL,
  `FORM_KEY_` varchar(255) COLLATE utf8_bin DEFAULT NULL,
  `CATEGORY_` varchar(255) COLLATE utf8_bin DEFAULT NULL,
  `TENANT_ID_` varchar(255) COLLATE utf8_bin DEFAULT '',
  PRIMARY KEY (`ID_`),
  KEY `ACT_IDX_HI_TASK_INST_PROCINST` (`PROC_INST_ID_`)
) ENGINE=InnoDB DEFAULT CHARSET=utf8 COLLATE=utf8_bin;
/*!40101 SET character_set_client = @saved_cs_client */;

--
-- Dumping data for table `ACT_HI_TASKINST`
--

LOCK TABLES `ACT_HI_TASKINST` WRITE;
/*!40000 ALTER TABLE `ACT_HI_TASKINST` DISABLE KEYS */;
INSERT INTO `ACT_HI_TASKINST` VALUES ('1697590','pm_process_jianguan:1:1775011','submitMonthlyCheck','1777501','1780042','提交周期监测',NULL,NULL,NULL,'6','2017-03-25 17:41:51',NULL,'2017-03-25 16:45:58',-3352157,'completed',50,NULL,NULL,'1',''),('1697594','pm_process_jianguan:1:1775011','submitMonthlyReport','1777501','1697588','提交周期报告',NULL,NULL,NULL,'4','2017-03-25 17:41:51',NULL,'2017-03-25 16:46:37',-3313555,'completed',50,NULL,NULL,'1',''),('1697600','pm_process_jianguan:1:1775011','submitMonthlyCheck','1777501','1697588','提交周期监测',NULL,NULL,NULL,'6','2017-03-25 17:46:12',NULL,'2017-03-25 16:50:45',-3326569,'completed',50,NULL,NULL,'1',''),('1697604','pm_process_jianguan:1:1775011','submitMonthlyReport','1777501','1697598','提交周期报告',NULL,NULL,NULL,'4','2017-03-25 17:46:12',NULL,'2017-03-25 16:51:19',-3292827,'completed',50,NULL,NULL,'1',''),('1697610','pm_process_jianguan:1:1775011','submitMonthlyCheck','1777501','1697588','提交周期监测',NULL,NULL,NULL,'6','2017-03-25 17:50:52',NULL,'2017-03-25 16:53:39',-3432740,'completed',50,NULL,NULL,'1',''),('1697614','pm_process_jianguan:1:1775011','submitMonthlyReport','1777501','1697608','提交周期报告',NULL,NULL,NULL,'4','2017-03-25 17:50:52',NULL,'2017-03-25 16:52:40',-3492000,'completed',50,NULL,NULL,'1',''),('1697620','pm_process_jianguan:1:1775011','submitMonthlyCheck','1777501','1697588','提交周期监测',NULL,NULL,NULL,'6','2017-03-25 17:53:12',NULL,'2017-03-25 17:11:51',-2480863,'completed',50,NULL,NULL,'1',''),('1697624','pm_process_jianguan:1:1775011','submitMonthlyReport','1777501','1697618','提交周期报告',NULL,NULL,NULL,'4','2017-03-25 17:53:12',NULL,'2017-03-25 17:12:18',-2453905,'completed',50,NULL,NULL,'1',''),('1697630','pm_process_jianguan:1:1775011','submitMonthlyCheck','1780462','1780551','提交周期监测',NULL,NULL,NULL,'58','2017-03-27 10:51:46',NULL,'2017-03-27 09:59:26',-3139919,'completed',50,NULL,NULL,'1',''),('1697635','pm_process_jianguan:1:1775011','submitMonthlyReport','1780462','1697628','提交周期报告',NULL,NULL,NULL,'57','2017-03-27 10:51:46',NULL,'2017-03-27 09:53:59',-3466773,'completed',50,NULL,NULL,'1',''),('1697641','pm_process_jianguan:1:1775011','submitMonthlyCheck','1780462','1697628','提交周期监测',NULL,NULL,NULL,'58','2017-03-27 10:58:57',NULL,'2017-03-27 10:25:32',-2004860,'completed',50,NULL,NULL,'1',''),('1697645','pm_process_jianguan:1:1775011','submitMonthlyReport','1780462','1697639','提交周期报告',NULL,NULL,NULL,'57','2017-03-27 10:58:57',NULL,'2017-03-27 10:19:41',-2355354,'completed',50,NULL,NULL,'1',''),('1697651','pm_process_jianguan:1:1775011','submitMonthlyCheck','1780462','1697628','提交周期监测',NULL,NULL,NULL,'58','2017-03-27 11:25:03',NULL,'2017-03-27 10:28:43',-3379759,'completed',50,NULL,NULL,'1',''),('1697655','pm_process_jianguan:1:1775011','submitMonthlyReport','1780462','1697649','提交周期报告',NULL,NULL,NULL,'57','2017-03-27 11:25:03',NULL,'2017-03-27 10:29:18',-3344584,'completed',50,NULL,NULL,'1',''),('1697661','pm_process_jianguan:1:1775011','submitMonthlyCheck','1780959','1785048','提交周期监测',NULL,NULL,NULL,'6','2017-03-27 15:07:00',NULL,'2017-03-27 15:03:17',-222428,'completed',50,NULL,NULL,'1',''),('1697666','pm_process_jianguan:1:1775011','submitMonthlyReport','1780959','1697659','提交周期报告',NULL,NULL,NULL,'55','2017-03-27 15:07:00',NULL,'2017-03-27 14:48:47',-1092972,'completed',50,NULL,NULL,'1',''),('1697672','pm_process_jianguan:1:1775011','submitMonthlyCheck','1780959','1697659','提交周期监测',NULL,NULL,NULL,'6','2017-03-27 16:02:48',NULL,'2017-03-27 15:20:39',-2528634,'completed',50,NULL,NULL,'1',''),('1697676','pm_process_jianguan:1:1775011','submitMonthlyReport','1780959','1697670','提交周期报告',NULL,NULL,NULL,'55','2017-03-27 16:02:48',NULL,'2017-03-27 15:09:50',-3177471,'completed',50,NULL,NULL,'1',''),('1697682','pm_process_jianguan:1:1775011','submitMonthlyCheck','1782501','1787672','提交周期监测',NULL,NULL,NULL,'58','2017-03-27 16:12:13',NULL,NULL,NULL,NULL,50,NULL,NULL,'1',''),('1697687','pm_process_jianguan:1:1775011','submitMonthlyReport','1782501','1697680','提交周期报告',NULL,NULL,NULL,'4','2017-03-27 16:12:13',NULL,NULL,NULL,NULL,50,NULL,NULL,'1',''),('1697693','pm_process_jianguan:1:1775011','submitMonthlyCheck','1780959','1697659','提交周期监测',NULL,NULL,NULL,'6','2017-03-27 16:20:09',NULL,'2017-03-27 15:26:46',-3202339,'completed',50,NULL,NULL,'1',''),('1697697','pm_process_jianguan:1:1775011','submitMonthlyReport','1780959','1697691','提交周期报告',NULL,NULL,NULL,'55','2017-03-27 16:20:09',NULL,'2017-03-27 15:24:15',-3353169,'completed',50,NULL,NULL,'1',''),('1697703','pm_process_jianguan:1:1775011','submitMonthlyCheck','1787931','1788183','提交周期监测',NULL,NULL,NULL,'58','2017-03-27 17:58:54',NULL,NULL,NULL,NULL,50,NULL,NULL,'1',''),('1697708','pm_process_jianguan:1:1775011','submitMonthlyReport','1787931','1697701','提交周期报告',NULL,NULL,NULL,'55','2017-03-27 17:58:54',NULL,NULL,NULL,NULL,50,NULL,NULL,'1',''),('1697714','pm_process_jianguan:1:1775011','submitMonthlyCheck','1788190','1788279','提交周期监测',NULL,NULL,NULL,'58','2017-03-27 20:41:37',NULL,NULL,NULL,NULL,50,NULL,NULL,'1',''),('1697719','pm_process_jianguan:1:1775011','submitMonthlyReport','1788190','1697712','提交周期报告',NULL,NULL,NULL,'57','2017-03-27 20:41:38',NULL,NULL,NULL,NULL,50,NULL,NULL,'1',''),('1697725','pm_process_jianguan:1:1775011','submitMonthlyCheck','1788286','1788376','提交周期监测',NULL,NULL,NULL,'58','2017-03-27 20:52:23',NULL,'2017-03-27 19:54:39',-3463634,'completed',50,NULL,NULL,'1',''),('1697730','pm_process_jianguan:1:1775011','submitMonthlyReport','1788286','1697723','提交周期报告',NULL,NULL,NULL,'57','2017-03-27 20:52:23',NULL,'2017-03-27 19:58:37',-3225404,'completed',50,NULL,NULL,'1',''),('1697736','pm_process_jianguan:1:1775011','submitMonthlyCheck','1788286','1697723','提交周期监测',NULL,NULL,NULL,'58','2017-03-27 20:58:04',NULL,NULL,NULL,NULL,50,NULL,NULL,'1',''),('1697740','pm_process_jianguan:1:1775011','submitMonthlyReport','1788286','1697734','提交周期报告',NULL,NULL,NULL,'57','2017-03-27 20:58:04',NULL,'2017-03-27 20:00:14',-3469075,'completed',50,NULL,NULL,'1',''),('1777525','pm_process_jianguan:1:1775011','officerApproval','1777501','1777501','管理员审批',NULL,NULL,NULL,'5','2017-03-25 16:31:38','2017-03-25 16:32:30','2017-03-25 16:32:30',52779,'completed',50,NULL,NULL,'1',''),('1777543','pm_process_jianguan:1:1775011','committeeApproval','1777501','1777501','决策委员会审批',NULL,NULL,NULL,'6','2017-03-25 16:32:30','2017-03-25 16:40:04','2017-03-25 16:40:04',454904,'completed',50,NULL,NULL,'1',''),('1780018','pm_process_jianguan:1:1775011','departleaderApproval','1777501','1777501','部门经理审批',NULL,NULL,NULL,'7','2017-03-25 16:40:04',NULL,'2017-03-25 16:42:15',131523,'completed',50,NULL,NULL,'1',''),('1780044','pm_process_jianguan:1:1775011','pmSubmitMIdMaterial','1777501','1780041','项目经理提交中期评审材料',NULL,NULL,NULL,'4','2017-03-25 16:42:15',NULL,'2017-03-25 16:55:10',775997,'completed',50,NULL,NULL,'1',''),('1780093','pm_process_jianguan:1:1775011','DispatcherMidMaster','1777501','1780041','管理人员指定中期评审专家',NULL,NULL,NULL,'5','2017-03-25 16:55:11',NULL,'2017-03-25 16:56:28',77619,'completed',50,NULL,NULL,'1',''),('1780115','pm_process_jianguan:1:1775011','midApprovalReport','1777501','1780041','项目经理提交中期评审报告',NULL,NULL,NULL,'4','2017-03-25 16:56:28',NULL,'2017-03-25 16:57:49',81014,'completed',50,NULL,NULL,'1',''),('1780137','pm_process_jianguan:1:1775011','inputMidGrade','1777501','1780041','管理人员录入中期评审专家评分',NULL,NULL,NULL,'5','2017-03-25 16:57:49',NULL,'2017-03-25 17:01:10',201918,'completed',50,NULL,NULL,'1',''),('1780161','pm_process_jianguan:1:1775011','midCommitteeApproval','1777501','1780041','决策委员会中期评审',NULL,NULL,NULL,'6','2017-03-25 17:01:10',NULL,'2017-03-25 17:01:34',24940,'completed',50,NULL,NULL,'1',''),('1780188','pm_process_jianguan:1:1775011','departleaderMidApproval','1777501','1780041','部门经理审核中期结果',NULL,NULL,NULL,'7','2017-03-25 17:01:34',NULL,'2017-03-25 17:08:47',433521,'completed',50,NULL,NULL,'1',''),('1780215','pm_process_jianguan:1:1775011','pmSubmitEndMaterial','1777501','1780041','项目经理提交终期评审材料',NULL,NULL,NULL,'4','2017-03-25 17:08:47',NULL,'2017-03-25 17:09:11',24692,'completed',50,NULL,NULL,'1',''),('1780241','pm_process_jianguan:1:1775011','DispatcherEndMaster','1777501','1780041','管理人员指定终期评审专家',NULL,NULL,NULL,'5','2017-03-25 17:09:11',NULL,'2017-03-25 17:09:31',20921,'completed',50,NULL,NULL,'1',''),('1780269','pm_process_jianguan:1:1775011','endApprovalReport','1777501','1780041','项目经理提交终期评审报告',NULL,NULL,NULL,'4','2017-03-25 17:09:31',NULL,'2017-03-25 17:10:00',29908,'completed',50,NULL,NULL,'1',''),('1780297','pm_process_jianguan:1:1775011','inputEndGrade','1777501','1780041','管理人员录入终期评审专家评分',NULL,NULL,NULL,'5','2017-03-25 17:10:00',NULL,'2017-03-25 17:10:32',32321,'completed',50,NULL,NULL,'1',''),('1780327','pm_process_jianguan:1:1775011','committeeEndApproval','1777501','1780041','决策委员会终期评审',NULL,NULL,NULL,'6','2017-03-25 17:10:32',NULL,'2017-03-25 17:10:50',18261,'completed',50,NULL,NULL,'1',''),('1780360','pm_process_jianguan:1:1775011','departleaderEndApproval','1777501','1780041','部门经理审核终期结果',NULL,NULL,NULL,'7','2017-03-25 17:10:50',NULL,'2017-03-25 17:11:22',32964,'completed',50,NULL,NULL,'1',''),('1780398','pm_process_jianguan:1:1775011','PMSelfConclusion','1777501','1777501','项目经理自评',NULL,NULL,NULL,'4','2017-03-25 17:12:18',NULL,'2017-03-25 17:12:31',13340,'completed',50,NULL,NULL,'1',''),('1780429','pm_process_jianguan:1:1775011','departleaderConclusion','1777501','1777501','部门经理评价',NULL,NULL,NULL,'7','2017-03-25 17:12:31',NULL,'2017-03-25 17:12:54',23008,'completed',50,NULL,NULL,'1',''),('1780486','pm_process_jianguan:1:1775011','officerApproval','1780462','1780462','管理员审批',NULL,NULL,NULL,'59','2017-03-27 09:23:25','2017-03-27 09:26:07','2017-03-27 09:26:07',162709,'completed',50,NULL,NULL,'1',''),('1780505','pm_process_jianguan:1:1775011','committeeApproval','1780462','1780462','决策委员会审批',NULL,NULL,NULL,'58','2017-03-27 09:26:07','2017-03-27 09:47:09','2017-03-27 09:47:10',1263142,'completed',50,NULL,NULL,'1',''),('1780527','pm_process_jianguan:1:1775011','departleaderApproval','1780462','1780462','部门经理审批',NULL,NULL,NULL,'53','2017-03-27 09:47:10',NULL,'2017-03-27 09:52:15',305820,'completed',50,NULL,NULL,'1',''),('1780553','pm_process_jianguan:1:1775011','pmSubmitMIdMaterial','1780462','1780550','项目经理提交中期评审材料',NULL,NULL,NULL,'57','2017-03-27 09:52:15',NULL,'2017-03-27 09:54:35',140283,'completed',50,NULL,NULL,'1',''),('1780578','pm_process_jianguan:1:1775011','DispatcherMidMaster','1780462','1780550','管理人员指定中期评审专家',NULL,NULL,NULL,'59','2017-03-27 09:54:35',NULL,'2017-03-27 09:55:20',45305,'completed',50,NULL,NULL,'1',''),('1780599','pm_process_jianguan:1:1775011','midApprovalReport','1780462','1780550','项目经理提交中期评审报告',NULL,NULL,NULL,'57','2017-03-27 09:55:20',NULL,'2017-03-27 09:56:29',69020,'completed',50,NULL,NULL,'1',''),('1780620','pm_process_jianguan:1:1775011','inputMidGrade','1780462','1780550','管理人员录入中期评审专家评分',NULL,NULL,NULL,'59','2017-03-27 09:56:29',NULL,'2017-03-27 09:57:24',55246,'completed',50,NULL,NULL,'1',''),('1780643','pm_process_jianguan:1:1775011','midCommitteeApproval','1780462','1780550','决策委员会中期评审',NULL,NULL,NULL,'58','2017-03-27 09:57:24',NULL,'2017-03-27 10:00:40',196881,'completed',50,NULL,NULL,'1',''),('1780677','pm_process_jianguan:1:1775011','departleaderMidApproval','1780462','1780550','部门经理审核中期结果',NULL,NULL,NULL,'53','2017-03-27 10:00:40',NULL,'2017-03-27 10:02:45',125346,'completed',50,NULL,NULL,'1',''),('1780704','pm_process_jianguan:1:1775011','pmSubmitEndMaterial','1780462','1780550','项目经理提交终期评审材料',NULL,NULL,NULL,'57','2017-03-27 10:02:45',NULL,'2017-03-27 10:21:07',1102271,'completed',50,NULL,NULL,'1',''),('1780732','pm_process_jianguan:1:1775011','DispatcherEndMaster','1780462','1780550','管理人员指定终期评审专家',NULL,NULL,NULL,'59','2017-03-27 10:21:07',NULL,'2017-03-27 10:21:48',41742,'completed',50,NULL,NULL,'1',''),('1780760','pm_process_jianguan:1:1775011','endApprovalReport','1780462','1780550','项目经理提交终期评审报告',NULL,NULL,NULL,'57','2017-03-27 10:21:48',NULL,'2017-03-27 10:23:16',88455,'completed',50,NULL,NULL,'1',''),('1780788','pm_process_jianguan:1:1775011','inputEndGrade','1780462','1780550','管理人员录入终期评审专家评分',NULL,NULL,NULL,'59','2017-03-27 10:23:16',NULL,'2017-03-27 10:24:32',76299,'completed',50,NULL,NULL,'1',''),('1780818','pm_process_jianguan:1:1775011','committeeEndApproval','1780462','1780550','决策委员会终期评审',NULL,NULL,NULL,'58','2017-03-27 10:24:32',NULL,'2017-03-27 10:25:48',76931,'completed',50,NULL,NULL,'1',''),('1780857','pm_process_jianguan:1:1775011','departleaderEndApproval','1780462','1780550','部门经理审核终期结果',NULL,NULL,NULL,'53','2017-03-27 10:25:48',NULL,'2017-03-27 10:26:40',52987,'completed',50,NULL,NULL,'1',''),('1780895','pm_process_jianguan:1:1775011','PMSelfConclusion','1780462','1780462','项目经理自评',NULL,NULL,NULL,'57','2017-03-27 10:29:18',NULL,'2017-03-27 10:30:10',52342,'completed',50,NULL,NULL,'1',''),('1780926','pm_process_jianguan:1:1775011','departleaderConclusion','1780462','1780462','部门经理评价',NULL,NULL,NULL,'53','2017-03-27 10:30:10',NULL,'2017-03-27 10:31:43',93000,'completed',50,NULL,NULL,'1',''),('1780983','pm_process_jianguan:1:1775011','officerApproval','1780959','1780959','管理员审批',NULL,NULL,NULL,'59','2017-03-27 10:55:08','2017-03-27 11:00:07','2017-03-27 11:00:07',299364,'completed',50,NULL,NULL,'1',''),('1781002','pm_process_jianguan:1:1775011','committeeApproval','1780959','1780959','决策委员会审批',NULL,NULL,NULL,'6','2017-03-27 11:00:07','2017-03-27 13:20:40','2017-03-27 13:20:41',8434166,'completed',50,NULL,NULL,'1',''),('1781032','pm_process_jianguan:1:1775011','officerApproval','1781008','1781008','管理员审批',NULL,NULL,NULL,NULL,'2017-03-27 12:32:44',NULL,NULL,NULL,NULL,50,NULL,NULL,'1',''),('1782525','pm_process_jianguan:1:1775011','officerApproval','1782501','1782501','管理员审批',NULL,NULL,NULL,'5','2017-03-27 13:19:31','2017-03-27 13:19:59','2017-03-27 13:19:59',28663,'completed',50,NULL,NULL,'1',''),('1782544','pm_process_jianguan:1:1775011','committeeApproval','1782501','1782501','决策委员会审批',NULL,NULL,NULL,'58','2017-03-27 13:19:59','2017-03-27 13:23:38','2017-03-27 13:23:38',219553,'completed',50,NULL,NULL,'1',''),('1782564','pm_process_jianguan:1:1775011','departleaderApproval','1780959','1780959','部门经理审批',NULL,NULL,NULL,'53','2017-03-27 13:20:41',NULL,'2017-03-27 14:07:30',2809000,'completed',50,NULL,NULL,'1',''),('1782583','pm_process_jianguan:1:1775011','departleaderApproval','1782501','1782501','部门经理审批',NULL,NULL,NULL,'53','2017-03-27 13:23:38','2017-03-27 15:12:45','2017-03-27 15:12:45',6547809,'completed',50,NULL,NULL,'1',''),('1785025','pm_process_jianguan:1:1775011','officerApproval','1785001','1785001','管理员审批',NULL,NULL,NULL,NULL,'2017-03-27 13:47:51',NULL,NULL,NULL,NULL,50,NULL,NULL,'1',''),('1785050','pm_process_jianguan:1:1775011','pmSubmitMIdMaterial','1780959','1785047','项目经理提交中期评审材料',NULL,NULL,NULL,'55','2017-03-27 14:07:30',NULL,'2017-03-27 14:49:31',2521153,'completed',50,NULL,NULL,'1',''),('1787521','pm_process_jianguan:1:1775011','DispatcherMidMaster','1780959','1785047','管理人员指定中期评审专家',NULL,NULL,NULL,'59','2017-03-27 14:49:31',NULL,'2017-03-27 14:54:17',286307,'completed',50,NULL,NULL,'1',''),('1787542','pm_process_jianguan:1:1775011','midApprovalReport','1780959','1785047','项目经理提交中期评审报告',NULL,NULL,NULL,'55','2017-03-27 14:54:17',NULL,'2017-03-27 14:58:32',255872,'completed',50,NULL,NULL,'1',''),('1787563','pm_process_jianguan:1:1775011','inputMidGrade','1780959','1785047','管理人员录入中期评审专家评分',NULL,NULL,NULL,'59','2017-03-27 14:58:32',NULL,'2017-03-27 15:00:58',146737,'completed',50,NULL,NULL,'1',''),('1787586','pm_process_jianguan:1:1775011','midCommitteeApproval','1780959','1785047','决策委员会中期评审',NULL,NULL,NULL,'6','2017-03-27 15:00:58',NULL,'2017-03-27 15:03:35',157405,'completed',50,NULL,NULL,'1',''),('1787620','pm_process_jianguan:1:1775011','departleaderMidApproval','1780959','1785047','部门经理审核中期结果',NULL,NULL,NULL,'53','2017-03-27 15:03:35',NULL,'2017-03-27 15:04:58',83416,'completed',50,NULL,NULL,'1',''),('1787647','pm_process_jianguan:1:1775011','pmSubmitEndMaterial','1780959','1785047','项目经理提交终期评审材料',NULL,NULL,NULL,'55','2017-03-27 15:04:58',NULL,'2017-03-27 15:15:32',634511,'completed',50,NULL,NULL,'1',''),('1787674','pm_process_jianguan:1:1775011','pmSubmitMIdMaterial','1782501','1787671','项目经理提交中期评审材料',NULL,NULL,NULL,'4','2017-03-27 15:12:45',NULL,NULL,NULL,NULL,50,NULL,NULL,'1',''),('1787704','pm_process_jianguan:1:1775011','DispatcherEndMaster','1780959','1785047','管理人员指定终期评审专家',NULL,NULL,NULL,'59','2017-03-27 15:15:32',NULL,'2017-03-27 15:17:03',91390,'completed',50,NULL,NULL,'1',''),('1787732','pm_process_jianguan:1:1775011','endApprovalReport','1780959','1785047','项目经理提交终期评审报告',NULL,NULL,NULL,'55','2017-03-27 15:17:03',NULL,'2017-03-27 15:19:14',131332,'completed',50,NULL,NULL,'1',''),('1787760','pm_process_jianguan:1:1775011','inputEndGrade','1780959','1785047','管理人员录入终期评审专家评分',NULL,NULL,NULL,'59','2017-03-27 15:19:14',NULL,'2017-03-27 15:19:48',34883,'completed',50,NULL,NULL,'1',''),('1787790','pm_process_jianguan:1:1775011','committeeEndApproval','1780959','1785047','决策委员会终期评审',NULL,NULL,NULL,'6','2017-03-27 15:19:48',NULL,'2017-03-27 15:20:29',41064,'completed',50,NULL,NULL,'1',''),('1787823','pm_process_jianguan:1:1775011','departleaderEndApproval','1780959','1785047','部门经理审核终期结果',NULL,NULL,NULL,'53','2017-03-27 15:20:29',NULL,'2017-03-27 15:21:38',69776,'completed',50,NULL,NULL,'1',''),('1787867','pm_process_jianguan:1:1775011','PMSelfConclusion','1780959','1780959','项目经理自评',NULL,NULL,NULL,'55','2017-03-27 15:26:46',NULL,'2017-03-27 15:27:48',62956,'completed',50,NULL,NULL,'1',''),('1787898','pm_process_jianguan:1:1775011','departleaderConclusion','1780959','1780959','部门经理评价',NULL,NULL,NULL,'53','2017-03-27 15:27:48',NULL,'2017-03-27 15:28:35',47050,'completed',50,NULL,NULL,'1',''),('1787955','pm_process_jianguan:1:1775011','officerApproval','1787931','1787931','管理员审批',NULL,NULL,NULL,'59','2017-03-27 15:31:28','2017-03-27 16:01:40','2017-03-27 16:01:40',1812517,'completed',50,NULL,NULL,'1',''),('1787983','changeProcess:1:1775012','committeeApprovalChange','1787957','1787957','决策委员会审批变更',NULL,NULL,NULL,'58','2017-03-27 15:46:42','2017-03-27 16:09:54','2017-03-27 16:09:54',1392759,'completed',50,NULL,NULL,'1',''),('1788004','pm_process_jianguan:1:1775011','committeeApproval','1787931','1787931','决策委员会审批',NULL,NULL,NULL,'58','2017-03-27 16:01:40','2017-03-27 16:57:15','2017-03-27 16:57:15',3335773,'completed',50,NULL,NULL,'1',''),('1788016','changeProcess:1:1775012','departleaderApprovalChange','1787957','1787957','部门经理审批变更',NULL,NULL,NULL,'53','2017-03-27 16:09:55','2017-03-27 16:15:09','2017-03-27 16:15:09',314974,'completed',50,NULL,NULL,'1',''),('1788051','changeProcess:1:1775012','committeeApprovalChange','1788023','1788023','决策委员会审批变更',NULL,NULL,NULL,'58','2017-03-27 16:24:37','2017-03-27 16:33:40','2017-03-27 16:33:41',544057,'completed',50,NULL,NULL,'1',''),('1788062','changeProcess:1:1775012','modifyChange','1788023','1788023','修改变更',NULL,NULL,NULL,'55','2017-03-27 16:33:41',NULL,'2017-03-27 16:43:55',614945,'completed',50,NULL,NULL,'1',''),('1788095','changeProcess:1:1775012','committeeApprovalChange','1788067','1788067','决策委员会审批变更',NULL,NULL,NULL,'58','2017-03-27 16:45:23','2017-03-27 16:46:58','2017-03-27 16:46:58',95369,'completed',50,NULL,NULL,'1',''),('1788106','changeProcess:1:1775012','modifyChange','1788067','1788067','修改变更',NULL,NULL,NULL,'55','2017-03-27 16:46:58',NULL,'2017-03-27 16:49:40',162548,'completed',50,NULL,NULL,'1',''),('1788111','changeProcess:1:1775012','committeeApprovalChange','1788067','1788067','决策委员会审批变更',NULL,NULL,NULL,'58','2017-03-27 16:49:40','2017-03-27 16:51:14','2017-03-27 16:51:14',94746,'completed',50,NULL,NULL,'1',''),('1788119','changeProcess:1:1775012','departleaderApprovalChange','1788067','1788067','部门经理审批变更',NULL,NULL,NULL,'53','2017-03-27 16:51:14','2017-03-27 16:52:22','2017-03-27 16:52:22',68325,'completed',50,NULL,NULL,'1',''),('1788126','changeProcess:1:1775012','modifyChange','1788067','1788067','修改变更',NULL,NULL,NULL,'55','2017-03-27 16:52:22',NULL,'2017-03-27 16:53:15',53103,'completed',50,NULL,NULL,'1',''),('1788130','changeProcess:1:1775012','committeeApprovalChange','1788067','1788067','决策委员会审批变更',NULL,NULL,NULL,'58','2017-03-27 16:53:15','2017-03-27 16:56:12','2017-03-27 16:56:12',177982,'completed',50,NULL,NULL,'1',''),('1788138','changeProcess:1:1775012','departleaderApprovalChange','1788067','1788067','部门经理审批变更',NULL,NULL,NULL,'53','2017-03-27 16:56:13','2017-03-27 16:59:16','2017-03-27 16:59:16',183444,'completed',50,NULL,NULL,'1',''),('1788156','pm_process_jianguan:1:1775011','departleaderApproval','1787931','1787931','部门经理审批',NULL,NULL,NULL,'53','2017-03-27 16:57:15','2017-03-27 16:59:25','2017-03-27 16:59:25',130967,'completed',50,NULL,NULL,'1',''),('1788185','pm_process_jianguan:1:1775011','pmSubmitMIdMaterial','1787931','1788182','项目经理提交中期评审材料',NULL,NULL,NULL,'55','2017-03-27 16:59:25',NULL,NULL,NULL,NULL,50,NULL,NULL,'1',''),('1788214','pm_process_jianguan:1:1775011','officerApproval','1788190','1788190','管理员审批',NULL,NULL,NULL,'59','2017-03-27 19:35:41','2017-03-27 19:37:12','2017-03-27 19:37:12',91752,'completed',50,NULL,NULL,'1',''),('1788233','pm_process_jianguan:1:1775011','committeeApproval','1788190','1788190','决策委员会审批',NULL,NULL,NULL,'58','2017-03-27 19:37:12','2017-03-27 19:38:30','2017-03-27 19:38:30',78345,'completed',50,NULL,NULL,'1',''),('1788255','pm_process_jianguan:1:1775011','departleaderApproval','1788190','1788190','部门经理审批',NULL,NULL,NULL,'53','2017-03-27 19:38:30',NULL,'2017-03-27 19:42:09',219841,'completed',50,NULL,NULL,'1',''),('1788281','pm_process_jianguan:1:1775011','pmSubmitMIdMaterial','1788190','1788278','项目经理提交中期评审材料',NULL,NULL,NULL,'57','2017-03-27 19:42:09',NULL,NULL,NULL,NULL,50,NULL,NULL,'1',''),('1788310','pm_process_jianguan:1:1775011','officerApproval','1788286','1788286','管理员审批',NULL,NULL,NULL,'59','2017-03-27 19:48:09','2017-03-27 19:49:10','2017-03-27 19:49:11',62004,'completed',50,NULL,NULL,'1',''),('1788330','pm_process_jianguan:1:1775011','committeeApproval','1788286','1788286','决策委员会审批',NULL,NULL,NULL,'58','2017-03-27 19:49:11','2017-03-27 19:52:20','2017-03-27 19:52:21',190232,'completed',50,NULL,NULL,'1',''),('1788352','pm_process_jianguan:1:1775011','departleaderApproval','1788286','1788286','部门经理审批',NULL,NULL,NULL,'53','2017-03-27 19:52:21',NULL,'2017-03-27 19:52:53',32075,'completed',50,NULL,NULL,'1',''),('1788378','pm_process_jianguan:1:1775011','pmSubmitMIdMaterial','1788286','1788375','项目经理提交中期评审材料',NULL,NULL,NULL,'57','2017-03-27 19:52:53',NULL,'2017-03-27 19:58:51',358697,'completed',50,NULL,NULL,'1',''),('1788411','pm_process_jianguan:1:1775011','DispatcherMidMaster','1788286','1788375','管理人员指定中期评审专家',NULL,NULL,NULL,'59','2017-03-27 19:58:51',NULL,'2017-03-27 19:59:22',31307,'completed',50,NULL,NULL,'1',''),('1788433','pm_process_jianguan:1:1775011','midApprovalReport','1788286','1788375','项目经理提交中期评审报告',NULL,NULL,NULL,'57','2017-03-27 19:59:22',NULL,'2017-03-27 20:00:21',59440,'completed',50,NULL,NULL,'1',''),('1788457','pm_process_jianguan:1:1775011','inputMidGrade','1788286','1788375','管理人员录入中期评审专家评分',NULL,NULL,NULL,'59','2017-03-27 20:00:21',NULL,'2017-03-27 20:00:48',27487,'completed',50,NULL,NULL,'1',''),('1788481','pm_process_jianguan:1:1775011','midCommitteeApproval','1788286','1788375','决策委员会中期评审',NULL,NULL,NULL,'58','2017-03-27 20:00:48',NULL,NULL,NULL,NULL,50,NULL,NULL,'1',''),('1788508','pm_process_jianguan:1:1775011','officerApproval','1788484','1788484','管理员审批',NULL,NULL,NULL,NULL,'2017-03-27 20:08:50',NULL,NULL,NULL,NULL,50,NULL,NULL,'2',''),('1788534','pm_process_jianguan:1:1775011','officerApproval','1788510','1788510','管理员审批',NULL,NULL,NULL,NULL,'2017-03-28 10:59:23',NULL,NULL,NULL,NULL,50,NULL,NULL,'1',''),('1792527','pm_process_jianguan:1:1775011','officerApproval','1792503','1792503','管理员审批',NULL,NULL,NULL,'9','2017-04-06 09:47:56','2017-04-06 09:54:54','2017-04-06 09:54:54',418104,'completed',50,NULL,NULL,'2',''),('1792547','pm_process_jianguan:1:1775011','committeeApproval','1792503','1792503','决策委员会审批',NULL,NULL,NULL,'6','2017-04-06 09:54:54','2017-04-06 10:00:40','2017-04-06 10:00:40',346689,'completed',50,NULL,NULL,'2',''),('1792567','pm_process_jianguan:1:1775011','departleaderApproval','1792503','1792503','部门经理审批',NULL,NULL,NULL,'7','2017-04-06 10:00:40',NULL,'2017-04-06 10:05:26',286325,'completed',50,NULL,NULL,'2',''),('1792593','pm_process_jianguan:1:1775011','pmSubmitMIdMaterial','1792503','1792590','项目经理提交中期评审材料',NULL,NULL,NULL,'4','2017-04-06 10:05:26',NULL,NULL,NULL,NULL,50,NULL,NULL,'2',''),('1792603','pm_process_jianguan:1:1775011','submitMonthlyCheck','1792503','1792591','提交周期监测',NULL,NULL,NULL,'6','2017-04-06 10:07:30',NULL,NULL,NULL,NULL,50,NULL,NULL,'2',''),('1792608','pm_process_jianguan:1:1775011','submitMonthlyReport','1792503','1792601','提交周期报告',NULL,NULL,NULL,'4','2017-04-06 10:07:30',NULL,NULL,NULL,NULL,50,NULL,NULL,'2',''),('1797525','pm_process_jianguan:1:1775011','officerApproval','1797501','1797501','管理员审批',NULL,NULL,NULL,NULL,'2017-05-17 02:08:17',NULL,NULL,NULL,NULL,50,NULL,NULL,'1',''),('1800025','pm_process_jianguan:1:1775011','officerApproval','1800001','1800001','管理员审批',NULL,NULL,NULL,NULL,'2017-05-17 02:45:50',NULL,NULL,NULL,NULL,50,NULL,NULL,'1',''),('1802527','pm_process_jianguan:1:1775011','officerApproval','1802503','1802503','管理员审批',NULL,NULL,NULL,NULL,'2017-05-17 02:56:03',NULL,NULL,NULL,NULL,50,NULL,NULL,'1',''),('1802553','pm_process_jianguan:1:1775011','officerApproval','1802529','1802529','管理员审批',NULL,NULL,NULL,NULL,'2017-05-17 03:05:06',NULL,NULL,NULL,NULL,50,NULL,NULL,'1',''),('1802581','pm_process_jianguan:1:1775011','officerApproval','1802557','1802557','管理员审批',NULL,NULL,NULL,NULL,'2017-05-17 03:17:30',NULL,NULL,NULL,NULL,50,NULL,NULL,'1',''),('1802611','pm_process_jianguan:1:1775011','officerApproval','1802587','1802587','管理员审批',NULL,NULL,NULL,NULL,'2017-05-17 18:41:08',NULL,NULL,NULL,NULL,50,NULL,NULL,'1','');
/*!40000 ALTER TABLE `ACT_HI_TASKINST` ENABLE KEYS */;
UNLOCK TABLES;

--
-- Table structure for table `ACT_HI_VARINST`
--

DROP TABLE IF EXISTS `ACT_HI_VARINST`;
/*!40101 SET @saved_cs_client     = @@character_set_client */;
/*!40101 SET character_set_client = utf8 */;
CREATE TABLE `ACT_HI_VARINST` (
  `ID_` varchar(64) COLLATE utf8_bin NOT NULL,
  `PROC_INST_ID_` varchar(64) COLLATE utf8_bin DEFAULT NULL,
  `EXECUTION_ID_` varchar(64) COLLATE utf8_bin DEFAULT NULL,
  `TASK_ID_` varchar(64) COLLATE utf8_bin DEFAULT NULL,
  `NAME_` varchar(255) COLLATE utf8_bin NOT NULL,
  `VAR_TYPE_` varchar(100) COLLATE utf8_bin DEFAULT NULL,
  `REV_` int(11) DEFAULT NULL,
  `BYTEARRAY_ID_` varchar(64) COLLATE utf8_bin DEFAULT NULL,
  `DOUBLE_` double DEFAULT NULL,
  `LONG_` bigint(20) DEFAULT NULL,
  `TEXT_` varchar(4000) COLLATE utf8_bin DEFAULT NULL,
  `TEXT2_` varchar(4000) COLLATE utf8_bin DEFAULT NULL,
  `CREATE_TIME_` datetime DEFAULT NULL,
  `LAST_UPDATED_TIME_` datetime DEFAULT NULL,
  PRIMARY KEY (`ID_`),
  KEY `ACT_IDX_HI_PROCVAR_PROC_INST` (`PROC_INST_ID_`),
  KEY `ACT_IDX_HI_PROCVAR_NAME_TYPE` (`NAME_`,`VAR_TYPE_`),
  KEY `ACT_IDX_HI_PROCVAR_TASK_ID` (`TASK_ID_`)
) ENGINE=InnoDB DEFAULT CHARSET=utf8 COLLATE=utf8_bin;
/*!40101 SET character_set_client = @saved_cs_client */;

--
-- Dumping data for table `ACT_HI_VARINST`
--

LOCK TABLES `ACT_HI_VARINST` WRITE;
/*!40000 ALTER TABLE `ACT_HI_VARINST` DISABLE KEYS */;
INSERT INTO `ACT_HI_VARINST` VALUES ('1777504','1777501','1777501',NULL,'projectManager','string',17,NULL,NULL,NULL,'4',NULL,'2017-03-25 16:31:38','2017-03-25 17:12:54'),('1777506','1777501','1777501',NULL,'officerGroup','string',17,NULL,NULL,NULL,'',NULL,'2017-03-25 16:31:38','2017-03-25 17:12:54'),('1777508','1777501','1777501',NULL,'committee','string',17,NULL,NULL,NULL,'6',NULL,'2017-03-25 16:31:38','2017-03-25 17:12:54'),('1777510','1777501','1777501',NULL,'officer','string',17,NULL,NULL,NULL,'5',NULL,'2017-03-25 16:31:38','2017-03-25 17:12:54'),('1777512','1777501','1777501',NULL,'departLeaderGroup','string',17,NULL,NULL,NULL,'',NULL,'2017-03-25 16:31:38','2017-03-25 17:12:54'),('1777514','1777501','1777501',NULL,'submitMonthlyReport_result','string',25,NULL,NULL,NULL,'pass',NULL,'2017-03-25 16:31:38','2017-03-25 17:12:54'),('1777516','1777501','1777501',NULL,'committees','string',17,NULL,NULL,NULL,'',NULL,'2017-03-25 16:31:38','2017-03-25 17:12:54'),('1777518','1777501','1777501',NULL,'departLeader','string',17,NULL,NULL,NULL,'7',NULL,'2017-03-25 16:31:38','2017-03-25 17:12:54'),('1777520','1777501','1777501',NULL,'departleaderEndApproval_result','string',17,NULL,NULL,NULL,'pass',NULL,'2017-03-25 16:31:38','2017-03-25 17:12:54'),('1777522','1777501','1777501',NULL,'committeeGroup','string',17,NULL,NULL,NULL,'',NULL,'2017-03-25 16:31:38','2017-03-25 17:12:54'),('1777528','1777501','1777501',NULL,'officerApproval_result','string',16,NULL,NULL,NULL,'pass',NULL,'2017-03-25 16:32:30','2017-03-25 17:12:54'),('1780002','1777501','1777501',NULL,'committeeApproval_result','string',15,NULL,NULL,NULL,'pass',NULL,'2017-03-25 16:40:04','2017-03-25 17:12:54'),('1780021','1777501','1777501',NULL,'cycleTime','string',14,NULL,NULL,NULL,'PT2M',NULL,'2017-03-25 16:42:15','2017-03-25 17:12:54'),('1780023','1777501','1777501',NULL,'departleaderApproval_result','string',14,NULL,NULL,NULL,'pass',NULL,'2017-03-25 16:42:15','2017-03-25 17:12:54'),('1780049','1777501','1777501',NULL,'submitMonthlyCheck_result','string',17,NULL,NULL,NULL,'pass',NULL,'2017-03-25 16:45:58','2017-03-25 17:12:54'),('1780074','1777501','1777501',NULL,'pmSubmitMIdMaterial_result','string',13,NULL,NULL,NULL,'pass',NULL,'2017-03-25 16:55:10','2017-03-25 17:12:54'),('1780095','1777501','1777501',NULL,'DispatcherMidMaster_result','string',12,NULL,NULL,NULL,'pass',NULL,'2017-03-25 16:56:28','2017-03-25 17:12:54'),('1780116','1777501','1777501',NULL,'midApprovalReport_result','string',11,NULL,NULL,NULL,'pass',NULL,'2017-03-25 16:57:48','2017-03-25 17:12:54'),('1780139','1777501','1777501',NULL,'inputMidGrade_result','string',10,NULL,NULL,NULL,'pass',NULL,'2017-03-25 17:01:10','2017-03-25 17:12:54'),('1780164','1777501','1777501',NULL,'midCommitteeApproval_result','string',9,NULL,NULL,NULL,'pass',NULL,'2017-03-25 17:01:34','2017-03-25 17:12:54'),('1780190','1777501','1777501',NULL,'departleaderMidApproval_result','string',8,NULL,NULL,NULL,'pass',NULL,'2017-03-25 17:08:47','2017-03-25 17:12:54'),('1780216','1777501','1777501',NULL,'pmSubmitEndMaterial_result','string',7,NULL,NULL,NULL,'pass',NULL,'2017-03-25 17:09:11','2017-03-25 17:12:54'),('1780243','1777501','1777501',NULL,'DispatcherEndMaster_result','string',6,NULL,NULL,NULL,'pass',NULL,'2017-03-25 17:09:31','2017-03-25 17:12:54'),('1780270','1777501','1777501',NULL,'endApprovalReport_result','string',5,NULL,NULL,NULL,'pass',NULL,'2017-03-25 17:10:00','2017-03-25 17:12:54'),('1780299','1777501','1777501',NULL,'inputEndGrade_result','string',4,NULL,NULL,NULL,'pass',NULL,'2017-03-25 17:10:32','2017-03-25 17:12:54'),('1780330','1777501','1777501',NULL,'committeeEndApproval_result','string',3,NULL,NULL,NULL,'pass',NULL,'2017-03-25 17:10:50','2017-03-25 17:12:54'),('1780399','1777501','1777501',NULL,'PMSelfConclusion_result','string',1,NULL,NULL,NULL,'pass',NULL,'2017-03-25 17:12:31','2017-03-25 17:12:54'),('1780431','1777501','1777501',NULL,'departleaderConclusion_result','string',0,NULL,NULL,NULL,'pass',NULL,'2017-03-25 17:12:53','2017-03-25 17:12:54'),('1780465','1780462','1780462',NULL,'projectManager','string',17,NULL,NULL,NULL,'57',NULL,'2017-03-27 09:23:25','2017-03-27 10:31:43'),('1780467','1780462','1780462',NULL,'officerGroup','string',17,NULL,NULL,NULL,'',NULL,'2017-03-27 09:23:25','2017-03-27 10:31:43'),('1780469','1780462','1780462',NULL,'committee','string',17,NULL,NULL,NULL,'58',NULL,'2017-03-27 09:23:25','2017-03-27 10:31:43'),('1780471','1780462','1780462',NULL,'officer','string',17,NULL,NULL,NULL,'59',NULL,'2017-03-27 09:23:25','2017-03-27 10:31:43'),('1780473','1780462','1780462',NULL,'departLeaderGroup','string',17,NULL,NULL,NULL,'',NULL,'2017-03-27 09:23:25','2017-03-27 10:31:43'),('1780475','1780462','1780462',NULL,'submitMonthlyReport_result','string',23,NULL,NULL,NULL,'pass',NULL,'2017-03-27 09:23:25','2017-03-27 10:31:43'),('1780477','1780462','1780462',NULL,'committees','string',17,NULL,NULL,NULL,'',NULL,'2017-03-27 09:23:25','2017-03-27 10:31:43'),('1780479','1780462','1780462',NULL,'departLeader','string',17,NULL,NULL,NULL,'53',NULL,'2017-03-27 09:23:25','2017-03-27 10:31:43'),('1780481','1780462','1780462',NULL,'departleaderEndApproval_result','string',17,NULL,NULL,NULL,'pass',NULL,'2017-03-27 09:23:25','2017-03-27 10:31:43'),('1780483','1780462','1780462',NULL,'committeeGroup','string',17,NULL,NULL,NULL,'',NULL,'2017-03-27 09:23:25','2017-03-27 10:31:43'),('1780489','1780462','1780462',NULL,'officerApproval_result','string',16,NULL,NULL,NULL,'pass',NULL,'2017-03-27 09:26:07','2017-03-27 10:31:43'),('1780511','1780462','1780462',NULL,'committeeApproval_result','string',15,NULL,NULL,NULL,'pass',NULL,'2017-03-27 09:47:10','2017-03-27 10:31:43'),('1780530','1780462','1780462',NULL,'cycleTime','string',14,NULL,NULL,NULL,'PT2M',NULL,'2017-03-27 09:52:15','2017-03-27 10:31:43'),('1780532','1780462','1780462',NULL,'departleaderApproval_result','string',14,NULL,NULL,NULL,'pass',NULL,'2017-03-27 09:52:15','2017-03-27 10:31:43'),('1780560','1780462','1780462',NULL,'pmSubmitMIdMaterial_result','string',13,NULL,NULL,NULL,'pass',NULL,'2017-03-27 09:54:35','2017-03-27 10:31:43'),('1780580','1780462','1780462',NULL,'DispatcherMidMaster_result','string',12,NULL,NULL,NULL,'pass',NULL,'2017-03-27 09:55:20','2017-03-27 10:31:43'),('1780600','1780462','1780462',NULL,'midApprovalReport_result','string',11,NULL,NULL,NULL,'pass',NULL,'2017-03-27 09:56:28','2017-03-27 10:31:43'),('1780622','1780462','1780462',NULL,'inputMidGrade_result','string',10,NULL,NULL,NULL,'pass',NULL,'2017-03-27 09:57:24','2017-03-27 10:31:43'),('1780646','1780462','1780462',NULL,'submitMonthlyCheck_result','string',12,NULL,NULL,NULL,'pass',NULL,'2017-03-27 09:59:26','2017-03-27 10:31:43'),('1780653','1780462','1780462',NULL,'midCommitteeApproval_result','string',9,NULL,NULL,NULL,'pass',NULL,'2017-03-27 10:00:40','2017-03-27 10:31:43'),('1780679','1780462','1780462',NULL,'departleaderMidApproval_result','string',8,NULL,NULL,NULL,'pass',NULL,'2017-03-27 10:02:45','2017-03-27 10:31:43'),('1780707','1780462','1780462',NULL,'pmSubmitEndMaterial_result','string',7,NULL,NULL,NULL,'pass',NULL,'2017-03-27 10:21:07','2017-03-27 10:31:43'),('1780734','1780462','1780462',NULL,'DispatcherEndMaster_result','string',6,NULL,NULL,NULL,'pass',NULL,'2017-03-27 10:21:48','2017-03-27 10:31:43'),('1780761','1780462','1780462',NULL,'endApprovalReport_result','string',5,NULL,NULL,NULL,'pass',NULL,'2017-03-27 10:23:16','2017-03-27 10:31:43'),('1780790','1780462','1780462',NULL,'inputEndGrade_result','string',4,NULL,NULL,NULL,'pass',NULL,'2017-03-27 10:24:32','2017-03-27 10:31:43'),('1780827','1780462','1780462',NULL,'committeeEndApproval_result','string',3,NULL,NULL,NULL,'pass',NULL,'2017-03-27 10:25:48','2017-03-27 10:31:43'),('1780896','1780462','1780462',NULL,'PMSelfConclusion_result','string',1,NULL,NULL,NULL,'pass',NULL,'2017-03-27 10:30:10','2017-03-27 10:31:43'),('1780928','1780462','1780462',NULL,'departleaderConclusion_result','string',0,NULL,NULL,NULL,'pass',NULL,'2017-03-27 10:31:42','2017-03-27 10:31:43'),('1780962','1780959','1780959',NULL,'projectManager','string',17,NULL,NULL,NULL,'55',NULL,'2017-03-27 10:55:08','2017-03-27 15:28:35'),('1780964','1780959','1780959',NULL,'officerGroup','string',17,NULL,NULL,NULL,'',NULL,'2017-03-27 10:55:08','2017-03-27 15:28:35'),('1780966','1780959','1780959',NULL,'committee','string',17,NULL,NULL,NULL,'6',NULL,'2017-03-27 10:55:08','2017-03-27 15:28:35'),('1780968','1780959','1780959',NULL,'officer','string',17,NULL,NULL,NULL,'59',NULL,'2017-03-27 10:55:08','2017-03-27 15:28:35'),('1780970','1780959','1780959',NULL,'departLeaderGroup','string',17,NULL,NULL,NULL,'',NULL,'2017-03-27 10:55:08','2017-03-27 15:28:35'),('1780972','1780959','1780959',NULL,'submitMonthlyReport_result','string',23,NULL,NULL,NULL,'pass',NULL,'2017-03-27 10:55:08','2017-03-27 15:28:35'),('1780974','1780959','1780959',NULL,'committees','string',17,NULL,NULL,NULL,'',NULL,'2017-03-27 10:55:08','2017-03-27 15:28:35'),('1780976','1780959','1780959',NULL,'departLeader','string',17,NULL,NULL,NULL,'53',NULL,'2017-03-27 10:55:08','2017-03-27 15:28:35'),('1780978','1780959','1780959',NULL,'departleaderEndApproval_result','string',17,NULL,NULL,NULL,'pass',NULL,'2017-03-27 10:55:08','2017-03-27 15:28:35'),('1780980','1780959','1780959',NULL,'committeeGroup','string',17,NULL,NULL,NULL,'',NULL,'2017-03-27 10:55:08','2017-03-27 15:28:35'),('1780986','1780959','1780959',NULL,'officerApproval_result','string',16,NULL,NULL,NULL,'pass',NULL,'2017-03-27 11:00:07','2017-03-27 15:28:35'),('1781011','1781008','1781008',NULL,'projectManager','string',0,NULL,NULL,NULL,'57',NULL,'2017-03-27 12:32:44','2017-03-27 12:32:44'),('1781013','1781008','1781008',NULL,'officerGroup','string',0,NULL,NULL,NULL,'15',NULL,'2017-03-27 12:32:44','2017-03-27 12:32:44'),('1781015','1781008','1781008',NULL,'committee','null',0,NULL,NULL,NULL,NULL,NULL,'2017-03-27 12:32:44','2017-03-27 12:32:44'),('1781017','1781008','1781008',NULL,'officer','null',0,NULL,NULL,NULL,NULL,NULL,'2017-03-27 12:32:44','2017-03-27 12:32:44'),('1781019','1781008','1781008',NULL,'departLeaderGroup','string',0,NULL,NULL,NULL,'',NULL,'2017-03-27 12:32:44','2017-03-27 12:32:44'),('1781021','1781008','1781008',NULL,'submitMonthlyReport_result','string',0,NULL,NULL,NULL,'reject',NULL,'2017-03-27 12:32:44','2017-03-27 12:32:44'),('1781023','1781008','1781008',NULL,'committees','string',0,NULL,NULL,NULL,'',NULL,'2017-03-27 12:32:44','2017-03-27 12:32:44'),('1781025','1781008','1781008',NULL,'departLeader','string',0,NULL,NULL,NULL,'53',NULL,'2017-03-27 12:32:44','2017-03-27 12:32:44'),('1781027','1781008','1781008',NULL,'departleaderEndApproval_result','string',0,NULL,NULL,NULL,'reject',NULL,'2017-03-27 12:32:44','2017-03-27 12:32:44'),('1781029','1781008','1781008',NULL,'committeeGroup','string',0,NULL,NULL,NULL,'17',NULL,'2017-03-27 12:32:44','2017-03-27 12:32:44'),('1782504','1782501','1782501',NULL,'projectManager','string',3,NULL,NULL,NULL,'4',NULL,'2017-03-27 13:19:30','2017-03-27 15:12:45'),('1782506','1782501','1782501',NULL,'officerGroup','string',3,NULL,NULL,NULL,'',NULL,'2017-03-27 13:19:30','2017-03-27 15:12:45'),('1782508','1782501','1782501',NULL,'committee','string',3,NULL,NULL,NULL,'58',NULL,'2017-03-27 13:19:30','2017-03-27 15:12:45'),('1782510','1782501','1782501',NULL,'officer','string',3,NULL,NULL,NULL,'5',NULL,'2017-03-27 13:19:30','2017-03-27 15:12:45'),('1782512','1782501','1782501',NULL,'departLeaderGroup','string',3,NULL,NULL,NULL,'',NULL,'2017-03-27 13:19:30','2017-03-27 15:12:45'),('1782514','1782501','1782501',NULL,'submitMonthlyReport_result','string',4,NULL,NULL,NULL,'reject',NULL,'2017-03-27 13:19:30','2017-03-27 16:12:13'),('1782516','1782501','1782501',NULL,'committees','string',3,NULL,NULL,NULL,'',NULL,'2017-03-27 13:19:30','2017-03-27 15:12:45'),('1782518','1782501','1782501',NULL,'departLeader','string',3,NULL,NULL,NULL,'53',NULL,'2017-03-27 13:19:30','2017-03-27 15:12:45'),('1782520','1782501','1782501',NULL,'departleaderEndApproval_result','string',3,NULL,NULL,NULL,'reject',NULL,'2017-03-27 13:19:30','2017-03-27 15:12:45'),('1782522','1782501','1782501',NULL,'committeeGroup','string',3,NULL,NULL,NULL,'',NULL,'2017-03-27 13:19:30','2017-03-27 15:12:45'),('1782528','1782501','1782501',NULL,'officerApproval_result','string',2,NULL,NULL,NULL,'pass',NULL,'2017-03-27 13:19:59','2017-03-27 15:12:45'),('1782548','1780959','1780959',NULL,'committeeApproval_result','string',15,NULL,NULL,NULL,'pass',NULL,'2017-03-27 13:20:41','2017-03-27 15:28:35'),('1782567','1782501','1782501',NULL,'committeeApproval_result','string',1,NULL,NULL,NULL,'pass',NULL,'2017-03-27 13:23:38','2017-03-27 15:12:45'),('1785004','1785001','1785001',NULL,'projectManager','string',0,NULL,NULL,NULL,'57',NULL,'2017-03-27 13:47:51','2017-03-27 13:47:51'),('1785006','1785001','1785001',NULL,'officerGroup','string',0,NULL,NULL,NULL,'15',NULL,'2017-03-27 13:47:51','2017-03-27 13:47:51'),('1785008','1785001','1785001',NULL,'committee','null',0,NULL,NULL,NULL,NULL,NULL,'2017-03-27 13:47:51','2017-03-27 13:47:51'),('1785010','1785001','1785001',NULL,'officer','null',0,NULL,NULL,NULL,NULL,NULL,'2017-03-27 13:47:51','2017-03-27 13:47:51'),('1785012','1785001','1785001',NULL,'departLeaderGroup','string',0,NULL,NULL,NULL,'',NULL,'2017-03-27 13:47:51','2017-03-27 13:47:51'),('1785014','1785001','1785001',NULL,'submitMonthlyReport_result','string',0,NULL,NULL,NULL,'reject',NULL,'2017-03-27 13:47:51','2017-03-27 13:47:51'),('1785016','1785001','1785001',NULL,'committees','string',0,NULL,NULL,NULL,'',NULL,'2017-03-27 13:47:51','2017-03-27 13:47:51'),('1785018','1785001','1785001',NULL,'departLeader','string',0,NULL,NULL,NULL,'53',NULL,'2017-03-27 13:47:51','2017-03-27 13:47:51'),('1785020','1785001','1785001',NULL,'departleaderEndApproval_result','string',0,NULL,NULL,NULL,'reject',NULL,'2017-03-27 13:47:51','2017-03-27 13:47:51'),('1785022','1785001','1785001',NULL,'committeeGroup','string',0,NULL,NULL,NULL,'17',NULL,'2017-03-27 13:47:51','2017-03-27 13:47:51'),('1785027','1780959','1780959',NULL,'cycleTime','string',14,NULL,NULL,NULL,'PT2M',NULL,'2017-03-27 14:07:29','2017-03-27 15:28:35'),('1785029','1780959','1780959',NULL,'departleaderApproval_result','string',14,NULL,NULL,NULL,'pass',NULL,'2017-03-27 14:07:29','2017-03-27 15:28:35'),('1787503','1780959','1780959',NULL,'pmSubmitMIdMaterial_result','string',13,NULL,NULL,NULL,'pass',NULL,'2017-03-27 14:49:31','2017-03-27 15:28:35'),('1787523','1780959','1780959',NULL,'DispatcherMidMaster_result','string',12,NULL,NULL,NULL,'pass',NULL,'2017-03-27 14:54:17','2017-03-27 15:28:35'),('1787543','1780959','1780959',NULL,'midApprovalReport_result','string',11,NULL,NULL,NULL,'pass',NULL,'2017-03-27 14:58:32','2017-03-27 15:28:35'),('1787565','1780959','1780959',NULL,'inputMidGrade_result','string',10,NULL,NULL,NULL,'pass',NULL,'2017-03-27 15:00:58','2017-03-27 15:28:35'),('1787589','1780959','1780959',NULL,'submitMonthlyCheck_result','string',12,NULL,NULL,NULL,'pass',NULL,'2017-03-27 15:03:17','2017-03-27 15:28:35'),('1787596','1780959','1780959',NULL,'midCommitteeApproval_result','string',9,NULL,NULL,NULL,'pass',NULL,'2017-03-27 15:03:35','2017-03-27 15:28:35'),('1787622','1780959','1780959',NULL,'departleaderMidApproval_result','string',8,NULL,NULL,NULL,'pass',NULL,'2017-03-27 15:04:58','2017-03-27 15:28:35'),('1787651','1782501','1782501',NULL,'cycleTime','string',0,NULL,NULL,NULL,'PT2M',NULL,'2017-03-27 15:12:45','2017-03-27 15:12:45'),('1787653','1782501','1782501',NULL,'departleaderApproval_result','string',0,NULL,NULL,NULL,'pass',NULL,'2017-03-27 15:12:45','2017-03-27 15:12:45'),('1787679','1780959','1780959',NULL,'pmSubmitEndMaterial_result','string',7,NULL,NULL,NULL,'pass',NULL,'2017-03-27 15:15:32','2017-03-27 15:28:35'),('1787706','1780959','1780959',NULL,'DispatcherEndMaster_result','string',6,NULL,NULL,NULL,'pass',NULL,'2017-03-27 15:17:03','2017-03-27 15:28:35'),('1787733','1780959','1780959',NULL,'endApprovalReport_result','string',5,NULL,NULL,NULL,'pass',NULL,'2017-03-27 15:19:14','2017-03-27 15:28:35'),('1787762','1780959','1780959',NULL,'inputEndGrade_result','string',4,NULL,NULL,NULL,'pass',NULL,'2017-03-27 15:19:48','2017-03-27 15:28:35'),('1787793','1780959','1780959',NULL,'committeeEndApproval_result','string',3,NULL,NULL,NULL,'pass',NULL,'2017-03-27 15:20:28','2017-03-27 15:28:35'),('1787868','1780959','1780959',NULL,'PMSelfConclusion_result','string',1,NULL,NULL,NULL,'pass',NULL,'2017-03-27 15:27:48','2017-03-27 15:28:35'),('1787900','1780959','1780959',NULL,'departleaderConclusion_result','string',0,NULL,NULL,NULL,'pass',NULL,'2017-03-27 15:28:34','2017-03-27 15:28:35'),('1787934','1787931','1787931',NULL,'projectManager','string',3,NULL,NULL,NULL,'55',NULL,'2017-03-27 15:31:28','2017-03-27 16:59:25'),('1787936','1787931','1787931',NULL,'officerGroup','string',3,NULL,NULL,NULL,'',NULL,'2017-03-27 15:31:28','2017-03-27 16:59:25'),('1787938','1787931','1787931',NULL,'committee','string',3,NULL,NULL,NULL,'58',NULL,'2017-03-27 15:31:28','2017-03-27 16:59:25'),('1787940','1787931','1787931',NULL,'officer','string',3,NULL,NULL,NULL,'59',NULL,'2017-03-27 15:31:28','2017-03-27 16:59:25'),('1787942','1787931','1787931',NULL,'departLeaderGroup','string',3,NULL,NULL,NULL,'',NULL,'2017-03-27 15:31:28','2017-03-27 16:59:25'),('1787944','1787931','1787931',NULL,'submitMonthlyReport_result','string',4,NULL,NULL,NULL,'reject',NULL,'2017-03-27 15:31:28','2017-03-27 17:58:54'),('1787946','1787931','1787931',NULL,'committees','string',3,NULL,NULL,NULL,'',NULL,'2017-03-27 15:31:28','2017-03-27 16:59:25'),('1787948','1787931','1787931',NULL,'departLeader','string',3,NULL,NULL,NULL,'53',NULL,'2017-03-27 15:31:28','2017-03-27 16:59:25'),('1787950','1787931','1787931',NULL,'departleaderEndApproval_result','string',3,NULL,NULL,NULL,'reject',NULL,'2017-03-27 15:31:28','2017-03-27 16:59:25'),('1787952','1787931','1787931',NULL,'committeeGroup','string',3,NULL,NULL,NULL,'',NULL,'2017-03-27 15:31:28','2017-03-27 16:59:25'),('1787960','1787957','1787957',NULL,'projectManager','string',1,NULL,NULL,NULL,'55',NULL,'2017-03-27 15:46:42','2017-03-27 16:15:10'),('1787962','1787957','1787957',NULL,'officerGroup','string',1,NULL,NULL,NULL,'15',NULL,'2017-03-27 15:46:42','2017-03-27 16:15:10'),('1787964','1787957','1787957',NULL,'committee','null',1,NULL,NULL,NULL,NULL,NULL,'2017-03-27 15:46:42','2017-03-27 16:15:10'),('1787966','1787957','1787957',NULL,'officer','null',1,NULL,NULL,NULL,NULL,NULL,'2017-03-27 15:46:42','2017-03-27 16:15:10'),('1787968','1787957','1787957',NULL,'departLeaderGroup','string',1,NULL,NULL,NULL,'16',NULL,'2017-03-27 15:46:42','2017-03-27 16:15:10'),('1787970','1787957','1787957',NULL,'submitMonthlyReport_result','string',1,NULL,NULL,NULL,'reject',NULL,'2017-03-27 15:46:42','2017-03-27 16:15:10'),('1787972','1787957','1787957',NULL,'committees','string',1,NULL,NULL,NULL,'',NULL,'2017-03-27 15:46:42','2017-03-27 16:15:10'),('1787974','1787957','1787957',NULL,'departLeader','null',1,NULL,NULL,NULL,NULL,NULL,'2017-03-27 15:46:42','2017-03-27 16:15:10'),('1787976','1787957','1787957',NULL,'departleaderEndApproval_result','string',1,NULL,NULL,NULL,'reject',NULL,'2017-03-27 15:46:42','2017-03-27 16:15:10'),('1787978','1787957','1787957',NULL,'committeeGroup','string',1,NULL,NULL,NULL,'17',NULL,'2017-03-27 15:46:42','2017-03-27 16:15:10'),('1787980','1787957','1787957',NULL,'ChangeServiceId','string',1,NULL,NULL,NULL,'201703271546412278',NULL,'2017-03-27 15:46:42','2017-03-27 16:15:10'),('1787988','1787931','1787931',NULL,'officerApproval_result','string',2,NULL,NULL,NULL,'pass',NULL,'2017-03-27 16:01:40','2017-03-27 16:59:25'),('1788011','1787957','1787957',NULL,'committeeApprovalChange_result','string',1,NULL,NULL,NULL,'pass',NULL,'2017-03-27 16:09:54','2017-03-27 16:15:10'),('1788019','1787957','1787957',NULL,'departleaderApprovalChange_result','string',0,NULL,NULL,NULL,'pass',NULL,'2017-03-27 16:15:09','2017-03-27 16:15:10'),('1788026','1788023','1788023',NULL,'projectManager','string',1,NULL,NULL,NULL,'55',NULL,'2017-03-27 16:24:37','2017-03-27 16:43:55'),('1788028','1788023','1788023',NULL,'officerGroup','string',1,NULL,NULL,NULL,'',NULL,'2017-03-27 16:24:37','2017-03-27 16:43:55'),('1788030','1788023','1788023',NULL,'committee','null',1,NULL,NULL,NULL,NULL,NULL,'2017-03-27 16:24:37','2017-03-27 16:43:55'),('1788032','1788023','1788023',NULL,'officer','string',1,NULL,NULL,NULL,'59',NULL,'2017-03-27 16:24:37','2017-03-27 16:43:55'),('1788034','1788023','1788023',NULL,'departLeaderGroup','string',1,NULL,NULL,NULL,'16',NULL,'2017-03-27 16:24:37','2017-03-27 16:43:55'),('1788036','1788023','1788023',NULL,'submitMonthlyReport_result','string',1,NULL,NULL,NULL,'reject',NULL,'2017-03-27 16:24:37','2017-03-27 16:43:55'),('1788038','1788023','1788023',NULL,'committees','string',1,NULL,NULL,NULL,'6,58',NULL,'2017-03-27 16:24:37','2017-03-27 16:43:55'),('1788040','1788023','1788023',NULL,'departLeader','null',1,NULL,NULL,NULL,NULL,NULL,'2017-03-27 16:24:37','2017-03-27 16:43:55'),('1788042','1788023','1788023',NULL,'officerApproval_result','string',1,NULL,NULL,NULL,'pass',NULL,'2017-03-27 16:24:37','2017-03-27 16:43:55'),('1788044','1788023','1788023',NULL,'departleaderEndApproval_result','string',1,NULL,NULL,NULL,'reject',NULL,'2017-03-27 16:24:37','2017-03-27 16:43:55'),('1788046','1788023','1788023',NULL,'committeeGroup','string',1,NULL,NULL,NULL,'',NULL,'2017-03-27 16:24:37','2017-03-27 16:43:55'),('1788048','1788023','1788023',NULL,'ChangeServiceId','string',1,NULL,NULL,NULL,'201703271624372282',NULL,'2017-03-27 16:24:37','2017-03-27 16:43:55'),('1788057','1788023','1788023',NULL,'committeeApprovalChange_result','string',1,NULL,NULL,NULL,'reject',NULL,'2017-03-27 16:33:41','2017-03-27 16:43:55'),('1788063','1788023','1788023',NULL,'modifyChange_result','string',0,NULL,NULL,NULL,'reject',NULL,'2017-03-27 16:43:55','2017-03-27 16:43:55'),('1788070','1788067','1788067',NULL,'projectManager','string',1,NULL,NULL,NULL,'55',NULL,'2017-03-27 16:45:23','2017-03-27 16:59:16'),('1788072','1788067','1788067',NULL,'officerGroup','string',1,NULL,NULL,NULL,'',NULL,'2017-03-27 16:45:23','2017-03-27 16:59:16'),('1788074','1788067','1788067',NULL,'committee','null',1,NULL,NULL,NULL,NULL,NULL,'2017-03-27 16:45:23','2017-03-27 16:59:16'),('1788076','1788067','1788067',NULL,'officer','string',1,NULL,NULL,NULL,'59',NULL,'2017-03-27 16:45:23','2017-03-27 16:59:16'),('1788078','1788067','1788067',NULL,'departLeaderGroup','string',1,NULL,NULL,NULL,'16',NULL,'2017-03-27 16:45:23','2017-03-27 16:59:16'),('1788080','1788067','1788067',NULL,'submitMonthlyReport_result','string',1,NULL,NULL,NULL,'reject',NULL,'2017-03-27 16:45:23','2017-03-27 16:59:16'),('1788082','1788067','1788067',NULL,'committees','string',1,NULL,NULL,NULL,'6,58',NULL,'2017-03-27 16:45:23','2017-03-27 16:59:16'),('1788084','1788067','1788067',NULL,'departLeader','null',1,NULL,NULL,NULL,NULL,NULL,'2017-03-27 16:45:23','2017-03-27 16:59:16'),('1788086','1788067','1788067',NULL,'officerApproval_result','string',1,NULL,NULL,NULL,'pass',NULL,'2017-03-27 16:45:23','2017-03-27 16:59:16'),('1788088','1788067','1788067',NULL,'departleaderEndApproval_result','string',1,NULL,NULL,NULL,'reject',NULL,'2017-03-27 16:45:23','2017-03-27 16:59:16'),('1788090','1788067','1788067',NULL,'committeeGroup','string',1,NULL,NULL,NULL,'',NULL,'2017-03-27 16:45:23','2017-03-27 16:59:16'),('1788092','1788067','1788067',NULL,'ChangeServiceId','string',1,NULL,NULL,NULL,'201703271645232284',NULL,'2017-03-27 16:45:23','2017-03-27 16:59:16'),('1788101','1788067','1788067',NULL,'committeeApprovalChange_result','string',3,NULL,NULL,NULL,'pass',NULL,'2017-03-27 16:46:58','2017-03-27 16:59:16'),('1788107','1788067','1788067',NULL,'modifyChange_result','string',2,NULL,NULL,NULL,'pass',NULL,'2017-03-27 16:49:40','2017-03-27 16:59:16'),('1788122','1788067','1788067',NULL,'departleaderApprovalChange_result','string',1,NULL,NULL,NULL,'pass',NULL,'2017-03-27 16:52:22','2017-03-27 16:59:16'),('1788140','1787931','1787931',NULL,'committeeApproval_result','string',1,NULL,NULL,NULL,'pass',NULL,'2017-03-27 16:57:15','2017-03-27 16:59:25'),('1788162','1787931','1787931',NULL,'cycleTime','string',0,NULL,NULL,NULL,'PT2M',NULL,'2017-03-27 16:59:25','2017-03-27 16:59:25'),('1788164','1787931','1787931',NULL,'departleaderApproval_result','string',0,NULL,NULL,NULL,'pass',NULL,'2017-03-27 16:59:25','2017-03-27 16:59:25'),('1788193','1788190','1788190',NULL,'projectManager','string',3,NULL,NULL,NULL,'57',NULL,'2017-03-27 19:35:41','2017-03-27 19:42:09'),('1788195','1788190','1788190',NULL,'officerGroup','string',3,NULL,NULL,NULL,'',NULL,'2017-03-27 19:35:41','2017-03-27 19:42:09'),('1788197','1788190','1788190',NULL,'committee','string',3,NULL,NULL,NULL,'58',NULL,'2017-03-27 19:35:41','2017-03-27 19:42:09'),('1788199','1788190','1788190',NULL,'officer','string',3,NULL,NULL,NULL,'59',NULL,'2017-03-27 19:35:41','2017-03-27 19:42:09'),('1788201','1788190','1788190',NULL,'departLeaderGroup','string',3,NULL,NULL,NULL,'',NULL,'2017-03-27 19:35:41','2017-03-27 19:42:09'),('1788203','1788190','1788190',NULL,'submitMonthlyReport_result','string',4,NULL,NULL,NULL,'reject',NULL,'2017-03-27 19:35:41','2017-03-27 20:41:37'),('1788205','1788190','1788190',NULL,'committees','string',3,NULL,NULL,NULL,'',NULL,'2017-03-27 19:35:41','2017-03-27 19:42:09'),('1788207','1788190','1788190',NULL,'departLeader','string',3,NULL,NULL,NULL,'53',NULL,'2017-03-27 19:35:41','2017-03-27 19:42:09'),('1788209','1788190','1788190',NULL,'departleaderEndApproval_result','string',3,NULL,NULL,NULL,'reject',NULL,'2017-03-27 19:35:41','2017-03-27 19:42:09'),('1788211','1788190','1788190',NULL,'committeeGroup','string',3,NULL,NULL,NULL,'',NULL,'2017-03-27 19:35:41','2017-03-27 19:42:09'),('1788217','1788190','1788190',NULL,'officerApproval_result','string',2,NULL,NULL,NULL,'pass',NULL,'2017-03-27 19:37:12','2017-03-27 19:42:09'),('1788239','1788190','1788190',NULL,'committeeApproval_result','string',1,NULL,NULL,NULL,'pass',NULL,'2017-03-27 19:38:30','2017-03-27 19:42:09'),('1788258','1788190','1788190',NULL,'cycleTime','string',0,NULL,NULL,NULL,'PT2M',NULL,'2017-03-27 19:42:09','2017-03-27 19:42:09'),('1788260','1788190','1788190',NULL,'departleaderApproval_result','string',0,NULL,NULL,NULL,'pass',NULL,'2017-03-27 19:42:09','2017-03-27 19:42:09'),('1788289','1788286','1788286',NULL,'projectManager','string',7,NULL,NULL,NULL,'57',NULL,'2017-03-27 19:48:09','2017-03-27 20:00:48'),('1788291','1788286','1788286',NULL,'officerGroup','string',7,NULL,NULL,NULL,'',NULL,'2017-03-27 19:48:09','2017-03-27 20:00:48'),('1788293','1788286','1788286',NULL,'committee','string',7,NULL,NULL,NULL,'58',NULL,'2017-03-27 19:48:09','2017-03-27 20:00:48'),('1788295','1788286','1788286',NULL,'officer','string',7,NULL,NULL,NULL,'59',NULL,'2017-03-27 19:48:09','2017-03-27 20:00:48'),('1788297','1788286','1788286',NULL,'departLeaderGroup','string',7,NULL,NULL,NULL,'',NULL,'2017-03-27 19:48:09','2017-03-27 20:00:48'),('1788299','1788286','1788286',NULL,'submitMonthlyReport_result','string',11,NULL,NULL,NULL,'pass',NULL,'2017-03-27 19:48:09','2017-03-27 20:00:48'),('1788301','1788286','1788286',NULL,'committees','string',7,NULL,NULL,NULL,'',NULL,'2017-03-27 19:48:09','2017-03-27 20:00:48'),('1788303','1788286','1788286',NULL,'departLeader','string',7,NULL,NULL,NULL,'53',NULL,'2017-03-27 19:48:09','2017-03-27 20:00:48'),('1788305','1788286','1788286',NULL,'departleaderEndApproval_result','string',7,NULL,NULL,NULL,'reject',NULL,'2017-03-27 19:48:09','2017-03-27 20:00:48'),('1788307','1788286','1788286',NULL,'committeeGroup','string',7,NULL,NULL,NULL,'',NULL,'2017-03-27 19:48:09','2017-03-27 20:00:48'),('1788313','1788286','1788286',NULL,'officerApproval_result','string',6,NULL,NULL,NULL,'pass',NULL,'2017-03-27 19:49:10','2017-03-27 20:00:48'),('1788336','1788286','1788286',NULL,'committeeApproval_result','string',5,NULL,NULL,NULL,'pass',NULL,'2017-03-27 19:52:21','2017-03-27 20:00:48'),('1788355','1788286','1788286',NULL,'cycleTime','string',4,NULL,NULL,NULL,'PT2M',NULL,'2017-03-27 19:52:53','2017-03-27 20:00:48'),('1788357','1788286','1788286',NULL,'departleaderApproval_result','string',4,NULL,NULL,NULL,'pass',NULL,'2017-03-27 19:52:53','2017-03-27 20:00:48'),('1788383','1788286','1788286',NULL,'submitMonthlyCheck_result','string',4,NULL,NULL,NULL,'pass',NULL,'2017-03-27 19:54:39','2017-03-27 20:00:48'),('1788392','1788286','1788286',NULL,'pmSubmitMIdMaterial_result','string',3,NULL,NULL,NULL,'pass',NULL,'2017-03-27 19:58:51','2017-03-27 20:00:48'),('1788413','1788286','1788286',NULL,'DispatcherMidMaster_result','string',2,NULL,NULL,NULL,'pass',NULL,'2017-03-27 19:59:22','2017-03-27 20:00:48'),('1788436','1788286','1788286',NULL,'midApprovalReport_result','string',1,NULL,NULL,NULL,'pass',NULL,'2017-03-27 20:00:21','2017-03-27 20:00:48'),('1788459','1788286','1788286',NULL,'inputMidGrade_result','string',0,NULL,NULL,NULL,'pass',NULL,'2017-03-27 20:00:48','2017-03-27 20:00:48'),('1788487','1788484','1788484',NULL,'projectManager','string',0,NULL,NULL,NULL,'61',NULL,'2017-03-27 20:08:50','2017-03-27 20:08:50'),('1788489','1788484','1788484',NULL,'officerGroup','string',0,NULL,NULL,NULL,'18',NULL,'2017-03-27 20:08:50','2017-03-27 20:08:50'),('1788491','1788484','1788484',NULL,'committee','null',0,NULL,NULL,NULL,NULL,NULL,'2017-03-27 20:08:50','2017-03-27 20:08:50'),('1788493','1788484','1788484',NULL,'officer','null',0,NULL,NULL,NULL,NULL,NULL,'2017-03-27 20:08:50','2017-03-27 20:08:50'),('1788495','1788484','1788484',NULL,'departLeaderGroup','string',0,NULL,NULL,NULL,'',NULL,'2017-03-27 20:08:50','2017-03-27 20:08:50'),('1788497','1788484','1788484',NULL,'submitMonthlyReport_result','string',0,NULL,NULL,NULL,'reject',NULL,'2017-03-27 20:08:50','2017-03-27 20:08:50'),('1788499','1788484','1788484',NULL,'committees','string',0,NULL,NULL,NULL,'',NULL,'2017-03-27 20:08:50','2017-03-27 20:08:50'),('1788501','1788484','1788484',NULL,'departLeader','string',0,NULL,NULL,NULL,'62',NULL,'2017-03-27 20:08:50','2017-03-27 20:08:50'),('1788503','1788484','1788484',NULL,'departleaderEndApproval_result','string',0,NULL,NULL,NULL,'reject',NULL,'2017-03-27 20:08:50','2017-03-27 20:08:50'),('1788505','1788484','1788484',NULL,'committeeGroup','string',0,NULL,NULL,NULL,'17',NULL,'2017-03-27 20:08:50','2017-03-27 20:08:50'),('1788513','1788510','1788510',NULL,'projectManager','string',0,NULL,NULL,NULL,'4',NULL,'2017-03-28 10:59:23','2017-03-28 10:59:23'),('1788515','1788510','1788510',NULL,'officerGroup','string',0,NULL,NULL,NULL,'15',NULL,'2017-03-28 10:59:23','2017-03-28 10:59:23'),('1788517','1788510','1788510',NULL,'committee','null',0,NULL,NULL,NULL,NULL,NULL,'2017-03-28 10:59:23','2017-03-28 10:59:23'),('1788519','1788510','1788510',NULL,'officer','null',0,NULL,NULL,NULL,NULL,NULL,'2017-03-28 10:59:23','2017-03-28 10:59:23'),('1788521','1788510','1788510',NULL,'departLeaderGroup','string',0,NULL,NULL,NULL,'',NULL,'2017-03-28 10:59:23','2017-03-28 10:59:23'),('1788523','1788510','1788510',NULL,'submitMonthlyReport_result','string',0,NULL,NULL,NULL,'reject',NULL,'2017-03-28 10:59:23','2017-03-28 10:59:23'),('1788525','1788510','1788510',NULL,'committees','string',0,NULL,NULL,NULL,'',NULL,'2017-03-28 10:59:23','2017-03-28 10:59:23'),('1788527','1788510','1788510',NULL,'departLeader','null',0,NULL,NULL,NULL,NULL,NULL,'2017-03-28 10:59:23','2017-03-28 10:59:23'),('1788529','1788510','1788510',NULL,'departleaderEndApproval_result','string',0,NULL,NULL,NULL,'reject',NULL,'2017-03-28 10:59:23','2017-03-28 10:59:23'),('1788531','1788510','1788510',NULL,'committeeGroup','string',0,NULL,NULL,NULL,'17',NULL,'2017-03-28 10:59:23','2017-03-28 10:59:23'),('1792506','1792503','1792503',NULL,'submitMonthlyReport_result','string',4,NULL,NULL,NULL,'reject',NULL,'2017-04-06 09:47:56','2017-04-06 10:07:30'),('1792508','1792503','1792503',NULL,'departLeader','string',3,NULL,NULL,NULL,'7',NULL,'2017-04-06 09:47:56','2017-04-06 10:05:26'),('1792510','1792503','1792503',NULL,'committee','string',3,NULL,NULL,NULL,'6',NULL,'2017-04-06 09:47:56','2017-04-06 10:05:26'),('1792512','1792503','1792503',NULL,'officer','string',3,NULL,NULL,NULL,'9',NULL,'2017-04-06 09:47:56','2017-04-06 10:05:26'),('1792514','1792503','1792503',NULL,'committeeGroup','string',3,NULL,NULL,NULL,'',NULL,'2017-04-06 09:47:56','2017-04-06 10:05:26'),('1792516','1792503','1792503',NULL,'committees','string',3,NULL,NULL,NULL,'',NULL,'2017-04-06 09:47:56','2017-04-06 10:05:26'),('1792518','1792503','1792503',NULL,'projectManager','string',3,NULL,NULL,NULL,'4',NULL,'2017-04-06 09:47:56','2017-04-06 10:05:26'),('1792520','1792503','1792503',NULL,'departleaderEndApproval_result','string',3,NULL,NULL,NULL,'reject',NULL,'2017-04-06 09:47:56','2017-04-06 10:05:26'),('1792522','1792503','1792503',NULL,'departLeaderGroup','string',3,NULL,NULL,NULL,'',NULL,'2017-04-06 09:47:56','2017-04-06 10:05:26'),('1792524','1792503','1792503',NULL,'officerGroup','string',3,NULL,NULL,NULL,'',NULL,'2017-04-06 09:47:56','2017-04-06 10:05:26'),('1792531','1792503','1792503',NULL,'officerApproval_result','string',2,NULL,NULL,NULL,'pass',NULL,'2017-04-06 09:54:54','2017-04-06 10:05:26'),('1792551','1792503','1792503',NULL,'committeeApproval_result','string',1,NULL,NULL,NULL,'pass',NULL,'2017-04-06 10:00:40','2017-04-06 10:05:26'),('1792570','1792503','1792503',NULL,'cycleTime','string',0,NULL,NULL,NULL,'PT2M',NULL,'2017-04-06 10:05:26','2017-04-06 10:05:26'),('1792572','1792503','1792503',NULL,'departleaderApproval_result','string',0,NULL,NULL,NULL,'pass',NULL,'2017-04-06 10:05:26','2017-04-06 10:05:26'),('1797504','1797501','1797501',NULL,'submitMonthlyReport_result','string',0,NULL,NULL,NULL,'reject',NULL,'2017-05-17 02:08:17','2017-05-17 02:08:17'),('1797506','1797501','1797501',NULL,'departLeader','null',0,NULL,NULL,NULL,NULL,NULL,'2017-05-17 02:08:17','2017-05-17 02:08:17'),('1797508','1797501','1797501',NULL,'committee','null',0,NULL,NULL,NULL,NULL,NULL,'2017-05-17 02:08:17','2017-05-17 02:08:17'),('1797510','1797501','1797501',NULL,'officer','null',0,NULL,NULL,NULL,NULL,NULL,'2017-05-17 02:08:17','2017-05-17 02:08:17'),('1797512','1797501','1797501',NULL,'committeeGroup','string',0,NULL,NULL,NULL,'17',NULL,'2017-05-17 02:08:17','2017-05-17 02:08:17'),('1797514','1797501','1797501',NULL,'committees','string',0,NULL,NULL,NULL,'',NULL,'2017-05-17 02:08:17','2017-05-17 02:08:17'),('1797516','1797501','1797501',NULL,'projectManager','string',0,NULL,NULL,NULL,'68',NULL,'2017-05-17 02:08:17','2017-05-17 02:08:17'),('1797518','1797501','1797501',NULL,'departleaderEndApproval_result','string',0,NULL,NULL,NULL,'reject',NULL,'2017-05-17 02:08:17','2017-05-17 02:08:17'),('1797520','1797501','1797501',NULL,'departLeaderGroup','string',0,NULL,NULL,NULL,'16',NULL,'2017-05-17 02:08:17','2017-05-17 02:08:17'),('1797522','1797501','1797501',NULL,'officerGroup','string',0,NULL,NULL,NULL,'15',NULL,'2017-05-17 02:08:17','2017-05-17 02:08:17'),('1800004','1800001','1800001',NULL,'submitMonthlyReport_result','string',0,NULL,NULL,NULL,'reject',NULL,'2017-05-17 02:45:50','2017-05-17 02:45:50'),('1800006','1800001','1800001',NULL,'departLeader','string',0,NULL,NULL,NULL,'67',NULL,'2017-05-17 02:45:50','2017-05-17 02:45:50'),('1800008','1800001','1800001',NULL,'committee','null',0,NULL,NULL,NULL,NULL,NULL,'2017-05-17 02:45:50','2017-05-17 02:45:50'),('1800010','1800001','1800001',NULL,'officer','null',0,NULL,NULL,NULL,NULL,NULL,'2017-05-17 02:45:50','2017-05-17 02:45:50'),('1800012','1800001','1800001',NULL,'committeeGroup','string',0,NULL,NULL,NULL,'17',NULL,'2017-05-17 02:45:50','2017-05-17 02:45:50'),('1800014','1800001','1800001',NULL,'committees','string',0,NULL,NULL,NULL,'',NULL,'2017-05-17 02:45:50','2017-05-17 02:45:50'),('1800016','1800001','1800001',NULL,'projectManager','string',0,NULL,NULL,NULL,'68',NULL,'2017-05-17 02:45:50','2017-05-17 02:45:50'),('1800018','1800001','1800001',NULL,'departleaderEndApproval_result','string',0,NULL,NULL,NULL,'reject',NULL,'2017-05-17 02:45:50','2017-05-17 02:45:50'),('1800020','1800001','1800001',NULL,'departLeaderGroup','string',0,NULL,NULL,NULL,'',NULL,'2017-05-17 02:45:50','2017-05-17 02:45:50'),('1800022','1800001','1800001',NULL,'officerGroup','string',0,NULL,NULL,NULL,'15',NULL,'2017-05-17 02:45:50','2017-05-17 02:45:50'),('1802506','1802503','1802503',NULL,'submitMonthlyReport_result','string',0,NULL,NULL,NULL,'reject',NULL,'2017-05-17 02:56:03','2017-05-17 02:56:03'),('1802508','1802503','1802503',NULL,'departLeader','string',0,NULL,NULL,NULL,'67',NULL,'2017-05-17 02:56:03','2017-05-17 02:56:03'),('1802510','1802503','1802503',NULL,'committee','null',0,NULL,NULL,NULL,NULL,NULL,'2017-05-17 02:56:03','2017-05-17 02:56:03'),('1802512','1802503','1802503',NULL,'officer','null',0,NULL,NULL,NULL,NULL,NULL,'2017-05-17 02:56:03','2017-05-17 02:56:03'),('1802514','1802503','1802503',NULL,'committeeGroup','string',0,NULL,NULL,NULL,'17',NULL,'2017-05-17 02:56:03','2017-05-17 02:56:03'),('1802516','1802503','1802503',NULL,'committees','string',0,NULL,NULL,NULL,'',NULL,'2017-05-17 02:56:03','2017-05-17 02:56:03'),('1802518','1802503','1802503',NULL,'projectManager','string',0,NULL,NULL,NULL,'71',NULL,'2017-05-17 02:56:03','2017-05-17 02:56:03'),('1802520','1802503','1802503',NULL,'departleaderEndApproval_result','string',0,NULL,NULL,NULL,'reject',NULL,'2017-05-17 02:56:03','2017-05-17 02:56:03'),('1802522','1802503','1802503',NULL,'departLeaderGroup','string',0,NULL,NULL,NULL,'',NULL,'2017-05-17 02:56:03','2017-05-17 02:56:03'),('1802524','1802503','1802503',NULL,'officerGroup','string',0,NULL,NULL,NULL,'15',NULL,'2017-05-17 02:56:03','2017-05-17 02:56:03'),('1802532','1802529','1802529',NULL,'submitMonthlyReport_result','string',0,NULL,NULL,NULL,'reject',NULL,'2017-05-17 03:05:06','2017-05-17 03:05:06'),('1802534','1802529','1802529',NULL,'departLeader','string',0,NULL,NULL,NULL,'67',NULL,'2017-05-17 03:05:06','2017-05-17 03:05:06'),('1802536','1802529','1802529',NULL,'committee','null',0,NULL,NULL,NULL,NULL,NULL,'2017-05-17 03:05:06','2017-05-17 03:05:06'),('1802538','1802529','1802529',NULL,'officer','null',0,NULL,NULL,NULL,NULL,NULL,'2017-05-17 03:05:06','2017-05-17 03:05:06'),('1802540','1802529','1802529',NULL,'committeeGroup','string',0,NULL,NULL,NULL,'17',NULL,'2017-05-17 03:05:06','2017-05-17 03:05:06'),('1802542','1802529','1802529',NULL,'committees','string',0,NULL,NULL,NULL,'',NULL,'2017-05-17 03:05:06','2017-05-17 03:05:06'),('1802544','1802529','1802529',NULL,'projectManager','string',0,NULL,NULL,NULL,'72',NULL,'2017-05-17 03:05:06','2017-05-17 03:05:06'),('1802546','1802529','1802529',NULL,'departleaderEndApproval_result','string',0,NULL,NULL,NULL,'reject',NULL,'2017-05-17 03:05:06','2017-05-17 03:05:06'),('1802548','1802529','1802529',NULL,'departLeaderGroup','string',0,NULL,NULL,NULL,'',NULL,'2017-05-17 03:05:06','2017-05-17 03:05:06'),('1802550','1802529','1802529',NULL,'officerGroup','string',0,NULL,NULL,NULL,'15',NULL,'2017-05-17 03:05:06','2017-05-17 03:05:06'),('1802560','1802557','1802557',NULL,'submitMonthlyReport_result','string',0,NULL,NULL,NULL,'reject',NULL,'2017-05-17 03:17:30','2017-05-17 03:17:30'),('1802562','1802557','1802557',NULL,'departLeader','null',0,NULL,NULL,NULL,NULL,NULL,'2017-05-17 03:17:30','2017-05-17 03:17:30'),('1802564','1802557','1802557',NULL,'committee','null',0,NULL,NULL,NULL,NULL,NULL,'2017-05-17 03:17:30','2017-05-17 03:17:30'),('1802566','1802557','1802557',NULL,'officer','null',0,NULL,NULL,NULL,NULL,NULL,'2017-05-17 03:17:30','2017-05-17 03:17:30'),('1802568','1802557','1802557',NULL,'committeeGroup','string',0,NULL,NULL,NULL,'17',NULL,'2017-05-17 03:17:30','2017-05-17 03:17:30'),('1802570','1802557','1802557',NULL,'committees','string',0,NULL,NULL,NULL,'',NULL,'2017-05-17 03:17:30','2017-05-17 03:17:30'),('1802572','1802557','1802557',NULL,'projectManager','string',0,NULL,NULL,NULL,'68',NULL,'2017-05-17 03:17:30','2017-05-17 03:17:30'),('1802574','1802557','1802557',NULL,'departleaderEndApproval_result','string',0,NULL,NULL,NULL,'reject',NULL,'2017-05-17 03:17:30','2017-05-17 03:17:30'),('1802576','1802557','1802557',NULL,'departLeaderGroup','string',0,NULL,NULL,NULL,'',NULL,'2017-05-17 03:17:30','2017-05-17 03:17:30'),('1802578','1802557','1802557',NULL,'officerGroup','string',0,NULL,NULL,NULL,'15',NULL,'2017-05-17 03:17:30','2017-05-17 03:17:30'),('1802590','1802587','1802587',NULL,'submitMonthlyReport_result','string',0,NULL,NULL,NULL,'reject',NULL,'2017-05-17 18:41:08','2017-05-17 18:41:08'),('1802592','1802587','1802587',NULL,'departLeader','string',0,NULL,NULL,NULL,'67',NULL,'2017-05-17 18:41:08','2017-05-17 18:41:08'),('1802594','1802587','1802587',NULL,'committee','null',0,NULL,NULL,NULL,NULL,NULL,'2017-05-17 18:41:08','2017-05-17 18:41:08'),('1802596','1802587','1802587',NULL,'officer','null',0,NULL,NULL,NULL,NULL,NULL,'2017-05-17 18:41:08','2017-05-17 18:41:08'),('1802598','1802587','1802587',NULL,'committeeGroup','string',0,NULL,NULL,NULL,'17',NULL,'2017-05-17 18:41:08','2017-05-17 18:41:08'),('1802600','1802587','1802587',NULL,'committees','string',0,NULL,NULL,NULL,'',NULL,'2017-05-17 18:41:08','2017-05-17 18:41:08'),('1802602','1802587','1802587',NULL,'projectManager','string',0,NULL,NULL,NULL,'75',NULL,'2017-05-17 18:41:08','2017-05-17 18:41:08'),('1802604','1802587','1802587',NULL,'departleaderEndApproval_result','string',0,NULL,NULL,NULL,'reject',NULL,'2017-05-17 18:41:08','2017-05-17 18:41:08'),('1802606','1802587','1802587',NULL,'departLeaderGroup','string',0,NULL,NULL,NULL,'',NULL,'2017-05-17 18:41:08','2017-05-17 18:41:08'),('1802608','1802587','1802587',NULL,'officerGroup','string',0,NULL,NULL,NULL,'15',NULL,'2017-05-17 18:41:08','2017-05-17 18:41:08');
/*!40000 ALTER TABLE `ACT_HI_VARINST` ENABLE KEYS */;
UNLOCK TABLES;

--
-- Table structure for table `ACT_ID_GROUP`
--

DROP TABLE IF EXISTS `ACT_ID_GROUP`;
/*!40101 SET @saved_cs_client     = @@character_set_client */;
/*!40101 SET character_set_client = utf8 */;
CREATE TABLE `ACT_ID_GROUP` (
  `ID_` varchar(64) COLLATE utf8_bin NOT NULL DEFAULT '',
  `REV_` int(11) DEFAULT NULL,
  `NAME_` varchar(255) COLLATE utf8_bin DEFAULT NULL,
  `TYPE_` varchar(255) COLLATE utf8_bin DEFAULT NULL,
  PRIMARY KEY (`ID_`)
) ENGINE=InnoDB DEFAULT CHARSET=utf8 COLLATE=utf8_bin;
/*!40101 SET character_set_client = @saved_cs_client */;

--
-- Dumping data for table `ACT_ID_GROUP`
--

LOCK TABLES `ACT_ID_GROUP` WRITE;
/*!40000 ALTER TABLE `ACT_ID_GROUP` DISABLE KEYS */;
INSERT INTO `ACT_ID_GROUP` VALUES ('14',2,'projectManager','assignment'),('15',2,'CooMartsOfficer','assignment'),('16',2,'departLeader','assignment'),('17',4,'committee','assignment'),('18',2,'CamTalkOfficer','assignment'),('19',2,'LotteryOfficer','assignment'),('21',1,'guest','assignment'),('22',2,'threeLevelsLeader','assignment'),('25',1,'CooMartsPM','assignment'),('26',1,'LotteryPM','assignment'),('27',1,'CamTalkPM','assignment'),('28',1,'publisher','assignment');
/*!40000 ALTER TABLE `ACT_ID_GROUP` ENABLE KEYS */;
UNLOCK TABLES;

--
-- Table structure for table `ACT_ID_INFO`
--

DROP TABLE IF EXISTS `ACT_ID_INFO`;
/*!40101 SET @saved_cs_client     = @@character_set_client */;
/*!40101 SET character_set_client = utf8 */;
CREATE TABLE `ACT_ID_INFO` (
  `ID_` varchar(64) COLLATE utf8_bin NOT NULL DEFAULT '',
  `REV_` int(11) DEFAULT NULL,
  `USER_ID_` varchar(64) COLLATE utf8_bin DEFAULT NULL,
  `TYPE_` varchar(64) COLLATE utf8_bin DEFAULT NULL,
  `KEY_` varchar(255) COLLATE utf8_bin DEFAULT NULL,
  `VALUE_` varchar(255) COLLATE utf8_bin DEFAULT NULL,
  `PASSWORD_` longblob,
  `PARENT_ID_` varchar(255) COLLATE utf8_bin DEFAULT NULL,
  PRIMARY KEY (`ID_`)
) ENGINE=InnoDB DEFAULT CHARSET=utf8 COLLATE=utf8_bin;
/*!40101 SET character_set_client = @saved_cs_client */;

--
-- Dumping data for table `ACT_ID_INFO`
--

LOCK TABLES `ACT_ID_INFO` WRITE;
/*!40000 ALTER TABLE `ACT_ID_INFO` DISABLE KEYS */;
/*!40000 ALTER TABLE `ACT_ID_INFO` ENABLE KEYS */;
UNLOCK TABLES;

--
-- Table structure for table `ACT_ID_MEMBERSHIP`
--

DROP TABLE IF EXISTS `ACT_ID_MEMBERSHIP`;
/*!40101 SET @saved_cs_client     = @@character_set_client */;
/*!40101 SET character_set_client = utf8 */;
CREATE TABLE `ACT_ID_MEMBERSHIP` (
  `USER_ID_` varchar(64) COLLATE utf8_bin NOT NULL DEFAULT '',
  `GROUP_ID_` varchar(64) COLLATE utf8_bin NOT NULL DEFAULT '',
  PRIMARY KEY (`USER_ID_`,`GROUP_ID_`),
  KEY `ACT_FK_MEMB_GROUP` (`GROUP_ID_`),
  CONSTRAINT `ACT_FK_MEMB_GROUP` FOREIGN KEY (`GROUP_ID_`) REFERENCES `ACT_ID_GROUP` (`ID_`),
  CONSTRAINT `ACT_FK_MEMB_USER` FOREIGN KEY (`USER_ID_`) REFERENCES `ACT_ID_USER` (`ID_`)
) ENGINE=InnoDB DEFAULT CHARSET=utf8 COLLATE=utf8_bin;
/*!40101 SET character_set_client = @saved_cs_client */;

--
-- Dumping data for table `ACT_ID_MEMBERSHIP`
--

LOCK TABLES `ACT_ID_MEMBERSHIP` WRITE;
/*!40000 ALTER TABLE `ACT_ID_MEMBERSHIP` DISABLE KEYS */;
INSERT INTO `ACT_ID_MEMBERSHIP` VALUES ('4','14'),('68','14'),('70','14'),('71','14'),('72','14'),('73','14'),('74','14'),('75','14'),('5','15'),('66','15'),('7','16'),('6','17'),('9','18'),('10','19'),('69','21'),('34','22'),('67','28');
/*!40000 ALTER TABLE `ACT_ID_MEMBERSHIP` ENABLE KEYS */;
UNLOCK TABLES;

--
-- Table structure for table `ACT_ID_USER`
--

DROP TABLE IF EXISTS `ACT_ID_USER`;
/*!40101 SET @saved_cs_client     = @@character_set_client */;
/*!40101 SET character_set_client = utf8 */;
CREATE TABLE `ACT_ID_USER` (
  `ID_` varchar(64) COLLATE utf8_bin NOT NULL DEFAULT '',
  `REV_` int(11) DEFAULT NULL,
  `FIRST_` varchar(255) COLLATE utf8_bin DEFAULT NULL,
  `LAST_` varchar(255) COLLATE utf8_bin DEFAULT NULL,
  `EMAIL_` varchar(255) COLLATE utf8_bin DEFAULT NULL,
  `PWD_` varchar(255) COLLATE utf8_bin DEFAULT NULL,
  `PICTURE_ID_` varchar(64) COLLATE utf8_bin DEFAULT NULL,
  PRIMARY KEY (`ID_`)
) ENGINE=InnoDB DEFAULT CHARSET=utf8 COLLATE=utf8_bin;
/*!40101 SET character_set_client = @saved_cs_client */;

--
-- Dumping data for table `ACT_ID_USER`
--

LOCK TABLES `ACT_ID_USER` WRITE;
/*!40000 ALTER TABLE `ACT_ID_USER` DISABLE KEYS */;
INSERT INTO `ACT_ID_USER` VALUES ('1',1,'super','man','121212@foxmail.com','038881275f750fd04fd540bcd75935d0c261fe36',NULL),('10',2,'officerC','','123@163.com','9a8b0e3ff1083d3931f2c233cdd14e78aab7829d',NULL),('34',1,'threeLeader','','threeLeader@163.com','fc8abd76dea947e9901e097dd63cd8de50067a5d',NULL),('4',14,'社会组织项目负责人','','123456@163.com','eb397e83fafe44c53b1ad9511410f69839b8963f',NULL),('5',2,'offercerAbc','','123456@163.com','217e7aca1b7a976d527fcfd862adcf2fed99eecc',NULL),('6',3,'七悦第三方评估','','123456@163.com','84ceb7baec752f47b32c5a672bebfa378548ab25',NULL),('66',1,'福彩金项目管理人员','','','65216fba2e4c397e074761a6d9adbf0a1452cfaf',NULL),('67',1,'福彩金项目需求发布','','','fef9315fab2f938c859398b0249a154b485e54f9',NULL),('68',3,'春泽项目负责人','','05018@bnu.edu.cn','605127c9aa5f7e7c610600f8c760048978d2f24d',NULL),('69',1,'北京华夏慧治','','','5d7bdae3c2fa467fb7c471f5d0ce26fc0df3e958',NULL),('7',2,'政府部门管理员','','123456@163.com','943e6a3290d655b8cab25eb078b503f78dceb747',NULL),('70',2,'侯珺','','','2b0a02cd385356decd09bdd92690253589cfdd5c',NULL),('71',2,'北京春泽项目负责人1','','','6534d3dbe11bdde9255c13948321c33bed4a423c',NULL),('72',2,'北京春泽福彩金项目负责人','','','8ca3b81264befac097ed09e690d7cecbaaf4d9f9',NULL),('73',2,'北京春泽福彩金项目负责人','','','b70402b2b4342b5c472773a1d99394d55a443a5d',NULL),('74',2,'lym','','','77f1bc14a919fa066f77ab8ee66aa2f79cd30e61',NULL),('75',2,'袁玥','','','f7ca29d13199b022d8404178ca9a2dc9010d2f8a',NULL),('9',1,'officerB','','123@163.com','84927f605fd77487164d3042a907b35883582e77',NULL);
/*!40000 ALTER TABLE `ACT_ID_USER` ENABLE KEYS */;
UNLOCK TABLES;

--
-- Table structure for table `ACT_PROCDEF_INFO`
--

DROP TABLE IF EXISTS `ACT_PROCDEF_INFO`;
/*!40101 SET @saved_cs_client     = @@character_set_client */;
/*!40101 SET character_set_client = utf8 */;
CREATE TABLE `ACT_PROCDEF_INFO` (
  `ID_` varchar(64) COLLATE utf8_bin NOT NULL,
  `PROC_DEF_ID_` varchar(64) COLLATE utf8_bin NOT NULL,
  `REV_` int(11) DEFAULT NULL,
  `INFO_JSON_ID_` varchar(64) COLLATE utf8_bin DEFAULT NULL,
  PRIMARY KEY (`ID_`),
  UNIQUE KEY `ACT_UNIQ_INFO_PROCDEF` (`PROC_DEF_ID_`),
  KEY `ACT_IDX_INFO_PROCDEF` (`PROC_DEF_ID_`),
  KEY `ACT_FK_INFO_JSON_BA` (`INFO_JSON_ID_`),
  CONSTRAINT `ACT_FK_INFO_JSON_BA` FOREIGN KEY (`INFO_JSON_ID_`) REFERENCES `ACT_GE_BYTEARRAY` (`ID_`),
  CONSTRAINT `ACT_FK_INFO_PROCDEF` FOREIGN KEY (`PROC_DEF_ID_`) REFERENCES `ACT_RE_PROCDEF` (`ID_`)
) ENGINE=InnoDB DEFAULT CHARSET=utf8 COLLATE=utf8_bin;
/*!40101 SET character_set_client = @saved_cs_client */;

--
-- Dumping data for table `ACT_PROCDEF_INFO`
--

LOCK TABLES `ACT_PROCDEF_INFO` WRITE;
/*!40000 ALTER TABLE `ACT_PROCDEF_INFO` DISABLE KEYS */;
/*!40000 ALTER TABLE `ACT_PROCDEF_INFO` ENABLE KEYS */;
UNLOCK TABLES;

--
-- Table structure for table `ACT_RE_DEPLOYMENT`
--

DROP TABLE IF EXISTS `ACT_RE_DEPLOYMENT`;
/*!40101 SET @saved_cs_client     = @@character_set_client */;
/*!40101 SET character_set_client = utf8 */;
CREATE TABLE `ACT_RE_DEPLOYMENT` (
  `ID_` varchar(64) COLLATE utf8_bin NOT NULL DEFAULT '',
  `NAME_` varchar(255) COLLATE utf8_bin DEFAULT NULL,
  `CATEGORY_` varchar(255) COLLATE utf8_bin DEFAULT NULL,
  `TENANT_ID_` varchar(255) COLLATE utf8_bin DEFAULT '',
  `DEPLOY_TIME_` timestamp NULL DEFAULT NULL,
  PRIMARY KEY (`ID_`)
) ENGINE=InnoDB DEFAULT CHARSET=utf8 COLLATE=utf8_bin;
/*!40101 SET character_set_client = @saved_cs_client */;

--
-- Dumping data for table `ACT_RE_DEPLOYMENT`
--

LOCK TABLES `ACT_RE_DEPLOYMENT` WRITE;
/*!40000 ALTER TABLE `ACT_RE_DEPLOYMENT` DISABLE KEYS */;
INSERT INTO `ACT_RE_DEPLOYMENT` VALUES ('1775001','SpringAutoDeployment',NULL,'','2017-03-25 08:09:57');
/*!40000 ALTER TABLE `ACT_RE_DEPLOYMENT` ENABLE KEYS */;
UNLOCK TABLES;

--
-- Table structure for table `ACT_RE_MODEL`
--

DROP TABLE IF EXISTS `ACT_RE_MODEL`;
/*!40101 SET @saved_cs_client     = @@character_set_client */;
/*!40101 SET character_set_client = utf8 */;
CREATE TABLE `ACT_RE_MODEL` (
  `ID_` varchar(64) COLLATE utf8_bin NOT NULL,
  `REV_` int(11) DEFAULT NULL,
  `NAME_` varchar(255) COLLATE utf8_bin DEFAULT NULL,
  `KEY_` varchar(255) COLLATE utf8_bin DEFAULT NULL,
  `CATEGORY_` varchar(255) COLLATE utf8_bin DEFAULT NULL,
  `CREATE_TIME_` timestamp NULL DEFAULT NULL,
  `LAST_UPDATE_TIME_` timestamp NULL DEFAULT NULL,
  `VERSION_` int(11) DEFAULT NULL,
  `META_INFO_` varchar(4000) COLLATE utf8_bin DEFAULT NULL,
  `DEPLOYMENT_ID_` varchar(64) COLLATE utf8_bin DEFAULT NULL,
  `EDITOR_SOURCE_VALUE_ID_` varchar(64) COLLATE utf8_bin DEFAULT NULL,
  `EDITOR_SOURCE_EXTRA_VALUE_ID_` varchar(64) COLLATE utf8_bin DEFAULT NULL,
  `TENANT_ID_` varchar(255) COLLATE utf8_bin DEFAULT '',
  PRIMARY KEY (`ID_`),
  KEY `ACT_FK_MODEL_SOURCE` (`EDITOR_SOURCE_VALUE_ID_`),
  KEY `ACT_FK_MODEL_SOURCE_EXTRA` (`EDITOR_SOURCE_EXTRA_VALUE_ID_`),
  KEY `ACT_FK_MODEL_DEPLOYMENT` (`DEPLOYMENT_ID_`),
  CONSTRAINT `ACT_FK_MODEL_DEPLOYMENT` FOREIGN KEY (`DEPLOYMENT_ID_`) REFERENCES `ACT_RE_DEPLOYMENT` (`ID_`),
  CONSTRAINT `ACT_FK_MODEL_SOURCE` FOREIGN KEY (`EDITOR_SOURCE_VALUE_ID_`) REFERENCES `ACT_GE_BYTEARRAY` (`ID_`),
  CONSTRAINT `ACT_FK_MODEL_SOURCE_EXTRA` FOREIGN KEY (`EDITOR_SOURCE_EXTRA_VALUE_ID_`) REFERENCES `ACT_GE_BYTEARRAY` (`ID_`)
) ENGINE=InnoDB DEFAULT CHARSET=utf8 COLLATE=utf8_bin;
/*!40101 SET character_set_client = @saved_cs_client */;

--
-- Dumping data for table `ACT_RE_MODEL`
--

LOCK TABLES `ACT_RE_MODEL` WRITE;
/*!40000 ALTER TABLE `ACT_RE_MODEL` DISABLE KEYS */;
/*!40000 ALTER TABLE `ACT_RE_MODEL` ENABLE KEYS */;
UNLOCK TABLES;

--
-- Table structure for table `ACT_RE_PROCDEF`
--

DROP TABLE IF EXISTS `ACT_RE_PROCDEF`;
/*!40101 SET @saved_cs_client     = @@character_set_client */;
/*!40101 SET character_set_client = utf8 */;
CREATE TABLE `ACT_RE_PROCDEF` (
  `ID_` varchar(64) COLLATE utf8_bin NOT NULL,
  `REV_` int(11) DEFAULT NULL,
  `CATEGORY_` varchar(255) COLLATE utf8_bin DEFAULT NULL,
  `NAME_` varchar(255) COLLATE utf8_bin DEFAULT NULL,
  `KEY_` varchar(255) COLLATE utf8_bin NOT NULL,
  `VERSION_` int(11) NOT NULL,
  `DEPLOYMENT_ID_` varchar(64) COLLATE utf8_bin DEFAULT NULL,
  `RESOURCE_NAME_` varchar(4000) COLLATE utf8_bin DEFAULT NULL,
  `DGRM_RESOURCE_NAME_` varchar(4000) COLLATE utf8_bin DEFAULT NULL,
  `DESCRIPTION_` varchar(4000) COLLATE utf8_bin DEFAULT NULL,
  `HAS_START_FORM_KEY_` tinyint(4) DEFAULT NULL,
  `HAS_GRAPHICAL_NOTATION_` tinyint(4) DEFAULT NULL,
  `SUSPENSION_STATE_` int(11) DEFAULT NULL,
  `TENANT_ID_` varchar(255) COLLATE utf8_bin DEFAULT '',
  PRIMARY KEY (`ID_`),
  UNIQUE KEY `ACT_UNIQ_PROCDEF` (`KEY_`,`VERSION_`,`TENANT_ID_`)
) ENGINE=InnoDB DEFAULT CHARSET=utf8 COLLATE=utf8_bin;
/*!40101 SET character_set_client = @saved_cs_client */;

--
-- Dumping data for table `ACT_RE_PROCDEF`
--

LOCK TABLES `ACT_RE_PROCDEF` WRITE;
/*!40000 ALTER TABLE `ACT_RE_PROCDEF` DISABLE KEYS */;
INSERT INTO `ACT_RE_PROCDEF` VALUES ('changeProcess:1:1775012',1,'http://www.activiti.org/processdef','变更流程','changeProcess',1,'1775001','D:\\apache-tomcat-7.0.54-windows-x64\\apache-tomcat-7.0.54\\wtpwebapps\\process\\WEB-INF\\classes\\deployments\\changeProcess.bpmn20.xml','D:\\apache-tomcat-7.0.54-windows-x64\\apache-tomcat-7.0.54\\wtpwebapps\\process\\WEB-INF\\classes\\deployments\\changeProcess.changeProcess.png',NULL,0,1,1,''),('pm_process_bumenjlfb:1:1775013',1,'http://www.activiti.org/processdef','部门经理发布流程','pm_process_bumenjlfb',1,'1775001','D:\\apache-tomcat-7.0.54-windows-x64\\apache-tomcat-7.0.54\\wtpwebapps\\process\\WEB-INF\\classes\\deployments\\pm_process_bumenjlfb.bpmn20.xml','D:\\apache-tomcat-7.0.54-windows-x64\\apache-tomcat-7.0.54\\wtpwebapps\\process\\WEB-INF\\classes\\deployments\\pm_process_bumenjlfb.pm_process_bumenjlfb.png',NULL,0,1,1,''),('pm_process_jianguan:1:1775011',1,'http://www.activiti.org/processdef','项目监管流程','pm_process_jianguan',1,'1775001','D:\\apache-tomcat-7.0.54-windows-x64\\apache-tomcat-7.0.54\\wtpwebapps\\process\\WEB-INF\\classes\\deployments\\pm_process_jianguan.bpmn20.xml','D:\\apache-tomcat-7.0.54-windows-x64\\apache-tomcat-7.0.54\\wtpwebapps\\process\\WEB-INF\\classes\\deployments\\pm_process_jianguan.pm_process_jianguan.png',NULL,0,1,1,''),('pm_process_xiangmujlsq:1:1775010',1,'http://www.activiti.org/processdef','项目经理申请流程','pm_process_xiangmujlsq',1,'1775001','D:\\apache-tomcat-7.0.54-windows-x64\\apache-tomcat-7.0.54\\wtpwebapps\\process\\WEB-INF\\classes\\deployments\\pm_process_xiangmujlsq.bpmn20.xml','D:\\apache-tomcat-7.0.54-windows-x64\\apache-tomcat-7.0.54\\wtpwebapps\\process\\WEB-INF\\classes\\deployments\\pm_process_xiangmujlsq.pm_process_xiangmujlsq.png',NULL,0,1,1,'');
/*!40000 ALTER TABLE `ACT_RE_PROCDEF` ENABLE KEYS */;
UNLOCK TABLES;

--
-- Table structure for table `ACT_RU_EVENT_SUBSCR`
--

DROP TABLE IF EXISTS `ACT_RU_EVENT_SUBSCR`;
/*!40101 SET @saved_cs_client     = @@character_set_client */;
/*!40101 SET character_set_client = utf8 */;
CREATE TABLE `ACT_RU_EVENT_SUBSCR` (
  `ID_` varchar(64) COLLATE utf8_bin NOT NULL,
  `REV_` int(11) DEFAULT NULL,
  `EVENT_TYPE_` varchar(255) COLLATE utf8_bin NOT NULL,
  `EVENT_NAME_` varchar(255) COLLATE utf8_bin DEFAULT NULL,
  `EXECUTION_ID_` varchar(64) COLLATE utf8_bin DEFAULT NULL,
  `PROC_INST_ID_` varchar(64) COLLATE utf8_bin DEFAULT NULL,
  `ACTIVITY_ID_` varchar(64) COLLATE utf8_bin DEFAULT NULL,
  `CONFIGURATION_` varchar(255) COLLATE utf8_bin DEFAULT NULL,
  `CREATED_` timestamp NOT NULL DEFAULT CURRENT_TIMESTAMP,
  `PROC_DEF_ID_` varchar(64) COLLATE utf8_bin DEFAULT NULL,
  `TENANT_ID_` varchar(255) COLLATE utf8_bin DEFAULT '',
  PRIMARY KEY (`ID_`),
  KEY `ACT_IDX_EVENT_SUBSCR_CONFIG_` (`CONFIGURATION_`),
  KEY `ACT_FK_EVENT_EXEC` (`EXECUTION_ID_`),
  CONSTRAINT `ACT_FK_EVENT_EXEC` FOREIGN KEY (`EXECUTION_ID_`) REFERENCES `ACT_RU_EXECUTION` (`ID_`)
) ENGINE=InnoDB DEFAULT CHARSET=utf8 COLLATE=utf8_bin;
/*!40101 SET character_set_client = @saved_cs_client */;

--
-- Dumping data for table `ACT_RU_EVENT_SUBSCR`
--

LOCK TABLES `ACT_RU_EVENT_SUBSCR` WRITE;
/*!40000 ALTER TABLE `ACT_RU_EVENT_SUBSCR` DISABLE KEYS */;
/*!40000 ALTER TABLE `ACT_RU_EVENT_SUBSCR` ENABLE KEYS */;
UNLOCK TABLES;

--
-- Table structure for table `ACT_RU_EXECUTION`
--

DROP TABLE IF EXISTS `ACT_RU_EXECUTION`;
/*!40101 SET @saved_cs_client     = @@character_set_client */;
/*!40101 SET character_set_client = utf8 */;
CREATE TABLE `ACT_RU_EXECUTION` (
  `ID_` varchar(64) COLLATE utf8_bin NOT NULL DEFAULT '',
  `REV_` int(11) DEFAULT NULL,
  `PROC_INST_ID_` varchar(64) COLLATE utf8_bin DEFAULT NULL,
  `BUSINESS_KEY_` varchar(255) COLLATE utf8_bin DEFAULT NULL,
  `PARENT_ID_` varchar(64) COLLATE utf8_bin DEFAULT NULL,
  `PROC_DEF_ID_` varchar(64) COLLATE utf8_bin DEFAULT NULL,
  `SUPER_EXEC_` varchar(64) COLLATE utf8_bin DEFAULT NULL,
  `ACT_ID_` varchar(255) COLLATE utf8_bin DEFAULT NULL,
  `IS_ACTIVE_` tinyint(4) DEFAULT NULL,
  `IS_CONCURRENT_` tinyint(4) DEFAULT NULL,
  `IS_SCOPE_` tinyint(4) DEFAULT NULL,
  `IS_EVENT_SCOPE_` tinyint(4) DEFAULT NULL,
  `SUSPENSION_STATE_` int(11) DEFAULT NULL,
  `CACHED_ENT_STATE_` int(11) DEFAULT NULL,
  `TENANT_ID_` varchar(255) COLLATE utf8_bin DEFAULT '',
  `NAME_` varchar(255) COLLATE utf8_bin DEFAULT NULL,
  `LOCK_TIME_` timestamp NULL DEFAULT NULL,
  PRIMARY KEY (`ID_`),
  KEY `ACT_IDX_EXEC_BUSKEY` (`BUSINESS_KEY_`),
  KEY `ACT_FK_EXE_PROCINST` (`PROC_INST_ID_`),
  KEY `ACT_FK_EXE_PARENT` (`PARENT_ID_`),
  KEY `ACT_FK_EXE_SUPER` (`SUPER_EXEC_`),
  KEY `ACT_FK_EXE_PROCDEF` (`PROC_DEF_ID_`),
  CONSTRAINT `ACT_FK_EXE_PARENT` FOREIGN KEY (`PARENT_ID_`) REFERENCES `ACT_RU_EXECUTION` (`ID_`),
  CONSTRAINT `ACT_FK_EXE_PROCDEF` FOREIGN KEY (`PROC_DEF_ID_`) REFERENCES `ACT_RE_PROCDEF` (`ID_`),
  CONSTRAINT `ACT_FK_EXE_PROCINST` FOREIGN KEY (`PROC_INST_ID_`) REFERENCES `ACT_RU_EXECUTION` (`ID_`) ON DELETE CASCADE ON UPDATE CASCADE,
  CONSTRAINT `ACT_FK_EXE_SUPER` FOREIGN KEY (`SUPER_EXEC_`) REFERENCES `ACT_RU_EXECUTION` (`ID_`)
) ENGINE=InnoDB DEFAULT CHARSET=utf8 COLLATE=utf8_bin;
/*!40101 SET character_set_client = @saved_cs_client */;

--
-- Dumping data for table `ACT_RU_EXECUTION`
--

LOCK TABLES `ACT_RU_EXECUTION` WRITE;
/*!40000 ALTER TABLE `ACT_RU_EXECUTION` DISABLE KEYS */;
INSERT INTO `ACT_RU_EXECUTION` VALUES ('1697680',1,'1782501',NULL,'1782501','pm_process_jianguan:1:1775011',NULL,'submitMonthlyReport',1,1,0,0,1,7,'',NULL,NULL),('1697701',1,'1787931',NULL,'1787931','pm_process_jianguan:1:1775011',NULL,'submitMonthlyReport',1,1,0,0,1,7,'',NULL,NULL),('1697712',1,'1788190',NULL,'1788190','pm_process_jianguan:1:1775011',NULL,'submitMonthlyReport',1,1,0,0,1,7,'',NULL,NULL),('1697723',3,'1788286',NULL,'1788286','pm_process_jianguan:1:1775011',NULL,'submitMonthlyCheck',1,1,0,0,1,3,'',NULL,NULL),('1697734',2,'1788286',NULL,'1788286','pm_process_jianguan:1:1775011',NULL,'reportCheckJoin',0,1,0,0,1,1,'',NULL,NULL),('1781008',1,'1781008','Project:1000452',NULL,'pm_process_jianguan:1:1775011',NULL,'officerApproval',1,0,1,0,1,2,'',NULL,NULL),('1782501',5,'1782501','Project:1000453',NULL,'pm_process_jianguan:1:1775011',NULL,'publishParallelfork',0,0,1,0,1,0,'',NULL,NULL),('1785001',1,'1785001','Project:1000454',NULL,'pm_process_jianguan:1:1775011',NULL,'officerApproval',1,0,1,0,1,2,'',NULL,NULL),('1787671',1,'1782501',NULL,'1782501','pm_process_jianguan:1:1775011',NULL,'pmSubmitMIdMaterial',1,1,0,0,1,7,'',NULL,NULL),('1787672',2,'1782501',NULL,'1782501','pm_process_jianguan:1:1775011',NULL,'submitMonthlyCheck',1,1,0,0,1,7,'',NULL,NULL),('1787931',5,'1787931','Project:1000455',NULL,'pm_process_jianguan:1:1775011',NULL,'publishParallelfork',0,0,1,0,1,0,'',NULL,NULL),('1788182',1,'1787931',NULL,'1787931','pm_process_jianguan:1:1775011',NULL,'pmSubmitMIdMaterial',1,1,0,0,1,7,'',NULL,NULL),('1788183',2,'1787931',NULL,'1787931','pm_process_jianguan:1:1775011',NULL,'submitMonthlyCheck',1,1,0,0,1,7,'',NULL,NULL),('1788190',5,'1788190','Project:1000456',NULL,'pm_process_jianguan:1:1775011',NULL,'publishParallelfork',0,0,1,0,1,0,'',NULL,NULL),('1788278',1,'1788190',NULL,'1788190','pm_process_jianguan:1:1775011',NULL,'pmSubmitMIdMaterial',1,1,0,0,1,7,'',NULL,NULL),('1788279',2,'1788190',NULL,'1788190','pm_process_jianguan:1:1775011',NULL,'submitMonthlyCheck',1,1,0,0,1,7,'',NULL,NULL),('1788286',9,'1788286','Project:1000457',NULL,'pm_process_jianguan:1:1775011',NULL,'publishParallelfork',0,0,1,0,1,0,'',NULL,NULL),('1788375',5,'1788286',NULL,'1788286','pm_process_jianguan:1:1775011',NULL,'midCommitteeApproval',1,1,0,0,1,3,'',NULL,NULL),('1788484',1,'1788484','Project:1000458',NULL,'pm_process_jianguan:1:1775011',NULL,'officerApproval',1,0,1,0,1,2,'',NULL,NULL),('1788510',1,'1788510','Project:1000459',NULL,'pm_process_jianguan:1:1775011',NULL,'officerApproval',1,0,1,0,1,2,'',NULL,NULL),('1792503',5,'1792503','Project:1000460',NULL,'pm_process_jianguan:1:1775011',NULL,'publishParallelfork',0,0,1,0,1,0,'',NULL,NULL),('1792590',1,'1792503',NULL,'1792503','pm_process_jianguan:1:1775011',NULL,'pmSubmitMIdMaterial',1,1,0,0,1,7,'',NULL,NULL),('1792591',2,'1792503',NULL,'1792503','pm_process_jianguan:1:1775011',NULL,'submitMonthlyCheck',1,1,0,0,1,7,'',NULL,NULL),('1792601',1,'1792503',NULL,'1792503','pm_process_jianguan:1:1775011',NULL,'submitMonthlyReport',1,1,0,0,1,7,'',NULL,NULL),('1797501',1,'1797501','Project:1000461',NULL,'pm_process_jianguan:1:1775011',NULL,'officerApproval',1,0,1,0,1,2,'',NULL,NULL),('1800001',1,'1800001','Project:1000462',NULL,'pm_process_jianguan:1:1775011',NULL,'officerApproval',1,0,1,0,1,2,'',NULL,NULL),('1802503',1,'1802503','Project:1000463',NULL,'pm_process_jianguan:1:1775011',NULL,'officerApproval',1,0,1,0,1,2,'',NULL,NULL),('1802529',1,'1802529','Project:1000464',NULL,'pm_process_jianguan:1:1775011',NULL,'officerApproval',1,0,1,0,1,2,'',NULL,NULL),('1802557',1,'1802557','Project:1000465',NULL,'pm_process_jianguan:1:1775011',NULL,'officerApproval',1,0,1,0,1,2,'',NULL,NULL),('1802587',1,'1802587','Project:1000466',NULL,'pm_process_jianguan:1:1775011',NULL,'officerApproval',1,0,1,0,1,2,'',NULL,NULL);
/*!40000 ALTER TABLE `ACT_RU_EXECUTION` ENABLE KEYS */;
UNLOCK TABLES;

--
-- Table structure for table `ACT_RU_IDENTITYLINK`
--

DROP TABLE IF EXISTS `ACT_RU_IDENTITYLINK`;
/*!40101 SET @saved_cs_client     = @@character_set_client */;
/*!40101 SET character_set_client = utf8 */;
CREATE TABLE `ACT_RU_IDENTITYLINK` (
  `ID_` varchar(64) COLLATE utf8_bin NOT NULL DEFAULT '',
  `REV_` int(11) DEFAULT NULL,
  `GROUP_ID_` varchar(255) COLLATE utf8_bin DEFAULT NULL,
  `TYPE_` varchar(255) COLLATE utf8_bin DEFAULT NULL,
  `USER_ID_` varchar(255) COLLATE utf8_bin DEFAULT NULL,
  `TASK_ID_` varchar(64) COLLATE utf8_bin DEFAULT NULL,
  `PROC_INST_ID_` varchar(64) COLLATE utf8_bin DEFAULT NULL,
  `PROC_DEF_ID_` varchar(64) COLLATE utf8_bin DEFAULT NULL,
  PRIMARY KEY (`ID_`),
  KEY `ACT_IDX_IDENT_LNK_USER` (`USER_ID_`),
  KEY `ACT_IDX_IDENT_LNK_GROUP` (`GROUP_ID_`),
  KEY `ACT_IDX_ATHRZ_PROCEDEF` (`PROC_DEF_ID_`),
  KEY `ACT_FK_TSKASS_TASK` (`TASK_ID_`),
  KEY `ACT_FK_IDL_PROCINST` (`PROC_INST_ID_`),
  CONSTRAINT `ACT_FK_ATHRZ_PROCEDEF` FOREIGN KEY (`PROC_DEF_ID_`) REFERENCES `ACT_RE_PROCDEF` (`ID_`),
  CONSTRAINT `ACT_FK_IDL_PROCINST` FOREIGN KEY (`PROC_INST_ID_`) REFERENCES `ACT_RU_EXECUTION` (`ID_`),
  CONSTRAINT `ACT_FK_TSKASS_TASK` FOREIGN KEY (`TASK_ID_`) REFERENCES `ACT_RU_TASK` (`ID_`)
) ENGINE=InnoDB DEFAULT CHARSET=utf8 COLLATE=utf8_bin;
/*!40101 SET character_set_client = @saved_cs_client */;

--
-- Dumping data for table `ACT_RU_IDENTITYLINK`
--

LOCK TABLES `ACT_RU_IDENTITYLINK` WRITE;
/*!40000 ALTER TABLE `ACT_RU_IDENTITYLINK` DISABLE KEYS */;
INSERT INTO `ACT_RU_IDENTITYLINK` VALUES ('1697683',1,'','candidate',NULL,'1697682',NULL,NULL),('1697684',1,NULL,'candidate','','1697682',NULL,NULL),('1697685',1,NULL,'participant','',NULL,'1782501',NULL),('1697704',1,'','candidate',NULL,'1697703',NULL,NULL),('1697705',1,NULL,'candidate','','1697703',NULL,NULL),('1697706',1,NULL,'participant','',NULL,'1787931',NULL),('1697715',1,'','candidate',NULL,'1697714',NULL,NULL),('1697716',1,NULL,'candidate','','1697714',NULL,NULL),('1697717',1,NULL,'participant','',NULL,'1788190',NULL),('1697728',1,NULL,'participant','',NULL,'1788286',NULL),('1697737',1,'','candidate',NULL,'1697736',NULL,NULL),('1697738',1,NULL,'candidate','','1697736',NULL,NULL),('1781009',1,NULL,'starter','57',NULL,'1781008',NULL),('1781033',1,'15','candidate',NULL,'1781032',NULL,NULL),('1782502',1,NULL,'starter','4',NULL,'1782501',NULL),('1782527',1,NULL,'participant','5',NULL,'1782501',NULL),('1782547',1,NULL,'participant','58',NULL,'1782501',NULL),('1785002',1,NULL,'starter','57',NULL,'1785001',NULL),('1785026',1,'15','candidate',NULL,'1785025',NULL,NULL),('1787650',1,NULL,'participant','53',NULL,'1782501',NULL),('1787932',1,NULL,'starter','55',NULL,'1787931',NULL),('1787987',1,NULL,'participant','59',NULL,'1787931',NULL),('1788007',1,NULL,'participant','6',NULL,'1787931',NULL),('1788009',1,NULL,'participant','58',NULL,'1787931',NULL),('1788161',1,NULL,'participant','53',NULL,'1787931',NULL),('1788191',1,NULL,'starter','57',NULL,'1788190',NULL),('1788216',1,NULL,'participant','59',NULL,'1788190',NULL),('1788236',1,NULL,'participant','6',NULL,'1788190',NULL),('1788238',1,NULL,'participant','58',NULL,'1788190',NULL),('1788256',1,NULL,'participant','53',NULL,'1788190',NULL),('1788287',1,NULL,'starter','57',NULL,'1788286',NULL),('1788312',1,NULL,'participant','59',NULL,'1788286',NULL),('1788328',1,NULL,'participant','55',NULL,'1788286',NULL),('1788333',1,NULL,'participant','6',NULL,'1788286',NULL),('1788335',1,NULL,'participant','58',NULL,'1788286',NULL),('1788353',1,NULL,'participant','53',NULL,'1788286',NULL),('1788482',1,'','candidate',NULL,'1788481',NULL,NULL),('1788483',1,NULL,'candidate','','1788481',NULL,NULL),('1788485',1,NULL,'starter','61',NULL,'1788484',NULL),('1788509',1,'18','candidate',NULL,'1788508',NULL,NULL),('1788511',1,NULL,'starter','4',NULL,'1788510',NULL),('1788535',1,'15','candidate',NULL,'1788534',NULL,NULL),('1792504',1,NULL,'starter','4',NULL,'1792503',NULL),('1792530',1,NULL,'participant','9',NULL,'1792503',NULL),('1792550',1,NULL,'participant','6',NULL,'1792503',NULL),('1792568',1,NULL,'participant','7',NULL,'1792503',NULL),('1792604',1,'','candidate',NULL,'1792603',NULL,NULL),('1792605',1,NULL,'candidate','','1792603',NULL,NULL),('1792606',1,NULL,'participant','',NULL,'1792503',NULL),('1797502',1,NULL,'starter','68',NULL,'1797501',NULL),('1797526',1,'15','candidate',NULL,'1797525',NULL,NULL),('1800002',1,NULL,'starter','68',NULL,'1800001',NULL),('1800026',1,'15','candidate',NULL,'1800025',NULL,NULL),('1802504',1,NULL,'starter','71',NULL,'1802503',NULL),('1802528',1,'15','candidate',NULL,'1802527',NULL,NULL),('1802530',1,NULL,'starter','72',NULL,'1802529',NULL),('1802554',1,'15','candidate',NULL,'1802553',NULL,NULL),('1802558',1,NULL,'starter','68',NULL,'1802557',NULL),('1802582',1,'15','candidate',NULL,'1802581',NULL,NULL),('1802588',1,NULL,'starter','75',NULL,'1802587',NULL),('1802612',1,'15','candidate',NULL,'1802611',NULL,NULL);
/*!40000 ALTER TABLE `ACT_RU_IDENTITYLINK` ENABLE KEYS */;
UNLOCK TABLES;

--
-- Table structure for table `ACT_RU_JOB`
--

DROP TABLE IF EXISTS `ACT_RU_JOB`;
/*!40101 SET @saved_cs_client     = @@character_set_client */;
/*!40101 SET character_set_client = utf8 */;
CREATE TABLE `ACT_RU_JOB` (
  `ID_` varchar(64) COLLATE utf8_bin NOT NULL,
  `REV_` int(11) DEFAULT NULL,
  `TYPE_` varchar(255) COLLATE utf8_bin NOT NULL,
  `LOCK_EXP_TIME_` timestamp NULL DEFAULT NULL,
  `LOCK_OWNER_` varchar(255) COLLATE utf8_bin DEFAULT NULL,
  `EXCLUSIVE_` tinyint(1) DEFAULT NULL,
  `EXECUTION_ID_` varchar(64) COLLATE utf8_bin DEFAULT NULL,
  `PROCESS_INSTANCE_ID_` varchar(64) COLLATE utf8_bin DEFAULT NULL,
  `PROC_DEF_ID_` varchar(64) COLLATE utf8_bin DEFAULT NULL,
  `RETRIES_` int(11) DEFAULT NULL,
  `EXCEPTION_STACK_ID_` varchar(64) COLLATE utf8_bin DEFAULT NULL,
  `EXCEPTION_MSG_` varchar(4000) COLLATE utf8_bin DEFAULT NULL,
  `DUEDATE_` timestamp NULL DEFAULT NULL,
  `REPEAT_` varchar(255) COLLATE utf8_bin DEFAULT NULL,
  `HANDLER_TYPE_` varchar(255) COLLATE utf8_bin DEFAULT NULL,
  `HANDLER_CFG_` varchar(4000) COLLATE utf8_bin DEFAULT NULL,
  `TENANT_ID_` varchar(255) COLLATE utf8_bin DEFAULT '',
  PRIMARY KEY (`ID_`),
  KEY `ACT_FK_JOB_EXCEPTION` (`EXCEPTION_STACK_ID_`),
  CONSTRAINT `ACT_FK_JOB_EXCEPTION` FOREIGN KEY (`EXCEPTION_STACK_ID_`) REFERENCES `ACT_GE_BYTEARRAY` (`ID_`)
) ENGINE=InnoDB DEFAULT CHARSET=utf8 COLLATE=utf8_bin;
/*!40101 SET character_set_client = @saved_cs_client */;

--
-- Dumping data for table `ACT_RU_JOB`
--

LOCK TABLES `ACT_RU_JOB` WRITE;
/*!40000 ALTER TABLE `ACT_RU_JOB` DISABLE KEYS */;
/*!40000 ALTER TABLE `ACT_RU_JOB` ENABLE KEYS */;
UNLOCK TABLES;

--
-- Table structure for table `ACT_RU_TASK`
--

DROP TABLE IF EXISTS `ACT_RU_TASK`;
/*!40101 SET @saved_cs_client     = @@character_set_client */;
/*!40101 SET character_set_client = utf8 */;
CREATE TABLE `ACT_RU_TASK` (
  `ID_` varchar(64) COLLATE utf8_bin NOT NULL DEFAULT '',
  `REV_` int(11) DEFAULT NULL,
  `EXECUTION_ID_` varchar(64) COLLATE utf8_bin DEFAULT NULL,
  `PROC_INST_ID_` varchar(64) COLLATE utf8_bin DEFAULT NULL,
  `PROC_DEF_ID_` varchar(64) COLLATE utf8_bin DEFAULT NULL,
  `NAME_` varchar(255) COLLATE utf8_bin DEFAULT NULL,
  `PARENT_TASK_ID_` varchar(64) COLLATE utf8_bin DEFAULT NULL,
  `DESCRIPTION_` varchar(4000) COLLATE utf8_bin DEFAULT NULL,
  `TASK_DEF_KEY_` varchar(255) COLLATE utf8_bin DEFAULT NULL,
  `OWNER_` varchar(255) COLLATE utf8_bin DEFAULT NULL,
  `ASSIGNEE_` varchar(255) COLLATE utf8_bin DEFAULT NULL,
  `DELEGATION_` varchar(64) COLLATE utf8_bin DEFAULT NULL,
  `PRIORITY_` int(11) DEFAULT NULL,
  `CREATE_TIME_` timestamp NULL DEFAULT NULL,
  `DUE_DATE_` datetime DEFAULT NULL,
  `CATEGORY_` varchar(255) COLLATE utf8_bin DEFAULT NULL,
  `SUSPENSION_STATE_` int(11) DEFAULT NULL,
  `TENANT_ID_` varchar(255) COLLATE utf8_bin DEFAULT '',
  `FORM_KEY_` varchar(255) COLLATE utf8_bin DEFAULT NULL,
  PRIMARY KEY (`ID_`),
  KEY `ACT_IDX_TASK_CREATE` (`CREATE_TIME_`),
  KEY `ACT_FK_TASK_EXE` (`EXECUTION_ID_`),
  KEY `ACT_FK_TASK_PROCINST` (`PROC_INST_ID_`),
  KEY `ACT_FK_TASK_PROCDEF` (`PROC_DEF_ID_`),
  CONSTRAINT `ACT_FK_TASK_EXE` FOREIGN KEY (`EXECUTION_ID_`) REFERENCES `ACT_RU_EXECUTION` (`ID_`),
  CONSTRAINT `ACT_FK_TASK_PROCDEF` FOREIGN KEY (`PROC_DEF_ID_`) REFERENCES `ACT_RE_PROCDEF` (`ID_`),
  CONSTRAINT `ACT_FK_TASK_PROCINST` FOREIGN KEY (`PROC_INST_ID_`) REFERENCES `ACT_RU_EXECUTION` (`ID_`)
) ENGINE=InnoDB DEFAULT CHARSET=utf8 COLLATE=utf8_bin;
/*!40101 SET character_set_client = @saved_cs_client */;

--
-- Dumping data for table `ACT_RU_TASK`
--

LOCK TABLES `ACT_RU_TASK` WRITE;
/*!40000 ALTER TABLE `ACT_RU_TASK` DISABLE KEYS */;
INSERT INTO `ACT_RU_TASK` VALUES ('1697682',1,'1787672','1782501','pm_process_jianguan:1:1775011','提交周期监测',NULL,NULL,'submitMonthlyCheck',NULL,'58',NULL,50,'2017-03-27 08:12:13',NULL,'1',1,'',NULL),('1697687',1,'1697680','1782501','pm_process_jianguan:1:1775011','提交周期报告',NULL,NULL,'submitMonthlyReport',NULL,'4',NULL,50,'2017-03-27 08:12:13',NULL,'1',1,'',NULL),('1697703',1,'1788183','1787931','pm_process_jianguan:1:1775011','提交周期监测',NULL,NULL,'submitMonthlyCheck',NULL,'58',NULL,50,'2017-03-27 09:58:54',NULL,'1',1,'',NULL),('1697708',1,'1697701','1787931','pm_process_jianguan:1:1775011','提交周期报告',NULL,NULL,'submitMonthlyReport',NULL,'55',NULL,50,'2017-03-27 09:58:54',NULL,'1',1,'',NULL),('1697714',1,'1788279','1788190','pm_process_jianguan:1:1775011','提交周期监测',NULL,NULL,'submitMonthlyCheck',NULL,'58',NULL,50,'2017-03-27 12:41:37',NULL,'1',1,'',NULL),('1697719',1,'1697712','1788190','pm_process_jianguan:1:1775011','提交周期报告',NULL,NULL,'submitMonthlyReport',NULL,'57',NULL,50,'2017-03-27 12:41:38',NULL,'1',1,'',NULL),('1697736',1,'1697723','1788286','pm_process_jianguan:1:1775011','提交周期监测',NULL,NULL,'submitMonthlyCheck',NULL,'58',NULL,50,'2017-03-27 12:58:04',NULL,'1',1,'',NULL),('1781032',1,'1781008','1781008','pm_process_jianguan:1:1775011','管理员审批',NULL,NULL,'officerApproval',NULL,NULL,NULL,50,'2017-03-27 04:32:44',NULL,'1',1,'',NULL),('1785025',1,'1785001','1785001','pm_process_jianguan:1:1775011','管理员审批',NULL,NULL,'officerApproval',NULL,NULL,NULL,50,'2017-03-27 05:47:51',NULL,'1',1,'',NULL),('1787674',1,'1787671','1782501','pm_process_jianguan:1:1775011','项目经理提交中期评审材料',NULL,NULL,'pmSubmitMIdMaterial',NULL,'4',NULL,50,'2017-03-27 07:12:45',NULL,'1',1,'',NULL),('1788185',1,'1788182','1787931','pm_process_jianguan:1:1775011','项目经理提交中期评审材料',NULL,NULL,'pmSubmitMIdMaterial',NULL,'55',NULL,50,'2017-03-27 08:59:25',NULL,'1',1,'',NULL),('1788281',1,'1788278','1788190','pm_process_jianguan:1:1775011','项目经理提交中期评审材料',NULL,NULL,'pmSubmitMIdMaterial',NULL,'57',NULL,50,'2017-03-27 11:42:09',NULL,'1',1,'',NULL),('1788481',1,'1788375','1788286','pm_process_jianguan:1:1775011','决策委员会中期评审',NULL,NULL,'midCommitteeApproval',NULL,'58',NULL,50,'2017-03-27 12:00:48',NULL,'1',1,'',NULL),('1788508',1,'1788484','1788484','pm_process_jianguan:1:1775011','管理员审批',NULL,NULL,'officerApproval',NULL,NULL,NULL,50,'2017-03-27 12:08:50',NULL,'2',1,'',NULL),('1788534',1,'1788510','1788510','pm_process_jianguan:1:1775011','管理员审批',NULL,NULL,'officerApproval',NULL,NULL,NULL,50,'2017-03-28 02:59:23',NULL,'1',1,'',NULL),('1792593',1,'1792590','1792503','pm_process_jianguan:1:1775011','项目经理提交中期评审材料',NULL,NULL,'pmSubmitMIdMaterial',NULL,'4',NULL,50,'2017-04-06 02:05:26',NULL,'2',1,'',NULL),('1792603',1,'1792591','1792503','pm_process_jianguan:1:1775011','提交周期监测',NULL,NULL,'submitMonthlyCheck',NULL,'6',NULL,50,'2017-04-06 02:07:30',NULL,'2',1,'',NULL),('1792608',1,'1792601','1792503','pm_process_jianguan:1:1775011','提交周期报告',NULL,NULL,'submitMonthlyReport',NULL,'4',NULL,50,'2017-04-06 02:07:30',NULL,'2',1,'',NULL),('1797525',1,'1797501','1797501','pm_process_jianguan:1:1775011','管理员审批',NULL,NULL,'officerApproval',NULL,NULL,NULL,50,'2017-05-16 18:08:17',NULL,'1',1,'',NULL),('1800025',1,'1800001','1800001','pm_process_jianguan:1:1775011','管理员审批',NULL,NULL,'officerApproval',NULL,NULL,NULL,50,'2017-05-16 18:45:50',NULL,'1',1,'',NULL),('1802527',1,'1802503','1802503','pm_process_jianguan:1:1775011','管理员审批',NULL,NULL,'officerApproval',NULL,NULL,NULL,50,'2017-05-16 18:56:03',NULL,'1',1,'',NULL),('1802553',1,'1802529','1802529','pm_process_jianguan:1:1775011','管理员审批',NULL,NULL,'officerApproval',NULL,NULL,NULL,50,'2017-05-16 19:05:06',NULL,'1',1,'',NULL),('1802581',1,'1802557','1802557','pm_process_jianguan:1:1775011','管理员审批',NULL,NULL,'officerApproval',NULL,NULL,NULL,50,'2017-05-16 19:17:30',NULL,'1',1,'',NULL),('1802611',1,'1802587','1802587','pm_process_jianguan:1:1775011','管理员审批',NULL,NULL,'officerApproval',NULL,NULL,NULL,50,'2017-05-17 10:41:08',NULL,'1',1,'',NULL);
/*!40000 ALTER TABLE `ACT_RU_TASK` ENABLE KEYS */;
UNLOCK TABLES;

--
-- Table structure for table `ACT_RU_VARIABLE`
--

DROP TABLE IF EXISTS `ACT_RU_VARIABLE`;
/*!40101 SET @saved_cs_client     = @@character_set_client */;
/*!40101 SET character_set_client = utf8 */;
CREATE TABLE `ACT_RU_VARIABLE` (
  `ID_` varchar(64) COLLATE utf8_bin NOT NULL,
  `REV_` int(11) DEFAULT NULL,
  `TYPE_` varchar(255) COLLATE utf8_bin NOT NULL,
  `NAME_` varchar(255) COLLATE utf8_bin NOT NULL,
  `EXECUTION_ID_` varchar(64) COLLATE utf8_bin DEFAULT NULL,
  `PROC_INST_ID_` varchar(64) COLLATE utf8_bin DEFAULT NULL,
  `TASK_ID_` varchar(64) COLLATE utf8_bin DEFAULT NULL,
  `BYTEARRAY_ID_` varchar(64) COLLATE utf8_bin DEFAULT NULL,
  `DOUBLE_` double DEFAULT NULL,
  `LONG_` bigint(20) DEFAULT NULL,
  `TEXT_` varchar(4000) COLLATE utf8_bin DEFAULT NULL,
  `TEXT2_` varchar(4000) COLLATE utf8_bin DEFAULT NULL,
  PRIMARY KEY (`ID_`),
  KEY `ACT_IDX_VARIABLE_TASK_ID` (`TASK_ID_`),
  KEY `ACT_FK_VAR_EXE` (`EXECUTION_ID_`),
  KEY `ACT_FK_VAR_PROCINST` (`PROC_INST_ID_`),
  KEY `ACT_FK_VAR_BYTEARRAY` (`BYTEARRAY_ID_`),
  CONSTRAINT `ACT_FK_VAR_BYTEARRAY` FOREIGN KEY (`BYTEARRAY_ID_`) REFERENCES `ACT_GE_BYTEARRAY` (`ID_`),
  CONSTRAINT `ACT_FK_VAR_EXE` FOREIGN KEY (`EXECUTION_ID_`) REFERENCES `ACT_RU_EXECUTION` (`ID_`),
  CONSTRAINT `ACT_FK_VAR_PROCINST` FOREIGN KEY (`PROC_INST_ID_`) REFERENCES `ACT_RU_EXECUTION` (`ID_`)
) ENGINE=InnoDB DEFAULT CHARSET=utf8 COLLATE=utf8_bin;
/*!40101 SET character_set_client = @saved_cs_client */;

--
-- Dumping data for table `ACT_RU_VARIABLE`
--

LOCK TABLES `ACT_RU_VARIABLE` WRITE;
/*!40000 ALTER TABLE `ACT_RU_VARIABLE` DISABLE KEYS */;
INSERT INTO `ACT_RU_VARIABLE` VALUES ('1781011',1,'string','projectManager','1781008','1781008',NULL,NULL,NULL,NULL,'57',NULL),('1781013',1,'string','officerGroup','1781008','1781008',NULL,NULL,NULL,NULL,'15',NULL),('1781015',1,'null','committee','1781008','1781008',NULL,NULL,NULL,NULL,NULL,NULL),('1781017',1,'null','officer','1781008','1781008',NULL,NULL,NULL,NULL,NULL,NULL),('1781019',1,'string','departLeaderGroup','1781008','1781008',NULL,NULL,NULL,NULL,'',NULL),('1781021',1,'string','submitMonthlyReport_result','1781008','1781008',NULL,NULL,NULL,NULL,'reject',NULL),('1781023',1,'string','committees','1781008','1781008',NULL,NULL,NULL,NULL,'',NULL),('1781025',1,'string','departLeader','1781008','1781008',NULL,NULL,NULL,NULL,'53',NULL),('1781027',1,'string','departleaderEndApproval_result','1781008','1781008',NULL,NULL,NULL,NULL,'reject',NULL),('1781029',1,'string','committeeGroup','1781008','1781008',NULL,NULL,NULL,NULL,'17',NULL),('1782504',1,'string','projectManager','1782501','1782501',NULL,NULL,NULL,NULL,'4',NULL),('1782506',2,'string','officerGroup','1782501','1782501',NULL,NULL,NULL,NULL,'',NULL),('1782508',2,'string','committee','1782501','1782501',NULL,NULL,NULL,NULL,'58',NULL),('1782510',2,'string','officer','1782501','1782501',NULL,NULL,NULL,NULL,'5',NULL),('1782512',2,'string','departLeaderGroup','1782501','1782501',NULL,NULL,NULL,NULL,'',NULL),('1782514',1,'string','submitMonthlyReport_result','1782501','1782501',NULL,NULL,NULL,NULL,'reject',NULL),('1782516',3,'string','committees','1782501','1782501',NULL,NULL,NULL,NULL,'',NULL),('1782518',2,'string','departLeader','1782501','1782501',NULL,NULL,NULL,NULL,'53',NULL),('1782520',1,'string','departleaderEndApproval_result','1782501','1782501',NULL,NULL,NULL,NULL,'reject',NULL),('1782522',2,'string','committeeGroup','1782501','1782501',NULL,NULL,NULL,NULL,'',NULL),('1782528',1,'string','officerApproval_result','1782501','1782501',NULL,NULL,NULL,NULL,'pass',NULL),('1782567',1,'string','committeeApproval_result','1782501','1782501',NULL,NULL,NULL,NULL,'pass',NULL),('1785004',1,'string','projectManager','1785001','1785001',NULL,NULL,NULL,NULL,'57',NULL),('1785006',1,'string','officerGroup','1785001','1785001',NULL,NULL,NULL,NULL,'15',NULL),('1785008',1,'null','committee','1785001','1785001',NULL,NULL,NULL,NULL,NULL,NULL),('1785010',1,'null','officer','1785001','1785001',NULL,NULL,NULL,NULL,NULL,NULL),('1785012',1,'string','departLeaderGroup','1785001','1785001',NULL,NULL,NULL,NULL,'',NULL),('1785014',1,'string','submitMonthlyReport_result','1785001','1785001',NULL,NULL,NULL,NULL,'reject',NULL),('1785016',1,'string','committees','1785001','1785001',NULL,NULL,NULL,NULL,'',NULL),('1785018',1,'string','departLeader','1785001','1785001',NULL,NULL,NULL,NULL,'53',NULL),('1785020',1,'string','departleaderEndApproval_result','1785001','1785001',NULL,NULL,NULL,NULL,'reject',NULL),('1785022',1,'string','committeeGroup','1785001','1785001',NULL,NULL,NULL,NULL,'17',NULL),('1787651',1,'string','cycleTime','1782501','1782501',NULL,NULL,NULL,NULL,'PT2M',NULL),('1787653',1,'string','departleaderApproval_result','1782501','1782501',NULL,NULL,NULL,NULL,'pass',NULL),('1787934',1,'string','projectManager','1787931','1787931',NULL,NULL,NULL,NULL,'55',NULL),('1787936',2,'string','officerGroup','1787931','1787931',NULL,NULL,NULL,NULL,'',NULL),('1787938',2,'string','committee','1787931','1787931',NULL,NULL,NULL,NULL,'58',NULL),('1787940',2,'string','officer','1787931','1787931',NULL,NULL,NULL,NULL,'59',NULL),('1787942',2,'string','departLeaderGroup','1787931','1787931',NULL,NULL,NULL,NULL,'',NULL),('1787944',1,'string','submitMonthlyReport_result','1787931','1787931',NULL,NULL,NULL,NULL,'reject',NULL),('1787946',3,'string','committees','1787931','1787931',NULL,NULL,NULL,NULL,'',NULL),('1787948',2,'string','departLeader','1787931','1787931',NULL,NULL,NULL,NULL,'53',NULL),('1787950',1,'string','departleaderEndApproval_result','1787931','1787931',NULL,NULL,NULL,NULL,'reject',NULL),('1787952',2,'string','committeeGroup','1787931','1787931',NULL,NULL,NULL,NULL,'',NULL),('1787988',1,'string','officerApproval_result','1787931','1787931',NULL,NULL,NULL,NULL,'pass',NULL),('1788140',1,'string','committeeApproval_result','1787931','1787931',NULL,NULL,NULL,NULL,'pass',NULL),('1788162',1,'string','cycleTime','1787931','1787931',NULL,NULL,NULL,NULL,'PT2M',NULL),('1788164',1,'string','departleaderApproval_result','1787931','1787931',NULL,NULL,NULL,NULL,'pass',NULL),('1788193',1,'string','projectManager','1788190','1788190',NULL,NULL,NULL,NULL,'57',NULL),('1788195',2,'string','officerGroup','1788190','1788190',NULL,NULL,NULL,NULL,'',NULL),('1788197',2,'string','committee','1788190','1788190',NULL,NULL,NULL,NULL,'58',NULL),('1788199',2,'string','officer','1788190','1788190',NULL,NULL,NULL,NULL,'59',NULL),('1788201',1,'string','departLeaderGroup','1788190','1788190',NULL,NULL,NULL,NULL,'',NULL),('1788203',1,'string','submitMonthlyReport_result','1788190','1788190',NULL,NULL,NULL,NULL,'reject',NULL),('1788205',3,'string','committees','1788190','1788190',NULL,NULL,NULL,NULL,'',NULL),('1788207',1,'string','departLeader','1788190','1788190',NULL,NULL,NULL,NULL,'53',NULL),('1788209',1,'string','departleaderEndApproval_result','1788190','1788190',NULL,NULL,NULL,NULL,'reject',NULL),('1788211',2,'string','committeeGroup','1788190','1788190',NULL,NULL,NULL,NULL,'',NULL),('1788217',1,'string','officerApproval_result','1788190','1788190',NULL,NULL,NULL,NULL,'pass',NULL),('1788239',1,'string','committeeApproval_result','1788190','1788190',NULL,NULL,NULL,NULL,'pass',NULL),('1788258',1,'string','cycleTime','1788190','1788190',NULL,NULL,NULL,NULL,'PT2M',NULL),('1788260',1,'string','departleaderApproval_result','1788190','1788190',NULL,NULL,NULL,NULL,'pass',NULL),('1788289',1,'string','projectManager','1788286','1788286',NULL,NULL,NULL,NULL,'57',NULL),('1788291',2,'string','officerGroup','1788286','1788286',NULL,NULL,NULL,NULL,'',NULL),('1788293',2,'string','committee','1788286','1788286',NULL,NULL,NULL,NULL,'58',NULL),('1788295',2,'string','officer','1788286','1788286',NULL,NULL,NULL,NULL,'59',NULL),('1788297',1,'string','departLeaderGroup','1788286','1788286',NULL,NULL,NULL,NULL,'',NULL),('1788299',4,'string','submitMonthlyReport_result','1788286','1788286',NULL,NULL,NULL,NULL,'pass',NULL),('1788301',3,'string','committees','1788286','1788286',NULL,NULL,NULL,NULL,'',NULL),('1788303',1,'string','departLeader','1788286','1788286',NULL,NULL,NULL,NULL,'53',NULL),('1788305',1,'string','departleaderEndApproval_result','1788286','1788286',NULL,NULL,NULL,NULL,'reject',NULL),('1788307',2,'string','committeeGroup','1788286','1788286',NULL,NULL,NULL,NULL,'',NULL),('1788313',1,'string','officerApproval_result','1788286','1788286',NULL,NULL,NULL,NULL,'pass',NULL),('1788336',1,'string','committeeApproval_result','1788286','1788286',NULL,NULL,NULL,NULL,'pass',NULL),('1788355',1,'string','cycleTime','1788286','1788286',NULL,NULL,NULL,NULL,'PT2M',NULL),('1788357',1,'string','departleaderApproval_result','1788286','1788286',NULL,NULL,NULL,NULL,'pass',NULL),('1788383',1,'string','submitMonthlyCheck_result','1788286','1788286',NULL,NULL,NULL,NULL,'pass',NULL),('1788392',1,'string','pmSubmitMIdMaterial_result','1788286','1788286',NULL,NULL,NULL,NULL,'pass',NULL),('1788413',1,'string','DispatcherMidMaster_result','1788286','1788286',NULL,NULL,NULL,NULL,'pass',NULL),('1788436',1,'string','midApprovalReport_result','1788286','1788286',NULL,NULL,NULL,NULL,'pass',NULL),('1788459',1,'string','inputMidGrade_result','1788286','1788286',NULL,NULL,NULL,NULL,'pass',NULL),('1788487',1,'string','projectManager','1788484','1788484',NULL,NULL,NULL,NULL,'61',NULL),('1788489',1,'string','officerGroup','1788484','1788484',NULL,NULL,NULL,NULL,'18',NULL),('1788491',1,'null','committee','1788484','1788484',NULL,NULL,NULL,NULL,NULL,NULL),('1788493',1,'null','officer','1788484','1788484',NULL,NULL,NULL,NULL,NULL,NULL),('1788495',1,'string','departLeaderGroup','1788484','1788484',NULL,NULL,NULL,NULL,'',NULL),('1788497',1,'string','submitMonthlyReport_result','1788484','1788484',NULL,NULL,NULL,NULL,'reject',NULL),('1788499',1,'string','committees','1788484','1788484',NULL,NULL,NULL,NULL,'',NULL),('1788501',1,'string','departLeader','1788484','1788484',NULL,NULL,NULL,NULL,'62',NULL),('1788503',1,'string','departleaderEndApproval_result','1788484','1788484',NULL,NULL,NULL,NULL,'reject',NULL),('1788505',1,'string','committeeGroup','1788484','1788484',NULL,NULL,NULL,NULL,'17',NULL),('1788513',1,'string','projectManager','1788510','1788510',NULL,NULL,NULL,NULL,'4',NULL),('1788515',1,'string','officerGroup','1788510','1788510',NULL,NULL,NULL,NULL,'15',NULL),('1788517',1,'null','committee','1788510','1788510',NULL,NULL,NULL,NULL,NULL,NULL),('1788519',1,'null','officer','1788510','1788510',NULL,NULL,NULL,NULL,NULL,NULL),('1788521',1,'string','departLeaderGroup','1788510','1788510',NULL,NULL,NULL,NULL,'',NULL),('1788523',1,'string','submitMonthlyReport_result','1788510','1788510',NULL,NULL,NULL,NULL,'reject',NULL),('1788525',1,'string','committees','1788510','1788510',NULL,NULL,NULL,NULL,'',NULL),('1788527',1,'null','departLeader','1788510','1788510',NULL,NULL,NULL,NULL,NULL,NULL),('1788529',1,'string','departleaderEndApproval_result','1788510','1788510',NULL,NULL,NULL,NULL,'reject',NULL),('1788531',1,'string','committeeGroup','1788510','1788510',NULL,NULL,NULL,NULL,'17',NULL),('1792506',1,'string','submitMonthlyReport_result','1792503','1792503',NULL,NULL,NULL,NULL,'reject',NULL),('1792508',1,'string','departLeader','1792503','1792503',NULL,NULL,NULL,NULL,'7',NULL),('1792510',2,'string','committee','1792503','1792503',NULL,NULL,NULL,NULL,'6',NULL),('1792512',2,'string','officer','1792503','1792503',NULL,NULL,NULL,NULL,'9',NULL),('1792514',2,'string','committeeGroup','1792503','1792503',NULL,NULL,NULL,NULL,'',NULL),('1792516',3,'string','committees','1792503','1792503',NULL,NULL,NULL,NULL,'',NULL),('1792518',1,'string','projectManager','1792503','1792503',NULL,NULL,NULL,NULL,'4',NULL),('1792520',1,'string','departleaderEndApproval_result','1792503','1792503',NULL,NULL,NULL,NULL,'reject',NULL),('1792522',1,'string','departLeaderGroup','1792503','1792503',NULL,NULL,NULL,NULL,'',NULL),('1792524',2,'string','officerGroup','1792503','1792503',NULL,NULL,NULL,NULL,'',NULL),('1792531',1,'string','officerApproval_result','1792503','1792503',NULL,NULL,NULL,NULL,'pass',NULL),('1792551',1,'string','committeeApproval_result','1792503','1792503',NULL,NULL,NULL,NULL,'pass',NULL),('1792570',1,'string','cycleTime','1792503','1792503',NULL,NULL,NULL,NULL,'PT2M',NULL),('1792572',1,'string','departleaderApproval_result','1792503','1792503',NULL,NULL,NULL,NULL,'pass',NULL),('1797504',1,'string','submitMonthlyReport_result','1797501','1797501',NULL,NULL,NULL,NULL,'reject',NULL),('1797506',1,'null','departLeader','1797501','1797501',NULL,NULL,NULL,NULL,NULL,NULL),('1797508',1,'null','committee','1797501','1797501',NULL,NULL,NULL,NULL,NULL,NULL),('1797510',1,'null','officer','1797501','1797501',NULL,NULL,NULL,NULL,NULL,NULL),('1797512',1,'string','committeeGroup','1797501','1797501',NULL,NULL,NULL,NULL,'17',NULL),('1797514',1,'string','committees','1797501','1797501',NULL,NULL,NULL,NULL,'',NULL),('1797516',1,'string','projectManager','1797501','1797501',NULL,NULL,NULL,NULL,'68',NULL),('1797518',1,'string','departleaderEndApproval_result','1797501','1797501',NULL,NULL,NULL,NULL,'reject',NULL),('1797520',1,'string','departLeaderGroup','1797501','1797501',NULL,NULL,NULL,NULL,'16',NULL),('1797522',1,'string','officerGroup','1797501','1797501',NULL,NULL,NULL,NULL,'15',NULL),('1800004',1,'string','submitMonthlyReport_result','1800001','1800001',NULL,NULL,NULL,NULL,'reject',NULL),('1800006',1,'string','departLeader','1800001','1800001',NULL,NULL,NULL,NULL,'67',NULL),('1800008',1,'null','committee','1800001','1800001',NULL,NULL,NULL,NULL,NULL,NULL),('1800010',1,'null','officer','1800001','1800001',NULL,NULL,NULL,NULL,NULL,NULL),('1800012',1,'string','committeeGroup','1800001','1800001',NULL,NULL,NULL,NULL,'17',NULL),('1800014',1,'string','committees','1800001','1800001',NULL,NULL,NULL,NULL,'',NULL),('1800016',1,'string','projectManager','1800001','1800001',NULL,NULL,NULL,NULL,'68',NULL),('1800018',1,'string','departleaderEndApproval_result','1800001','1800001',NULL,NULL,NULL,NULL,'reject',NULL),('1800020',1,'string','departLeaderGroup','1800001','1800001',NULL,NULL,NULL,NULL,'',NULL),('1800022',1,'string','officerGroup','1800001','1800001',NULL,NULL,NULL,NULL,'15',NULL),('1802506',1,'string','submitMonthlyReport_result','1802503','1802503',NULL,NULL,NULL,NULL,'reject',NULL),('1802508',1,'string','departLeader','1802503','1802503',NULL,NULL,NULL,NULL,'67',NULL),('1802510',1,'null','committee','1802503','1802503',NULL,NULL,NULL,NULL,NULL,NULL),('1802512',1,'null','officer','1802503','1802503',NULL,NULL,NULL,NULL,NULL,NULL),('1802514',1,'string','committeeGroup','1802503','1802503',NULL,NULL,NULL,NULL,'17',NULL),('1802516',1,'string','committees','1802503','1802503',NULL,NULL,NULL,NULL,'',NULL),('1802518',1,'string','projectManager','1802503','1802503',NULL,NULL,NULL,NULL,'71',NULL),('1802520',1,'string','departleaderEndApproval_result','1802503','1802503',NULL,NULL,NULL,NULL,'reject',NULL),('1802522',1,'string','departLeaderGroup','1802503','1802503',NULL,NULL,NULL,NULL,'',NULL),('1802524',1,'string','officerGroup','1802503','1802503',NULL,NULL,NULL,NULL,'15',NULL),('1802532',1,'string','submitMonthlyReport_result','1802529','1802529',NULL,NULL,NULL,NULL,'reject',NULL),('1802534',1,'string','departLeader','1802529','1802529',NULL,NULL,NULL,NULL,'67',NULL),('1802536',1,'null','committee','1802529','1802529',NULL,NULL,NULL,NULL,NULL,NULL),('1802538',1,'null','officer','1802529','1802529',NULL,NULL,NULL,NULL,NULL,NULL),('1802540',1,'string','committeeGroup','1802529','1802529',NULL,NULL,NULL,NULL,'17',NULL),('1802542',1,'string','committees','1802529','1802529',NULL,NULL,NULL,NULL,'',NULL),('1802544',1,'string','projectManager','1802529','1802529',NULL,NULL,NULL,NULL,'72',NULL),('1802546',1,'string','departleaderEndApproval_result','1802529','1802529',NULL,NULL,NULL,NULL,'reject',NULL),('1802548',1,'string','departLeaderGroup','1802529','1802529',NULL,NULL,NULL,NULL,'',NULL),('1802550',1,'string','officerGroup','1802529','1802529',NULL,NULL,NULL,NULL,'15',NULL),('1802560',1,'string','submitMonthlyReport_result','1802557','1802557',NULL,NULL,NULL,NULL,'reject',NULL),('1802562',1,'null','departLeader','1802557','1802557',NULL,NULL,NULL,NULL,NULL,NULL),('1802564',1,'null','committee','1802557','1802557',NULL,NULL,NULL,NULL,NULL,NULL),('1802566',1,'null','officer','1802557','1802557',NULL,NULL,NULL,NULL,NULL,NULL),('1802568',1,'string','committeeGroup','1802557','1802557',NULL,NULL,NULL,NULL,'17',NULL),('1802570',1,'string','committees','1802557','1802557',NULL,NULL,NULL,NULL,'',NULL),('1802572',1,'string','projectManager','1802557','1802557',NULL,NULL,NULL,NULL,'68',NULL),('1802574',1,'string','departleaderEndApproval_result','1802557','1802557',NULL,NULL,NULL,NULL,'reject',NULL),('1802576',1,'string','departLeaderGroup','1802557','1802557',NULL,NULL,NULL,NULL,'',NULL),('1802578',1,'string','officerGroup','1802557','1802557',NULL,NULL,NULL,NULL,'15',NULL),('1802590',1,'string','submitMonthlyReport_result','1802587','1802587',NULL,NULL,NULL,NULL,'reject',NULL),('1802592',1,'string','departLeader','1802587','1802587',NULL,NULL,NULL,NULL,'67',NULL),('1802594',1,'null','committee','1802587','1802587',NULL,NULL,NULL,NULL,NULL,NULL),('1802596',1,'null','officer','1802587','1802587',NULL,NULL,NULL,NULL,NULL,NULL),('1802598',1,'string','committeeGroup','1802587','1802587',NULL,NULL,NULL,NULL,'17',NULL),('1802600',1,'string','committees','1802587','1802587',NULL,NULL,NULL,NULL,'',NULL),('1802602',1,'string','projectManager','1802587','1802587',NULL,NULL,NULL,NULL,'75',NULL),('1802604',1,'string','departleaderEndApproval_result','1802587','1802587',NULL,NULL,NULL,NULL,'reject',NULL),('1802606',1,'string','departLeaderGroup','1802587','1802587',NULL,NULL,NULL,NULL,'',NULL),('1802608',1,'string','officerGroup','1802587','1802587',NULL,NULL,NULL,NULL,'15',NULL);
/*!40000 ALTER TABLE `ACT_RU_VARIABLE` ENABLE KEYS */;
UNLOCK TABLES;

--
-- Table structure for table `business`
--

DROP TABLE IF EXISTS `business`;
/*!40101 SET @saved_cs_client     = @@character_set_client */;
/*!40101 SET character_set_client = utf8 */;
CREATE TABLE `business` (
  `id` int(11) NOT NULL AUTO_INCREMENT COMMENT 'id',
  `no` varchar(64) DEFAULT NULL COMMENT '业务编号',
  `type` varchar(64) DEFAULT NULL COMMENT '业务类型',
  `department_id` int(11) DEFAULT NULL COMMENT '所属组织',
  `dataId` varchar(64) DEFAULT NULL COMMENT '数据编号',
  `dataGroupId` varchar(64) DEFAULT NULL COMMENT '数据分组编号',
  `createTime` datetime DEFAULT NULL COMMENT '数据创建时间',
  `createUser` int(11) DEFAULT NULL COMMENT '数据创建操作员',
  `updateTime` datetime DEFAULT NULL COMMENT '最新更新时间',
  `updateUser` int(11) DEFAULT NULL COMMENT '最新操作操作员',
  `data1` text COMMENT '数据1',
  `data2` text COMMENT '数据2',
  `data3` text COMMENT '数据3',
  `remark` varchar(128) DEFAULT NULL COMMENT '备注',
  `queryKey` varchar(64) DEFAULT NULL COMMENT '查询关键字',
  PRIMARY KEY (`id`)
) ENGINE=MyISAM AUTO_INCREMENT=132 DEFAULT CHARSET=utf8 COMMENT='通用业务表';
/*!40101 SET character_set_client = @saved_cs_client */;

--
-- Dumping data for table `business`
--

LOCK TABLES `business` WRITE;
/*!40000 ALTER TABLE `business` DISABLE KEYS */;
INSERT INTO `business` VALUES (1,'201612201132433866754','table',NULL,NULL,NULL,'2016-12-20 11:32:43',1,NULL,NULL,'[{\"role\":\"\",\"taskPeriod\":\"1年\",\"taskType\":\"1年\",\"startTime\":\"2016-12-06\",\"endTime\":\"2016-12-22\",\"userName\":\"tetst\",\"taskName\":\"tet\"},{\"role\":\"\",\"taskPeriod\":\"1年\",\"taskType\":\"2年\",\"startTime\":\"2016-12-21\",\"endTime\":\"2016-12-10\",\"userName\":\"tetsa\",\"taskName\":\"etet\"},{\"role\":\"\",\"taskPeriod\":\"2年\",\"taskType\":\"3年\",\"startTime\":\"2016-12-12\",\"endTime\":\"2016-12-16\",\"userName\":\"tete\",\"taskName\":\"tte\"}]','','','',''),(2,'201612201140045456443','table',NULL,NULL,NULL,'2016-12-20 11:40:04',1,NULL,NULL,'[{\"role\":\"开发\",\"taskPeriod\":\"2年\",\"taskType\":\"\",\"startTime\":\"2016-12-20\",\"endTime\":\"2016-12-20\",\"userName\":\"def\",\"taskName\":\"\"},{\"role\":\"开发\",\"taskPeriod\":\"1年\",\"taskType\":\"3年\",\"startTime\":\"\",\"endTime\":\"\",\"userName\":\"\",\"taskName\":\"\"},{\"role\":\"\",\"taskPeriod\":\"\",\"taskType\":\"\",\"startTime\":\"\",\"endTime\":\"\",\"userName\":\"\",\"taskName\":\"\"},{\"role\":\"\",\"taskPeriod\":\"\",\"taskType\":\"\",\"startTime\":\"\",\"endTime\":\"\",\"userName\":\"\",\"taskName\":\"\"},{\"role\":\"\",\"taskPeriod\":\"\",\"taskType\":\"\",\"startTime\":\"\",\"endTime\":\"\",\"userName\":\"\",\"taskName\":\"\"},{\"role\":\"\",\"taskPeriod\":\"\",\"taskType\":\"\",\"startTime\":\"\",\"endTime\":\"\",\"userName\":\"\",\"taskName\":\"\"},{\"role\":\"\",\"taskPeriod\":\"\",\"taskType\":\"\",\"startTime\":\"\",\"endTime\":\"\",\"userName\":\"\",\"taskName\":\"\"}]','','','',''),(3,'201612201313000382858','table',NULL,NULL,NULL,'2016-12-20 13:13:00',1,NULL,NULL,'[{\"userName\":\"\"}]','','','',''),(4,'201612201313040601326','table',NULL,NULL,NULL,'2016-12-20 13:13:04',1,NULL,NULL,'[{\"userName\":\"\"}]','','','',''),(5,'201612201313086204200','table',NULL,NULL,NULL,'2016-12-20 13:13:08',1,NULL,NULL,'[{\"userName\":\"\"}]','','','',''),(6,'201612201317175472037','table',NULL,NULL,NULL,'2016-12-20 13:17:17',1,NULL,NULL,'[{\"userName\":\"\",\"taskName\":\"\"},{\"userName\":\"\",\"taskName\":\"\"},{\"userName\":\"\",\"taskName\":\"\"},{\"userName\":\"\",\"taskName\":\"\"},{\"userName\":\"\",\"taskName\":\"\"}]','','','',''),(7,'201612201317223639478','table',NULL,NULL,NULL,'2016-12-20 13:17:22',1,NULL,NULL,'[{\"userName\":\"\",\"taskName\":\"\"},{\"userName\":\"\",\"taskName\":\"\"},{\"userName\":\"\",\"taskName\":\"\"},{\"userName\":\"\",\"taskName\":\"\"},{\"userName\":\"\",\"taskName\":\"\"}]','','','',''),(8,'201612201317251035371','table',NULL,NULL,NULL,'2016-12-20 13:17:25',1,NULL,NULL,'[{\"userName\":\"\",\"taskName\":\"\"},{\"userName\":\"\",\"taskName\":\"\"},{\"userName\":\"\",\"taskName\":\"\"},{\"userName\":\"\",\"taskName\":\"\"},{\"userName\":\"\",\"taskName\":\"\"}]','','','',''),(9,'201612201317584193409','table',NULL,NULL,NULL,'2016-12-20 13:17:58',1,NULL,NULL,'[{\"userName\":\"ss\",\"taskName\":\"ssss\"},{\"userName\":\"\",\"taskName\":\"\"},{\"userName\":\"\",\"taskName\":\"\"},{\"userName\":\"\",\"taskName\":\"\"},{\"userName\":\"\",\"taskName\":\"\"},{\"userName\":\"ss\",\"taskName\":\"\"},{\"userName\":\"sss\",\"taskName\":\"\"},{\"userName\":\"ss\",\"taskName\":\"\"},{\"userName\":\"ss\",\"taskName\":\"\"},{\"userName\":\"ss\",\"taskName\":\"ss\"}]','','','',''),(10,'201612201318348111218','table',NULL,NULL,NULL,'2016-12-20 13:18:34',1,NULL,NULL,'[{\"userName\":\"swsde\",\"taskName\":\"fdefr\"},{\"userName\":\"frf\",\"taskName\":\"frfr\"},{\"userName\":\"frgwgr\",\"taskName\":\"frfr\"},{\"userName\":\"\",\"taskName\":\"\"},{\"userName\":\"\",\"taskName\":\"\"},{\"userName\":\"\",\"taskName\":\"\"}]','','','',''),(11,'201612201319583596184','table',NULL,NULL,NULL,'2016-12-20 13:19:58',1,NULL,NULL,'[{\"userName\":\"111\",\"taskName\":\"111\"},{\"userName\":\"11111\",\"taskName\":\"111111\"},{\"userName\":\"2222\",\"taskName\":\"22222\"},{\"userName\":\"3333\",\"taskName\":\"33333\"},{\"userName\":\"4444\",\"taskName\":\"4444\"}]','','','',''),(12,'201612201322350144757','table',NULL,NULL,NULL,'2016-12-20 13:22:35',1,NULL,NULL,'[{\"groupNumber\":\"6\",\"require\":\"6\"}]','','','',''),(13,'201612201322518772389','table',NULL,NULL,NULL,'2016-12-20 13:22:51',1,NULL,NULL,'[{\"groupNumber\":\"7\",\"require\":\"7\"},{\"groupNumber\":\"8\",\"require\":\"8\"}]','','','',''),(14,'201612201841325603391','table',NULL,NULL,NULL,'2016-12-20 18:41:32',1,NULL,NULL,'[{\"role\":\"\",\"taskPeriod\":\"\",\"taskType\":\"\",\"startTime\":\"\",\"endTime\":\"\",\"userName\":\"\",\"taskName\":\"\"},{\"role\":\"\",\"taskPeriod\":\"\",\"taskType\":\"\",\"startTime\":\"\",\"endTime\":\"\",\"userName\":\"\",\"taskName\":\"\"},{\"role\":\"\",\"taskPeriod\":\"\",\"taskType\":\"\",\"startTime\":\"\",\"endTime\":\"\",\"userName\":\"\",\"taskName\":\"\"}]','','','',''),(15,'201612201848486247545','table',NULL,NULL,NULL,'2016-12-20 18:48:48',1,NULL,NULL,'[{\"role\":\"\",\"taskPeriod\":\"\",\"taskType\":\"\",\"startTime\":\"\",\"endTime\":\"\",\"userName\":\"\",\"taskName\":\"\"}]','','','',''),(16,'201612201850129618380','table',NULL,NULL,NULL,'2016-12-20 18:50:12',1,NULL,NULL,'[{\"role\":\"开发\",\"taskPeriod\":\"1年\",\"taskType\":\"1年\",\"startTime\":\"2016-12-06\",\"endTime\":\"2016-12-02\",\"userName\":\"test\",\"taskName\":\"test\"},{\"role\":\"\",\"taskPeriod\":\"\",\"taskType\":\"\",\"startTime\":\"\",\"endTime\":\"\",\"userName\":\"\",\"taskName\":\"\"},{\"role\":\"\",\"taskPeriod\":\"\",\"taskType\":\"\",\"startTime\":\"\",\"endTime\":\"\",\"userName\":\"\",\"taskName\":\"\"},{\"role\":\"\",\"taskPeriod\":\"\",\"taskType\":\"\",\"startTime\":\"\",\"endTime\":\"\",\"userName\":\"\",\"taskName\":\"\"},{\"role\":\"\",\"taskPeriod\":\"\",\"taskType\":\"\",\"startTime\":\"\",\"endTime\":\"\",\"userName\":\"\",\"taskName\":\"\"},{\"role\":\"\",\"taskPeriod\":\"\",\"taskType\":\"\",\"startTime\":\"\",\"endTime\":\"\",\"userName\":\"\",\"taskName\":\"\"}]','','','',''),(17,'201612201851396121438','table',NULL,NULL,NULL,'2016-12-20 18:51:39',1,NULL,NULL,'[{\"role\":\"开发\",\"taskPeriod\":\"1年\",\"taskType\":\"1年\",\"startTime\":\"2016-12-06\",\"endTime\":\"2016-12-02\",\"userName\":\"test\",\"taskName\":\"test\"},{\"role\":\"产品\",\"taskPeriod\":\"2年\",\"taskType\":\"1年,3年\",\"startTime\":\"\",\"endTime\":\"\",\"userName\":\"\",\"taskName\":\"\"},{\"role\":\"产品\",\"taskPeriod\":\"1年\",\"taskType\":\"2年,3年\",\"startTime\":\"\",\"endTime\":\"\",\"userName\":\"\",\"taskName\":\"\"},{\"role\":\"开发\",\"taskPeriod\":\"2年\",\"taskType\":\"2年\",\"startTime\":\"\",\"endTime\":\"\",\"userName\":\"\",\"taskName\":\"\"},{\"role\":\"测试\",\"taskPeriod\":\"1年\",\"taskType\":\"1年,2年\",\"startTime\":\"2016-12-12\",\"endTime\":\"\",\"userName\":\"\",\"taskName\":\"\"},{\"role\":\"测试\",\"taskPeriod\":\"2年\",\"taskType\":\"2年\",\"startTime\":\"2016-12-06\",\"endTime\":\"2016-12-23\",\"userName\":\"\",\"taskName\":\"\"}]','','','',''),(18,'201612201934164778809','table',NULL,NULL,NULL,'2016-12-20 19:34:16',1,NULL,NULL,'[{\"role\":\"\",\"taskPeriod\":\"\",\"taskType\":\"\",\"startTime\":\"\",\"endTime\":\"\",\"userName\":\"\",\"taskName\":\"\"}]','','','',''),(19,'201612201934174304486','table',NULL,NULL,NULL,'2016-12-20 19:34:17',1,NULL,NULL,'[{\"role\":\"\",\"taskPeriod\":\"\",\"taskType\":\"\",\"startTime\":\"\",\"endTime\":\"\",\"userName\":\"\",\"taskName\":\"\"}]','','','',''),(20,'201612201934252982913','table',NULL,NULL,NULL,'2016-12-20 19:34:25',1,NULL,NULL,'[{\"role\":\"\",\"taskPeriod\":\"\",\"taskType\":\"\",\"startTime\":\"\",\"endTime\":\"\",\"userName\":\"\",\"taskName\":\"\"}]','','','',''),(21,'201612201934294329158','table',NULL,NULL,NULL,'2016-12-20 19:34:29',1,NULL,NULL,'[{\"role\":\"\",\"taskPeriod\":\"\",\"taskType\":\"\",\"startTime\":\"\",\"endTime\":\"\",\"userName\":\"\",\"taskName\":\"\"}]','','','',''),(22,'201612201934377103440','table',NULL,NULL,NULL,'2016-12-20 19:34:37',1,NULL,NULL,'[{\"role\":\"\",\"taskPeriod\":\"\",\"taskType\":\"\",\"startTime\":\"\",\"endTime\":\"\",\"userName\":\"\",\"taskName\":\"\"}]','','','',''),(23,'201612201934430919592','table',NULL,NULL,NULL,'2016-12-20 19:34:43',1,NULL,NULL,'[{\"role\":\"\",\"taskPeriod\":\"\",\"taskType\":\"\",\"startTime\":\"\",\"endTime\":\"\",\"userName\":\"\",\"taskName\":\"\"}]','','','',''),(24,'201612201934464814266','table',NULL,NULL,NULL,'2016-12-20 19:34:46',1,NULL,NULL,'[{\"role\":\"\",\"taskPeriod\":\"\",\"taskType\":\"\",\"startTime\":\"\",\"endTime\":\"\",\"userName\":\"\",\"taskName\":\"\"}]','','','',''),(25,'201612201934538475785','table',NULL,NULL,NULL,'2016-12-20 19:34:53',1,NULL,NULL,'[{\"role\":\"\",\"taskPeriod\":\"\",\"taskType\":\"\",\"startTime\":\"\",\"endTime\":\"\",\"userName\":\"\",\"taskName\":\"\"}]','','','',''),(26,'201612201934573173588','table',NULL,NULL,NULL,'2016-12-20 19:34:57',1,NULL,NULL,'[{\"role\":\"\",\"taskPeriod\":\"\",\"taskType\":\"\",\"startTime\":\"\",\"endTime\":\"\",\"userName\":\"\",\"taskName\":\"\"}]','','','',''),(27,'201612211007155216893','table',NULL,NULL,NULL,'2016-12-21 10:07:15',1,NULL,NULL,'[{\"userName\":\"\"}]','','','',''),(28,'201612211149296894117','table',NULL,NULL,NULL,'2016-12-21 11:49:29',1,NULL,NULL,'[{\"userName\":\"\"}]','','','',''),(29,'201612211149328993315','table',NULL,NULL,NULL,'2016-12-21 11:49:32',1,NULL,NULL,'[{\"userName\":\"\"}]','','','',''),(30,'201612211149458656391','table',NULL,NULL,NULL,'2016-12-21 11:49:45',1,NULL,NULL,'[{\"userName\":\"\"}]','','','',''),(31,'201612211149516602114','table',NULL,NULL,NULL,'2016-12-21 11:49:51',1,NULL,NULL,'[{\"userName\":\"\"}]','','','',''),(32,'201612211149589245496','table',NULL,NULL,NULL,'2016-12-21 11:49:58',1,NULL,NULL,'[{\"userName\":\"\"},{\"userName\":\"\"}]','','','',''),(33,'201612211233299663257','table',NULL,NULL,NULL,'2016-12-21 12:33:29',1,NULL,NULL,'[{\"userName\":\"\"}]','','','',''),(34,'201612211233333653864','table',NULL,NULL,NULL,'2016-12-21 12:33:33',1,NULL,NULL,'[{\"userName\":\"\"}]','','','',''),(35,'201612211234562505521','table',NULL,NULL,NULL,'2016-12-21 12:34:56',1,NULL,NULL,'[{\"userName\":\"\"}]','','','',''),(36,'201612211322446885783','table',NULL,NULL,NULL,'2016-12-21 13:22:44',1,NULL,NULL,'[{\"userName\":\"\"}]','','','',''),(37,'201612211325469192937','table',NULL,NULL,NULL,'2016-12-21 13:25:46',1,NULL,NULL,'[{\"userName\":\"fdaf\"}]','','','',''),(38,'201612211326127036817','table',NULL,NULL,NULL,'2016-12-21 13:26:12',1,NULL,NULL,'[{\"userName\":\"fd\",\"postName\":\"fd\"}]','','','',''),(39,'201612211336343741458','table',NULL,NULL,NULL,'2016-12-21 13:36:34',1,NULL,NULL,'[{\"userName\":\"\"}]','','','',''),(40,'201612211358227807084','table',NULL,NULL,NULL,'2016-12-21 13:58:22',1,NULL,NULL,'[{\"userName\":\"\",\"postName\":\"\"},{\"userName\":\"\",\"postName\":\"\"},{\"userName\":\"\",\"postName\":\"fd\"}]','','','',''),(41,'201612211525332202866','table',NULL,NULL,NULL,'2016-12-21 15:25:33',1,NULL,NULL,'[{\"postName\":\"xx\",\"requireName\":\"cx\"},{\"postName\":\"\",\"requireName\":\"\"},{\"postName\":\"\",\"requireName\":\"\"},{\"postName\":\"\",\"requireName\":\"\"},{\"postName\":\"\",\"requireName\":\"\"},{\"postName\":\"\",\"requireName\":\"\"},{\"postName\":\"\",\"requireName\":\"\"},{\"postName\":\"\",\"requireName\":\"\"},{\"postName\":\"\",\"requireName\":\"\"}]','','','',''),(42,'201612211525447901472','table',NULL,NULL,NULL,'2016-12-21 15:25:44',1,NULL,NULL,'[{\"postName\":\"xx\",\"requireName\":\"cx\"},{\"postName\":\"\",\"requireName\":\"\"},{\"postName\":\"\",\"requireName\":\"\"},{\"postName\":\"\",\"requireName\":\"\"},{\"postName\":\"\",\"requireName\":\"\"},{\"postName\":\"\",\"requireName\":\"\"},{\"postName\":\"\",\"requireName\":\"\"},{\"postName\":\"\",\"requireName\":\"\"},{\"postName\":\"\",\"requireName\":\"\"},{}]','','','',''),(43,'201612211527116357816','table',NULL,NULL,NULL,'2016-12-21 15:27:11',1,NULL,NULL,'[{},{},{}]','','','',''),(44,'201612211527267509870','table',NULL,NULL,NULL,'2016-12-21 15:27:26',1,NULL,NULL,'[{\"postName\":\"\",\"requireName\":\"fdsa\"},{\"postName\":\"fdfds\",\"requireName\":\"\"}]','','','',''),(45,'201612211527311005085','table',NULL,NULL,NULL,'2016-12-21 15:27:31',1,NULL,NULL,'[{\"postName\":\"\",\"requireName\":\"fdsa\"},{\"postName\":\"fdfds\",\"requireName\":\"\"},{\"postName\":\"dsafsd\",\"requireName\":\"\"}]','','','',''),(46,'201612211527353625020','table',NULL,NULL,NULL,'2016-12-21 15:27:35',1,NULL,NULL,'[{\"postName\":\"\",\"requireName\":\"\"},{},{\"postName\":\"\",\"requireName\":\"\"},{},{},{},{},{},{},{},{},{\"postName\":\"\",\"requireName\":\"\"},{\"postName\":\"\",\"requireName\":\"\"},{\"postName\":\"\",\"requireName\":\"\"},{\"postName\":\"\",\"requireName\":\"\"},{\"postName\":\"\",\"requireName\":\"\"},{\"postName\":\"\",\"requireName\":\"\"}]','','','',''),(47,'201612211527472945268','table',NULL,NULL,NULL,'2016-12-21 15:27:47',1,NULL,NULL,'[{\"postName\":\"\",\"requireName\":\"\"},{},{\"postName\":\"\",\"requireName\":\"\"},{},{},{},{},{},{},{},{},{\"postName\":\"\",\"requireName\":\"\"},{\"postName\":\"\",\"requireName\":\"\"},{\"postName\":\"\",\"requireName\":\"\"},{\"postName\":\"\",\"requireName\":\"\"},{\"postName\":\"\",\"requireName\":\"\"},{\"postName\":\"\",\"requireName\":\"\"}]','','','',''),(48,'201612211528068969055','table',NULL,NULL,NULL,'2016-12-21 15:28:06',1,NULL,NULL,'[{\"postName\":\"test\",\"requireName\":\"test\"},{\"postName\":\"tset\",\"requireName\":\"test\"},{\"postName\":\"test\",\"requireName\":\"test\"}]','','','',''),(49,'201612211528154018270','table',NULL,NULL,NULL,'2016-12-21 15:28:15',1,NULL,NULL,'[{\"postName\":\"test\",\"requireName\":\"test\"},{\"postName\":\"tset\",\"requireName\":\"test\"},{\"postName\":\"test\",\"requireName\":\"test\"}]','','','',''),(50,'201612211528267504728','table',NULL,NULL,NULL,'2016-12-21 15:28:26',1,NULL,NULL,'[{},{}]','','','',''),(51,'201612211528579095878','table',NULL,NULL,NULL,'2016-12-21 15:28:57',1,NULL,NULL,'[{\"payName\":\"fdsad\",\"payPrice\":\"\",\"paySbutotal\":\"\",\"payRemarks\":\"\"}]','','','',''),(52,'201612211529022066144','table',NULL,NULL,NULL,'2016-12-21 15:29:02',1,NULL,NULL,'[{\"payName\":\"fdsad\",\"payPrice\":\"\",\"paySbutotal\":\"\",\"payRemarks\":\"\"},{\"payName\":\"dfadf\",\"payPrice\":\"\",\"paySbutotal\":\"\",\"payRemarks\":\"\"}]','','','',''),(53,'201612211529131325732','table',NULL,NULL,NULL,'2016-12-21 15:29:13',1,NULL,NULL,'[{\"payName\":\"dfadf\",\"payPrice\":\"\",\"paySbutotal\":\"\",\"payRemarks\":\"\"},{\"payName\":\"dfadf\",\"payPrice\":\"\",\"paySbutotal\":\"\",\"payRemarks\":\"\"}]','','','',''),(54,'201612211536462663569','table',NULL,NULL,NULL,'2016-12-21 15:36:46',1,NULL,NULL,'[{\"postName\":\"fsd\",\"requireName\":\"fdsa\"},{\"postName\":\"dfsd\",\"requireName\":\"fdfsd\"}]','','','',''),(55,'201612211536567865398','table',NULL,NULL,NULL,'2016-12-21 15:36:56',1,NULL,NULL,'[{\"postName\":\"fsd\",\"requireName\":\"fdsa\"},{\"postName\":\"dfsd\",\"requireName\":\"fdfsd\"}]','','','',''),(56,'201612211538546089958','table',NULL,NULL,NULL,'2016-12-21 15:38:54',1,NULL,NULL,'[{\"payName\":\"\",\"payPrice\":\"\",\"paySbutotal\":\"\",\"payRemarks\":\"\"},{\"payName\":\"\",\"payPrice\":\"\",\"paySbutotal\":\"\",\"payRemarks\":\"\"}]','','','',''),(57,'201612211538579757762','table',NULL,NULL,NULL,'2016-12-21 15:38:57',1,NULL,NULL,'[{\"payName\":\"\",\"payPrice\":\"\",\"paySbutotal\":\"\",\"payRemarks\":\"\"},{\"payName\":\"\",\"payPrice\":\"\",\"paySbutotal\":\"\",\"payRemarks\":\"\"}]','','','',''),(58,'201612211540142794608','table',NULL,NULL,NULL,'2016-12-21 15:40:14',1,NULL,NULL,'[{\"postName\":\"fdsa\",\"requireName\":\"\"},{\"postName\":\"\",\"requireName\":\"ds\"}]','','','',''),(59,'201612211540228736181','table',NULL,NULL,NULL,'2016-12-21 15:40:22',1,NULL,NULL,'[{\"postName\":\"\",\"requireName\":\"ds\"},{\"postName\":\"\",\"requireName\":\"ds\"}]','','','',''),(60,'201612211541427853212','table',NULL,NULL,NULL,'2016-12-21 15:41:42',1,NULL,NULL,'[{\"payName\":\"test\",\"payPrice\":\"test\",\"paySbutotal\":\"ste\",\"payRemarks\":\"ste\"},{\"payName\":\"\",\"payPrice\":\"\",\"paySbutotal\":\"\",\"payRemarks\":\"\"}]','','','',''),(61,'201612211543396541012','table',NULL,NULL,NULL,'2016-12-21 15:43:39',1,NULL,NULL,'[{},{},{},{},{},{}]','','','',''),(62,'201612211543472291680','table',NULL,NULL,NULL,'2016-12-21 15:43:47',1,NULL,NULL,'[{\"postName\":\"hg\",\"requireName\":\"hgfh\"},{\"postName\":\"\",\"requireName\":\"\"}]','','','',''),(63,'201612211543530039957','table',NULL,NULL,NULL,'2016-12-21 15:43:53',1,NULL,NULL,'[{\"postName\":\"\",\"requireName\":\"\"},{\"postName\":\"\",\"requireName\":\"\"}]','','','',''),(64,'201612211545022324289','table',NULL,NULL,NULL,'2016-12-21 15:45:02',1,NULL,NULL,'[{},{}]','','','',''),(65,'201612211545088814258','table',NULL,NULL,NULL,'2016-12-21 15:45:08',1,NULL,NULL,'[{\"payName\":\"dfa\",\"payPrice\":\"\",\"paySbutotal\":\"\",\"payRemarks\":\"\"},{\"payName\":\"fas\",\"payPrice\":\"\",\"paySbutotal\":\"\",\"payRemarks\":\"\"}]','','','',''),(66,'201612211545160893759','table',NULL,NULL,NULL,'2016-12-21 15:45:16',1,NULL,NULL,'[{\"payName\":\"fas\",\"payPrice\":\"\",\"paySbutotal\":\"\",\"payRemarks\":\"\"},{\"payName\":\"fas\",\"payPrice\":\"\",\"paySbutotal\":\"\",\"payRemarks\":\"\"}]','','','',''),(67,'201612211546230472711','table',NULL,NULL,NULL,'2016-12-21 15:46:23',1,NULL,NULL,'[{\"payName\":\"stest\",\"payPrice\":\"stets\",\"paySbutotal\":\"tset\",\"payRemarks\":\"stes\"},{\"payName\":\"\",\"payPrice\":\"\",\"paySbutotal\":\"\",\"payRemarks\":\"\"}]','','','',''),(68,'201612211549362101394','table',NULL,NULL,NULL,'2016-12-21 15:49:36',1,NULL,NULL,'[{\"payName\":\"test\",\"payPrice\":\"stet\",\"paySbutotal\":\"test\",\"payRemarks\":\"stet\"},{\"payName\":\"stest\",\"payPrice\":\"stet\",\"paySbutotal\":\"stes\",\"payRemarks\":\"tsets\"}]','','','',''),(69,'201612211549486096166','table',NULL,NULL,NULL,'2016-12-21 15:49:48',1,NULL,NULL,'[{\"postName\":\"test\",\"requireName\":\"stest\"},{},{\"postName\":\"test\",\"requireName\":\"stest\"}]','','','',''),(70,'201612211549593536217','table',NULL,NULL,NULL,'2016-12-21 15:49:59',1,NULL,NULL,'[{\"payName\":\"test\",\"payPrice\":\"stet\",\"paySbutotal\":\"test\",\"payRemarks\":\"stet\"},{\"payName\":\"stest\",\"payPrice\":\"stet\",\"paySbutotal\":\"stes\",\"payRemarks\":\"tsets\"},{}]','','','',''),(71,'201612211550109342928','table',NULL,NULL,NULL,'2016-12-21 15:50:10',1,NULL,NULL,'[{\"postName\":\"\",\"requireName\":\"\"},{}]','','','',''),(72,'201612211550239649963','table',NULL,NULL,NULL,'2016-12-21 15:50:23',1,NULL,NULL,'[{\"postName\":\"\",\"requireName\":\"\"},{\"postName\":\"\",\"requireName\":\"\"},{\"postName\":\"\",\"requireName\":\"\"}]','','','',''),(73,'201612211552574598066','table',NULL,NULL,NULL,'2016-12-21 15:52:57',1,NULL,NULL,'[{\"\":\"\",\"payName\":\"test\",\"payPrice\":\"stest\",\"paySbutotal\":\"stest\",\"payRemarks\":\"stet\"},{\"\":\"\",\"payName\":\"test\",\"payPrice\":\"stet\",\"paySbutotal\":\"stet\",\"payRemarks\":\"ste\"}]','','','',''),(74,'201612211553070701803','table',NULL,NULL,NULL,'2016-12-21 15:53:07',1,NULL,NULL,'[{\"\":\"\",\"payName\":\"test\",\"payPrice\":\"stest\",\"paySbutotal\":\"stest\",\"payRemarks\":\"stet\"},{\"\":\"\",\"payName\":\"test\",\"payPrice\":\"stet\",\"paySbutotal\":\"stet\",\"payRemarks\":\"ste\"}]','','','',''),(75,'201612211553136087440','table',NULL,NULL,NULL,'2016-12-21 15:53:13',1,NULL,NULL,'[{\"payName\":\"test\",\"payPrice\":\"stet\",\"paySbutotal\":\"stet\",\"payRemarks\":\"ste\"},{\"payName\":\"test\",\"payPrice\":\"stet\",\"paySbutotal\":\"stet\",\"payRemarks\":\"ste\"}]','','','',''),(76,'201612211553253411508','table',NULL,NULL,NULL,'2016-12-21 15:53:25',1,NULL,NULL,'[{\"payName\":\"test\",\"payPrice\":\"stet\",\"paySbutotal\":\"stet\",\"payRemarks\":\"ste\"},{\"payName\":\"test\",\"payPrice\":\"stet\",\"paySbutotal\":\"stet\",\"payRemarks\":\"ste\"}]','','','',''),(77,'201612211553392423076','table',NULL,NULL,NULL,'2016-12-21 15:53:39',1,NULL,NULL,'[{\"postName\":\"test\",\"requireName\":\"stest\"},{},{\"postName\":\"test\",\"requireName\":\"stest\"},{}]','','','',''),(78,'201612211553516758910','table',NULL,NULL,NULL,'2016-12-21 15:53:51',1,NULL,NULL,'[{\"payName\":\"test\",\"payPrice\":\"stet\",\"paySbutotal\":\"test\",\"payRemarks\":\"stet\"},{\"payName\":\"stest\",\"payPrice\":\"stet\",\"paySbutotal\":\"stes\",\"payRemarks\":\"tsets\"},{},{\"payName\":\"\",\"payPrice\":\"\",\"paySbutotal\":\"\",\"payRemarks\":\"\"}]','','','',''),(79,'201612211557393446249','table',NULL,NULL,NULL,'2016-12-21 15:57:39',1,NULL,NULL,'[{\"payName\":\"\",\"payPrice\":\"\",\"payNumber\":\"\",\"paySbutotal\":\"\",\"payRemarks\":\"\"}]','','','',''),(80,'201612211559191624249','table',NULL,NULL,NULL,'2016-12-21 15:59:19',1,NULL,NULL,'[{\"\":\"\",\"payName\":\"test\",\"payPrice\":\"stest\",\"paySbutotal\":\"stest\",\"payRemarks\":\"stet\"},{\"\":\"\",\"payName\":\"test\",\"payPrice\":\"stet\",\"paySbutotal\":\"stet\",\"payRemarks\":\"ste\"}]','','','',''),(81,'201612212105303433736','table',NULL,NULL,NULL,'2016-12-21 21:05:30',1,NULL,NULL,'[{\"payName\":\"tets\",\"payPrice\":\"\",\"payNumber\":\"\",\"paySbutotal\":\"\",\"payRemarks\":\"\"},{\"payName\":\"\",\"payPrice\":\"\",\"payNumber\":\"\",\"paySbutotal\":\"\",\"payRemarks\":\"\"},{\"payName\":\"\",\"payPrice\":\"\",\"payNumber\":\"\",\"paySbutotal\":\"\",\"payRemarks\":\"\"},{\"payName\":\"\",\"payPrice\":\"\",\"payNumber\":\"\",\"paySbutotal\":\"\",\"payRemarks\":\"\"},{\"payName\":\"\",\"payPrice\":\"\",\"payNumber\":\"\",\"paySbutotal\":\"\",\"payRemarks\":\"\"}]','','','',''),(82,'201612221010379678698','table',NULL,NULL,NULL,'2016-12-22 10:10:37',1,NULL,NULL,'[{\"payName\":\"\",\"payPrice\":\"\",\"payNumber\":\"\",\"paySbutotal\":\"\",\"payRemarks\":\"\"},{\"payName\":\"\",\"payPrice\":\"\",\"payNumber\":\"\",\"paySbutotal\":\"\",\"payRemarks\":\"\"},{\"payName\":\"\",\"payPrice\":\"\",\"payNumber\":\"\",\"paySbutotal\":\"\",\"payRemarks\":\"\"},{\"payName\":\"\",\"payPrice\":\"\",\"payNumber\":\"\",\"paySbutotal\":\"\",\"payRemarks\":\"\"},{\"payName\":\"\",\"payPrice\":\"\",\"payNumber\":\"\",\"paySbutotal\":\"\",\"payRemarks\":\"\"}]','','','',''),(83,'201612221033543106963','table',NULL,NULL,NULL,'2016-12-22 10:33:54',1,NULL,NULL,'[{\"payName\":\"\",\"payPrice\":\"\",\"payNumber\":\"\",\"paySbutotal\":\"\",\"payRemarks\":\"\"},{}]','','','',''),(84,'201612221049210526718','table',NULL,NULL,NULL,'2016-12-22 10:49:21',1,NULL,NULL,'[{\"\":\"\",\"payName\":\"\",\"payPrice\":\"\",\"payNumber\":\"\",\"paySbutotal\":\"\",\"payRemarks\":\"\"},{\"\":\"\"},{\"\":\"\"},{\"\":\"\",\"payName\":\"\",\"payPrice\":\"\",\"payNumber\":\"\",\"paySbutotal\":\"\",\"payRemarks\":\"\"},{\"\":\"\",\"payName\":\"\",\"payPrice\":\"\",\"payNumber\":\"\",\"paySbutotal\":\"\",\"payRemarks\":\"\"},{\"\":\"\",\"payName\":\"\",\"payPrice\":\"\",\"payNumber\":\"\",\"paySbutotal\":\"\",\"payRemarks\":\"\"},{\"\":\"\"},{\"\":\"\"},{\"\":\"\"}]','','','',''),(85,'201612221049220895739','table',NULL,NULL,NULL,'2016-12-22 10:49:22',1,NULL,NULL,'[{\"\":\"\",\"payName\":\"\",\"payPrice\":\"\",\"payNumber\":\"\",\"paySbutotal\":\"\",\"payRemarks\":\"\"},{\"\":\"\"},{\"\":\"\"},{\"\":\"\",\"payName\":\"\",\"payPrice\":\"\",\"payNumber\":\"\",\"paySbutotal\":\"\",\"payRemarks\":\"\"},{\"\":\"\",\"payName\":\"\",\"payPrice\":\"\",\"payNumber\":\"\",\"paySbutotal\":\"\",\"payRemarks\":\"\"},{\"\":\"\",\"payName\":\"\",\"payPrice\":\"\",\"payNumber\":\"\",\"paySbutotal\":\"\",\"payRemarks\":\"\"},{\"\":\"\"},{\"\":\"\"},{\"\":\"\"}]','','','',''),(86,'201612221049231716585','table',NULL,NULL,NULL,'2016-12-22 10:49:23',1,NULL,NULL,'[{\"\":\"\",\"payName\":\"\",\"payPrice\":\"\",\"payNumber\":\"\",\"paySbutotal\":\"\",\"payRemarks\":\"\"},{\"\":\"\"},{\"\":\"\"},{\"\":\"\",\"payName\":\"\",\"payPrice\":\"\",\"payNumber\":\"\",\"paySbutotal\":\"\",\"payRemarks\":\"\"},{\"\":\"\",\"payName\":\"\",\"payPrice\":\"\",\"payNumber\":\"\",\"paySbutotal\":\"\",\"payRemarks\":\"\"},{\"\":\"\",\"payName\":\"\",\"payPrice\":\"\",\"payNumber\":\"\",\"paySbutotal\":\"\",\"payRemarks\":\"\"},{\"\":\"\"},{\"\":\"\"},{\"\":\"\"}]','','','',''),(87,'201612221119340639779','table',NULL,NULL,NULL,'2016-12-22 11:19:34',1,NULL,NULL,'[{\"\":\"\",\"payName\":\"\",\"payPrice\":\"\",\"payNumber\":\"\",\"paySbutotal\":\"\",\"payRemarks\":\"\"},{\"\":\"\",\"payName\":\"\",\"payPrice\":\"\",\"payNumber\":\"\",\"paySbutotal\":\"\",\"payRemarks\":\"\"},{\"\":\"\",\"payName\":\"\",\"payPrice\":\"\",\"payNumber\":\"\",\"paySbutotal\":\"\",\"payRemarks\":\"\"},{\"\":\"\",\"payName\":\"\",\"payPrice\":\"\",\"payNumber\":\"\",\"paySbutotal\":\"\",\"payRemarks\":\"\"},{\"\":\"\",\"payName\":\"\",\"payPrice\":\"\",\"payNumber\":\"\",\"paySbutotal\":\"\",\"payRemarks\":\"\"},{\"\":\"\",\"payName\":\"\",\"payPrice\":\"\",\"payNumber\":\"\",\"paySbutotal\":\"\",\"payRemarks\":\"\"},{\"\":\"\"},{\"\":\"\"},{\"\":\"\"},{\"\":\"\"},{\"\":\"\"},{\"\":\"\"}]','','','',''),(88,'201612221119353842972','table',NULL,NULL,NULL,'2016-12-22 11:19:35',1,NULL,NULL,'[{\"\":\"\",\"payName\":\"\",\"payPrice\":\"\",\"payNumber\":\"\",\"paySbutotal\":\"\",\"payRemarks\":\"\"},{\"\":\"\",\"payName\":\"\",\"payPrice\":\"\",\"payNumber\":\"\",\"paySbutotal\":\"\",\"payRemarks\":\"\"},{\"\":\"\",\"payName\":\"\",\"payPrice\":\"\",\"payNumber\":\"\",\"paySbutotal\":\"\",\"payRemarks\":\"\"},{\"\":\"\",\"payName\":\"\",\"payPrice\":\"\",\"payNumber\":\"\",\"paySbutotal\":\"\",\"payRemarks\":\"\"},{\"\":\"\",\"payName\":\"\",\"payPrice\":\"\",\"payNumber\":\"\",\"paySbutotal\":\"\",\"payRemarks\":\"\"},{\"\":\"\",\"payName\":\"\",\"payPrice\":\"\",\"payNumber\":\"\",\"paySbutotal\":\"\",\"payRemarks\":\"\"},{\"\":\"\"},{\"\":\"\"},{\"\":\"\"},{\"\":\"\"},{\"\":\"\"},{\"\":\"\"}]','','','',''),(89,'201612221119365492564','table',NULL,NULL,NULL,'2016-12-22 11:19:36',1,NULL,NULL,'[{\"\":\"\",\"payName\":\"\",\"payPrice\":\"\",\"payNumber\":\"\",\"paySbutotal\":\"\",\"payRemarks\":\"\"},{\"\":\"\",\"payName\":\"\",\"payPrice\":\"\",\"payNumber\":\"\",\"paySbutotal\":\"\",\"payRemarks\":\"\"},{\"\":\"\",\"payName\":\"\",\"payPrice\":\"\",\"payNumber\":\"\",\"paySbutotal\":\"\",\"payRemarks\":\"\"},{\"\":\"\",\"payName\":\"\",\"payPrice\":\"\",\"payNumber\":\"\",\"paySbutotal\":\"\",\"payRemarks\":\"\"},{\"\":\"\",\"payName\":\"\",\"payPrice\":\"\",\"payNumber\":\"\",\"paySbutotal\":\"\",\"payRemarks\":\"\"},{\"\":\"\",\"payName\":\"\",\"payPrice\":\"\",\"payNumber\":\"\",\"paySbutotal\":\"\",\"payRemarks\":\"\"},{\"\":\"\"},{\"\":\"\"},{\"\":\"\"},{\"\":\"\"},{\"\":\"\"},{\"\":\"\"}]','','','',''),(90,'201612221129108964027','table',NULL,NULL,NULL,'2016-12-22 11:29:10',1,NULL,NULL,'[{\"\":\"\",\"payName\":\"\",\"payPrice\":\"\",\"payNumber\":\"\",\"paySbutotal\":\"\",\"payRemarks\":\"\"},{\"\":\"\",\"payName\":\"\",\"payPrice\":\"\",\"payNumber\":\"\",\"paySbutotal\":\"\",\"payRemarks\":\"\"},{\"\":\"\",\"payName\":\"\",\"payPrice\":\"\",\"payNumber\":\"\",\"paySbutotal\":\"\",\"payRemarks\":\"\"},{\"\":\"\",\"payName\":\"\",\"payPrice\":\"\",\"payNumber\":\"\",\"paySbutotal\":\"\",\"payRemarks\":\"\"},{\"\":\"\"},{\"\":\"\"},{\"\":\"\"},{\"\":\"\"},{\"\":\"\"},{\"\":\"\"},{\"\":\"\"},{\"\":\"\"},{\"\":\"\"},{\"\":\"\"},{\"\":\"\",\"payName\":\"\",\"payPrice\":\"\",\"payNumber\":\"\",\"paySbutotal\":\"\",\"payRemarks\":\"\"},{\"\":\"\",\"payName\":\"\",\"payPrice\":\"\",\"payNumber\":\"\",\"paySbutotal\":\"\",\"payRemarks\":\"\"},{\"\":\"\",\"payName\":\"\",\"payPrice\":\"\",\"payNumber\":\"\",\"paySbutotal\":\"\",\"payRemarks\":\"\"},{\"\":\"\",\"payName\":\"\",\"payPrice\":\"\",\"payNumber\":\"\",\"paySbutotal\":\"\",\"payRemarks\":\"\"},{\"\":\"\",\"payName\":\"\",\"payPrice\":\"\",\"payNumber\":\"\",\"paySbutotal\":\"\",\"payRemarks\":\"\"},{\"\":\"\"},{\"\":\"\"}]','','','',''),(91,'201612221129118826212','table',NULL,NULL,NULL,'2016-12-22 11:29:11',1,NULL,NULL,'[{\"\":\"\",\"payName\":\"\",\"payPrice\":\"\",\"payNumber\":\"\",\"paySbutotal\":\"\",\"payRemarks\":\"\"},{\"\":\"\",\"payName\":\"\",\"payPrice\":\"\",\"payNumber\":\"\",\"paySbutotal\":\"\",\"payRemarks\":\"\"},{\"\":\"\",\"payName\":\"\",\"payPrice\":\"\",\"payNumber\":\"\",\"paySbutotal\":\"\",\"payRemarks\":\"\"},{\"\":\"\",\"payName\":\"\",\"payPrice\":\"\",\"payNumber\":\"\",\"paySbutotal\":\"\",\"payRemarks\":\"\"},{\"\":\"\"},{\"\":\"\"},{\"\":\"\"},{\"\":\"\"},{\"\":\"\"},{\"\":\"\"},{\"\":\"\"},{\"\":\"\"},{\"\":\"\"},{\"\":\"\"},{\"\":\"\",\"payName\":\"\",\"payPrice\":\"\",\"payNumber\":\"\",\"paySbutotal\":\"\",\"payRemarks\":\"\"},{\"\":\"\",\"payName\":\"\",\"payPrice\":\"\",\"payNumber\":\"\",\"paySbutotal\":\"\",\"payRemarks\":\"\"},{\"\":\"\",\"payName\":\"\",\"payPrice\":\"\",\"payNumber\":\"\",\"paySbutotal\":\"\",\"payRemarks\":\"\"},{\"\":\"\",\"payName\":\"\",\"payPrice\":\"\",\"payNumber\":\"\",\"paySbutotal\":\"\",\"payRemarks\":\"\"},{\"\":\"\",\"payName\":\"\",\"payPrice\":\"\",\"payNumber\":\"\",\"paySbutotal\":\"\",\"payRemarks\":\"\"},{\"\":\"\"},{\"\":\"\"}]','','','',''),(92,'201612221155133424103','table',NULL,NULL,NULL,'2016-12-22 11:55:13',1,NULL,NULL,'[{\"\":\"\",\"payName\":\"\",\"payPrice\":\"\",\"payNumber\":\"\",\"paySbutotal\":\"\",\"payRemarks\":\"\"},{\"\":\"\"},{\"\":\"\"},{\"\":\"\"},{\"\":\"\"},{\"\":\"\",\"payName\":\"\",\"payPrice\":\"\",\"payNumber\":\"\",\"paySbutotal\":\"\",\"payRemarks\":\"\"},{\"\":\"\",\"payName\":\"\",\"payPrice\":\"\",\"payNumber\":\"\",\"paySbutotal\":\"\",\"payRemarks\":\"\"},{\"\":\"\",\"payName\":\"\",\"payPrice\":\"\",\"payNumber\":\"\",\"paySbutotal\":\"\",\"payRemarks\":\"\"},{\"\":\"\",\"payName\":\"\",\"payPrice\":\"\",\"payNumber\":\"\",\"paySbutotal\":\"\",\"payRemarks\":\"\"},{\"\":\"\",\"payName\":\"\",\"payPrice\":\"\",\"payNumber\":\"\",\"paySbutotal\":\"\",\"payRemarks\":\"\"},{\"\":\"\",\"payName\":\"\",\"payPrice\":\"\",\"payNumber\":\"\",\"paySbutotal\":\"\",\"payRemarks\":\"\"},{\"\":\"\"},{\"\":\"\"},{\"\":\"\"},{\"\":\"\"},{\"\":\"\"},{\"\":\"\"},{\"\":\"\",\"payName\":\"\",\"payPrice\":\"\",\"payNumber\":\"\",\"paySbutotal\":\"\",\"payRemarks\":\"\"},{\"\":\"\",\"payName\":\"\",\"payPrice\":\"\",\"payNumber\":\"\",\"paySbutotal\":\"\",\"payRemarks\":\"\"}]','','','',''),(93,'201612221155138787730','table',NULL,NULL,NULL,'2016-12-22 11:55:13',1,NULL,NULL,'[{\"\":\"\",\"payName\":\"\",\"payPrice\":\"\",\"payNumber\":\"\",\"paySbutotal\":\"\",\"payRemarks\":\"\"},{\"\":\"\"},{\"\":\"\"},{\"\":\"\"},{\"\":\"\"},{\"\":\"\",\"payName\":\"\",\"payPrice\":\"\",\"payNumber\":\"\",\"paySbutotal\":\"\",\"payRemarks\":\"\"},{\"\":\"\",\"payName\":\"\",\"payPrice\":\"\",\"payNumber\":\"\",\"paySbutotal\":\"\",\"payRemarks\":\"\"},{\"\":\"\",\"payName\":\"\",\"payPrice\":\"\",\"payNumber\":\"\",\"paySbutotal\":\"\",\"payRemarks\":\"\"},{\"\":\"\",\"payName\":\"\",\"payPrice\":\"\",\"payNumber\":\"\",\"paySbutotal\":\"\",\"payRemarks\":\"\"},{\"\":\"\",\"payName\":\"\",\"payPrice\":\"\",\"payNumber\":\"\",\"paySbutotal\":\"\",\"payRemarks\":\"\"},{\"\":\"\",\"payName\":\"\",\"payPrice\":\"\",\"payNumber\":\"\",\"paySbutotal\":\"\",\"payRemarks\":\"\"},{\"\":\"\"},{\"\":\"\"},{\"\":\"\"},{\"\":\"\"},{\"\":\"\"},{\"\":\"\"},{\"\":\"\",\"payName\":\"\",\"payPrice\":\"\",\"payNumber\":\"\",\"paySbutotal\":\"\",\"payRemarks\":\"\"},{\"\":\"\",\"payName\":\"\",\"payPrice\":\"\",\"payNumber\":\"\",\"paySbutotal\":\"\",\"payRemarks\":\"\"}]','','','',''),(94,'201612221155144564444','table',NULL,NULL,NULL,'2016-12-22 11:55:14',1,NULL,NULL,'[{\"\":\"\",\"payName\":\"\",\"payPrice\":\"\",\"payNumber\":\"\",\"paySbutotal\":\"\",\"payRemarks\":\"\"},{\"\":\"\"},{\"\":\"\"},{\"\":\"\"},{\"\":\"\"},{\"\":\"\",\"payName\":\"\",\"payPrice\":\"\",\"payNumber\":\"\",\"paySbutotal\":\"\",\"payRemarks\":\"\"},{\"\":\"\",\"payName\":\"\",\"payPrice\":\"\",\"payNumber\":\"\",\"paySbutotal\":\"\",\"payRemarks\":\"\"},{\"\":\"\",\"payName\":\"\",\"payPrice\":\"\",\"payNumber\":\"\",\"paySbutotal\":\"\",\"payRemarks\":\"\"},{\"\":\"\",\"payName\":\"\",\"payPrice\":\"\",\"payNumber\":\"\",\"paySbutotal\":\"\",\"payRemarks\":\"\"},{\"\":\"\",\"payName\":\"\",\"payPrice\":\"\",\"payNumber\":\"\",\"paySbutotal\":\"\",\"payRemarks\":\"\"},{\"\":\"\",\"payName\":\"\",\"payPrice\":\"\",\"payNumber\":\"\",\"paySbutotal\":\"\",\"payRemarks\":\"\"},{\"\":\"\"},{\"\":\"\"},{\"\":\"\"},{\"\":\"\"},{\"\":\"\"},{\"\":\"\"},{\"\":\"\",\"payName\":\"\",\"payPrice\":\"\",\"payNumber\":\"\",\"paySbutotal\":\"\",\"payRemarks\":\"\"},{\"\":\"\",\"payName\":\"\",\"payPrice\":\"\",\"payNumber\":\"\",\"paySbutotal\":\"\",\"payRemarks\":\"\"}]','','','',''),(95,'201612221341055385465','table',NULL,NULL,NULL,'2016-12-22 13:41:05',1,NULL,NULL,'[{\"\":\"\",\"payName\":\"\",\"payPrice\":\"\",\"payNumber\":\"\",\"paySbutotal\":\"\",\"payRemarks\":\"\"},{\"\":\"\"},{\"\":\"\",\"payName\":\"\",\"payPrice\":\"\",\"payNumber\":\"\",\"paySbutotal\":\"\",\"payRemarks\":\"\"},{\"\":\"\",\"payName\":\"\",\"payPrice\":\"\",\"payNumber\":\"\",\"paySbutotal\":\"\",\"payRemarks\":\"\"},{\"\":\"\"},{\"\":\"\"}]','','','',''),(96,'201612221341110165530','table',NULL,NULL,NULL,'2016-12-22 13:41:11',1,NULL,NULL,'[{\"\":\"\",\"payName\":\"\",\"payPrice\":\"\",\"payNumber\":\"\",\"paySbutotal\":\"\",\"payRemarks\":\"\"},{\"\":\"\"},{\"\":\"\",\"payName\":\"\",\"payPrice\":\"\",\"payNumber\":\"\",\"paySbutotal\":\"\",\"payRemarks\":\"\"},{\"\":\"\",\"payName\":\"\",\"payPrice\":\"\",\"payNumber\":\"\",\"paySbutotal\":\"\",\"payRemarks\":\"\"},{\"\":\"\"},{\"\":\"\"}]','','','',''),(97,'201612221341140973024','table',NULL,NULL,NULL,'2016-12-22 13:41:14',1,NULL,NULL,'[{\"\":\"\",\"payName\":\"\",\"payPrice\":\"\",\"payNumber\":\"\",\"paySbutotal\":\"\",\"payRemarks\":\"\"},{\"\":\"\"},{\"\":\"\",\"payName\":\"\",\"payPrice\":\"\",\"payNumber\":\"\",\"paySbutotal\":\"\",\"payRemarks\":\"\"},{\"\":\"\",\"payName\":\"\",\"payPrice\":\"\",\"payNumber\":\"\",\"paySbutotal\":\"\",\"payRemarks\":\"\"},{\"\":\"\"},{\"\":\"\"}]','','','',''),(98,'201612221341211196151','table',NULL,NULL,NULL,'2016-12-22 13:41:21',1,NULL,NULL,'[{\"\":\"\",\"payName\":\"\",\"payPrice\":\"\",\"payNumber\":\"\",\"paySbutotal\":\"\",\"payRemarks\":\"\"},{\"\":\"\"},{\"\":\"\",\"payName\":\"\",\"payPrice\":\"\",\"payNumber\":\"\",\"paySbutotal\":\"\",\"payRemarks\":\"\"},{\"\":\"\",\"payName\":\"\",\"payPrice\":\"\",\"payNumber\":\"\",\"paySbutotal\":\"\",\"payRemarks\":\"\"},{\"\":\"\"},{\"\":\"\"}]','','','',''),(99,'201612221346017656541','table',NULL,NULL,NULL,'2016-12-22 13:46:01',1,NULL,NULL,'[{\"payName\":\"\",\"payPrice\":\"\",\"payNumber\":\"\",\"paySbutotal\":\"\",\"payRemarks\":\"\"},{},{},{},{\"payName\":\"\",\"payPrice\":\"\",\"payNumber\":\"\",\"paySbutotal\":\"\",\"payRemarks\":\"\"},{\"payName\":\"\",\"payPrice\":\"\",\"payNumber\":\"\",\"paySbutotal\":\"\",\"payRemarks\":\"\"},{\"payName\":\"\",\"payPrice\":\"\",\"payNumber\":\"\",\"paySbutotal\":\"\",\"payRemarks\":\"\"},{},{},{},{},{}]','','','',''),(100,'201612221346056728221','table',NULL,NULL,NULL,'2016-12-22 13:46:05',1,NULL,NULL,'[{\"payName\":\"\",\"payPrice\":\"\",\"payNumber\":\"\",\"paySbutotal\":\"\",\"payRemarks\":\"\"},{},{},{},{\"payName\":\"\",\"payPrice\":\"\",\"payNumber\":\"\",\"paySbutotal\":\"\",\"payRemarks\":\"\"},{\"payName\":\"\",\"payPrice\":\"\",\"payNumber\":\"\",\"paySbutotal\":\"\",\"payRemarks\":\"\"},{\"payName\":\"\",\"payPrice\":\"\",\"payNumber\":\"\",\"paySbutotal\":\"\",\"payRemarks\":\"\"},{},{},{},{},{}]','','','',''),(101,'201612221424188862145','table',NULL,NULL,NULL,'2016-12-22 14:24:18',1,NULL,NULL,'[{\"payName\":\"\",\"payPrice\":\"\",\"payNumber\":\"\",\"paySbutotal\":\"\",\"payRemarks\":\"\"},{\"payName\":\"\",\"payPrice\":\"\",\"payNumber\":\"\",\"paySbutotal\":\"\",\"payRemarks\":\"\"}]','','','',''),(102,'201612221424524236277','table',NULL,NULL,NULL,'2016-12-22 14:24:52',1,NULL,NULL,'[{\"payName\":\"\",\"payPrice\":\"\",\"payNumber\":\"\",\"paySbutotal\":\"\",\"payRemarks\":\"\"},{\"payName\":\"\",\"payPrice\":\"\",\"payNumber\":\"\",\"paySbutotal\":\"\",\"payRemarks\":\"\"}]','','','',''),(103,'201612221428270085402','table',NULL,NULL,NULL,'2016-12-22 14:28:27',1,NULL,NULL,'[{\"payName\":\"\",\"payPrice\":\"\",\"payNumber\":\"\",\"paySbutotal\":\"\",\"payRemarks\":\"\"},{\"payName\":\"\",\"payPrice\":\"\",\"payNumber\":\"\",\"paySbutotal\":\"\",\"payRemarks\":\"\"},{\"payName\":\"\",\"payPrice\":\"\",\"payNumber\":\"\",\"paySbutotal\":\"\",\"payRemarks\":\"\"},{\"payName\":\"\",\"payPrice\":\"\",\"payNumber\":\"\",\"paySbutotal\":\"\",\"payRemarks\":\"\"},{\"payName\":\"\",\"payPrice\":\"\",\"payNumber\":\"\",\"paySbutotal\":\"\",\"payRemarks\":\"\"}]','','','',''),(104,'201612221435054609141','table',NULL,NULL,NULL,'2016-12-22 14:35:05',1,NULL,NULL,'[{\"payName\":\"\",\"payPrice\":\"\",\"payNumber\":\"\",\"paySbutotal\":\"\",\"payRemarks\":\"\"},{\"payName\":\"\",\"payPrice\":\"\",\"payNumber\":\"\",\"paySbutotal\":\"\",\"payRemarks\":\"\"},{\"payName\":\"\",\"payPrice\":\"\",\"payNumber\":\"\",\"paySbutotal\":\"\",\"payRemarks\":\"\"}]','','','',''),(105,'201612221435082478669','table',NULL,NULL,NULL,'2016-12-22 14:35:08',1,NULL,NULL,'[{\"payName\":\"\",\"payPrice\":\"\",\"payNumber\":\"\",\"paySbutotal\":\"\",\"payRemarks\":\"\"},{\"payName\":\"\",\"payPrice\":\"\",\"payNumber\":\"\",\"paySbutotal\":\"\",\"payRemarks\":\"\"},{\"payName\":\"\",\"payPrice\":\"\",\"payNumber\":\"\",\"paySbutotal\":\"\",\"payRemarks\":\"\"}]','','','',''),(106,'201612221435233342063','table',NULL,NULL,NULL,'2016-12-22 14:35:23',1,NULL,NULL,'[{\"payName\":\"\",\"payPrice\":\"\",\"payNumber\":\"\",\"paySbutotal\":\"\",\"payRemarks\":\"\"},{\"payName\":\"\",\"payPrice\":\"\",\"payNumber\":\"\",\"paySbutotal\":\"\",\"payRemarks\":\"\"},{\"payName\":\"\",\"payPrice\":\"\",\"payNumber\":\"\",\"paySbutotal\":\"\",\"payRemarks\":\"\"}]','','','',''),(107,'201612221437154583402','table',NULL,NULL,NULL,'2016-12-22 14:37:15',1,NULL,NULL,'[{\"payName\":\"\",\"payPrice\":\"\",\"payNumber\":\"\",\"paySbutotal\":\"\",\"payRemarks\":\"\"},{\"payName\":\"\",\"payPrice\":\"\",\"payNumber\":\"\",\"paySbutotal\":\"\",\"payRemarks\":\"\"},{\"payName\":\"\",\"payPrice\":\"\",\"payNumber\":\"\",\"paySbutotal\":\"\",\"payRemarks\":\"\"}]','','','',''),(108,'201612221441461448820','table',NULL,NULL,NULL,'2016-12-22 14:41:46',1,NULL,NULL,'[{\"payName\":\"\",\"payPrice\":\"\",\"payNumber\":\"\",\"paySbutotal\":\"\",\"payRemarks\":\"\"},{\"payName\":\"\",\"payPrice\":\"\",\"payNumber\":\"\",\"paySbutotal\":\"\",\"payRemarks\":\"\"},{\"payName\":\"\",\"payPrice\":\"\",\"payNumber\":\"\",\"paySbutotal\":\"\",\"payRemarks\":\"\"}]','','','',''),(109,'201612221442004232681','table',NULL,NULL,NULL,'2016-12-22 14:42:00',1,NULL,NULL,'[{\"payName\":\"\",\"payPrice\":\"\",\"payNumber\":\"\",\"paySbutotal\":\"\",\"payRemarks\":\"\"},{\"payName\":\"\",\"payPrice\":\"\",\"payNumber\":\"\",\"paySbutotal\":\"\",\"payRemarks\":\"\"},{\"payName\":\"\",\"payPrice\":\"\",\"payNumber\":\"\",\"paySbutotal\":\"\",\"payRemarks\":\"\"}]','','','',''),(110,'201612221451144395910','table',NULL,NULL,NULL,'2016-12-22 14:51:14',1,NULL,NULL,'[{\"payName\":\"\",\"payPrice\":\"\",\"payNumber\":\"\",\"paySbutotal\":\"\",\"payRemarks\":\"\"}]','','','',''),(111,'201612221451189779854','table',NULL,NULL,NULL,'2016-12-22 14:51:18',1,NULL,NULL,'[{\"payName\":\"\",\"payPrice\":\"\",\"payNumber\":\"\",\"paySbutotal\":\"\",\"payRemarks\":\"\"}]','','','',''),(112,'201612221453310807105','table',NULL,NULL,NULL,'2016-12-22 14:53:31',1,NULL,NULL,'[{\"payName\":\"\",\"payPrice\":\"\",\"payNumber\":\"\",\"paySbutotal\":\"\",\"payRemarks\":\"\"}]','','','',''),(113,'201612221457586346675','table',NULL,NULL,NULL,'2016-12-22 14:57:58',1,NULL,NULL,'[{\"payName\":\"\",\"payPrice\":\"\",\"payNumber\":\"\",\"paySbutotal\":\"\",\"payRemarks\":\"\"},{\"payName\":\"\",\"payPrice\":\"\",\"payNumber\":\"\",\"paySbutotal\":\"\",\"payRemarks\":\"\"},{\"payName\":\"\",\"payPrice\":\"\",\"payNumber\":\"\",\"paySbutotal\":\"\",\"payRemarks\":\"\"}]','','','',''),(114,'201612221458098195799','table',NULL,NULL,NULL,'2016-12-22 14:58:09',1,NULL,NULL,'[{\"payName\":\"\",\"payPrice\":\"\",\"payNumber\":\"\",\"paySbutotal\":\"\",\"payRemarks\":\"\"},{\"payName\":\"\",\"payPrice\":\"\",\"payNumber\":\"\",\"paySbutotal\":\"\",\"payRemarks\":\"\"},{\"payName\":\"\",\"payPrice\":\"\",\"payNumber\":\"\",\"paySbutotal\":\"\",\"payRemarks\":\"\"}]','','','',''),(115,'201612221500549734364','table',NULL,NULL,NULL,'2016-12-22 15:00:54',1,NULL,NULL,'[{\"payName\":\"\",\"payPrice\":\"\",\"payNumber\":\"\",\"paySbutotal\":\"\",\"payRemarks\":\"\"}]','','','',''),(116,'201612221500593229134','table',NULL,NULL,NULL,'2016-12-22 15:00:59',1,NULL,NULL,'[{\"payName\":\"\",\"payPrice\":\"\",\"payNumber\":\"\",\"paySbutotal\":\"\",\"payRemarks\":\"\"}]','','','',''),(117,'201612221503276971856','table',NULL,NULL,NULL,'2016-12-22 15:03:27',1,NULL,NULL,'[{\"payName\":\"\",\"payPrice\":\"\",\"payNumber\":\"\",\"paySbutotal\":\"\",\"payRemarks\":\"\"},{\"payName\":\"\",\"payPrice\":\"\",\"payNumber\":\"\",\"paySbutotal\":\"\",\"payRemarks\":\"\"},{\"payName\":\"\",\"payPrice\":\"\",\"payNumber\":\"\",\"paySbutotal\":\"\",\"payRemarks\":\"\"},{\"payName\":\"\",\"payPrice\":\"\",\"payNumber\":\"\",\"paySbutotal\":\"\",\"payRemarks\":\"\"}]','','','',''),(118,'201612221558452906260','table',NULL,NULL,NULL,'2016-12-22 15:58:45',1,NULL,NULL,'[{\"userName\":\"\"},{\"userName\":\"\"},{\"userName\":\"\"},{\"userName\":\"\"},{\"userName\":\"\"},{\"userName\":\"\"},{\"userName\":\"\"}]','','','',''),(119,'201612221716094614141','table',NULL,NULL,NULL,'2016-12-22 17:16:09',1,NULL,NULL,'[{\"payName\":\"\",\"payPrice\":\"\",\"payNumber\":\"\",\"paySbutotal\":\"\",\"payRemarks\":\"\"},{\"payName\":\"\",\"payPrice\":\"\",\"payNumber\":\"\",\"paySbutotal\":\"\",\"payRemarks\":\"\"},{\"payName\":\"\",\"payPrice\":\"\",\"payNumber\":\"\",\"paySbutotal\":\"\",\"payRemarks\":\"\"},{\"payName\":\"\",\"payPrice\":\"\",\"payNumber\":\"\",\"paySbutotal\":\"\",\"payRemarks\":\"\"},{\"payName\":\"\",\"payPrice\":\"\",\"payNumber\":\"\",\"paySbutotal\":\"\",\"payRemarks\":\"\"},{},{},{},{\"payName\":\"\",\"payPrice\":\"\",\"payNumber\":\"\",\"paySbutotal\":\"\",\"payRemarks\":\"\"},{\"payName\":\"\",\"payPrice\":\"\",\"payNumber\":\"\",\"paySbutotal\":\"\",\"payRemarks\":\"\"},{\"payName\":\"\",\"payPrice\":\"\",\"payNumber\":\"\",\"paySbutotal\":\"\",\"payRemarks\":\"\"},{\"payName\":\"\",\"payPrice\":\"\",\"payNumber\":\"\",\"paySbutotal\":\"\",\"payRemarks\":\"\"},{\"payName\":\"\",\"payPrice\":\"\",\"payNumber\":\"\",\"paySbutotal\":\"\",\"payRemarks\":\"\"},{\"payName\":\"\",\"payPrice\":\"\",\"payNumber\":\"\",\"paySbutotal\":\"\",\"payRemarks\":\"\"}]','','','',''),(120,'201612221716126592464','table',NULL,NULL,NULL,'2016-12-22 17:16:12',1,NULL,NULL,'[{\"payName\":\"\",\"payPrice\":\"\",\"payNumber\":\"\",\"paySbutotal\":\"\",\"payRemarks\":\"\"},{\"payName\":\"\",\"payPrice\":\"\",\"payNumber\":\"\",\"paySbutotal\":\"\",\"payRemarks\":\"\"},{\"payName\":\"\",\"payPrice\":\"\",\"payNumber\":\"\",\"paySbutotal\":\"\",\"payRemarks\":\"\"},{\"payName\":\"\",\"payPrice\":\"\",\"payNumber\":\"\",\"paySbutotal\":\"\",\"payRemarks\":\"\"},{\"payName\":\"\",\"payPrice\":\"\",\"payNumber\":\"\",\"paySbutotal\":\"\",\"payRemarks\":\"\"},{},{},{},{\"payName\":\"\",\"payPrice\":\"\",\"payNumber\":\"\",\"paySbutotal\":\"\",\"payRemarks\":\"\"},{\"payName\":\"\",\"payPrice\":\"\",\"payNumber\":\"\",\"paySbutotal\":\"\",\"payRemarks\":\"\"},{\"payName\":\"\",\"payPrice\":\"\",\"payNumber\":\"\",\"paySbutotal\":\"\",\"payRemarks\":\"\"},{\"payName\":\"\",\"payPrice\":\"\",\"payNumber\":\"\",\"paySbutotal\":\"\",\"payRemarks\":\"\"},{\"payName\":\"\",\"payPrice\":\"\",\"payNumber\":\"\",\"paySbutotal\":\"\",\"payRemarks\":\"\"},{\"payName\":\"\",\"payPrice\":\"\",\"payNumber\":\"\",\"paySbutotal\":\"\",\"payRemarks\":\"\"}]','','','',''),(121,'201612221716590606817','table',NULL,NULL,NULL,'2016-12-22 17:16:59',1,NULL,NULL,'[{\"payName\":\"10\",\"payPrice\":\"11\",\"payNumber\":\"13\",\"paySbutotal\":\"23\",\"payRemarks\":\"45\"},{\"payName\":\"w\",\"payPrice\":\"\",\"payNumber\":\"98\",\"paySbutotal\":\"88\",\"payRemarks\":\"66\"}]','','','',''),(122,'201612221725399098327','table',NULL,NULL,NULL,'2016-12-22 17:25:39',1,NULL,NULL,'[{\"payName\":\"\",\"payPrice\":\"\",\"payNumber\":\"\",\"paySbutotal\":\"\",\"payRemarks\":\"\"},{\"payName\":\"\",\"payPrice\":\"\",\"payNumber\":\"\",\"paySbutotal\":\"\",\"payRemarks\":\"\"},{\"payName\":\"\",\"payPrice\":\"\",\"payNumber\":\"\",\"paySbutotal\":\"\",\"payRemarks\":\"\"},{\"payName\":\"\",\"payPrice\":\"\",\"payNumber\":\"\",\"paySbutotal\":\"\",\"payRemarks\":\"\"},{\"payName\":\"\",\"payPrice\":\"\",\"payNumber\":\"\",\"paySbutotal\":\"\",\"payRemarks\":\"\"},{\"payName\":\"\",\"payPrice\":\"\",\"payNumber\":\"\",\"paySbutotal\":\"\",\"payRemarks\":\"\"},{\"payName\":\"\",\"payPrice\":\"\",\"payNumber\":\"\",\"paySbutotal\":\"\",\"payRemarks\":\"\"},{\"payName\":\"\",\"payPrice\":\"\",\"payNumber\":\"\",\"paySbutotal\":\"\",\"payRemarks\":\"\"},{\"payName\":\"\",\"payPrice\":\"\",\"payNumber\":\"\",\"paySbutotal\":\"\",\"payRemarks\":\"\"},{\"payName\":\"\",\"payPrice\":\"\",\"payNumber\":\"\",\"paySbutotal\":\"\",\"payRemarks\":\"\"},{\"payName\":\"\",\"payPrice\":\"\",\"payNumber\":\"\",\"paySbutotal\":\"\",\"payRemarks\":\"\"},{\"payName\":\"\",\"payPrice\":\"\",\"payNumber\":\"\",\"paySbutotal\":\"\",\"payRemarks\":\"\"}]','','','',''),(123,'201612221725485251920','table',NULL,NULL,NULL,'2016-12-22 17:25:48',1,NULL,NULL,'[{\"payName\":\"\",\"payPrice\":\"\",\"payNumber\":\"\",\"paySbutotal\":\"\",\"payRemarks\":\"\"},{\"payName\":\"\",\"payPrice\":\"\",\"payNumber\":\"\",\"paySbutotal\":\"\",\"payRemarks\":\"\"},{\"payName\":\"\",\"payPrice\":\"\",\"payNumber\":\"\",\"paySbutotal\":\"\",\"payRemarks\":\"\"},{\"payName\":\"\",\"payPrice\":\"\",\"payNumber\":\"\",\"paySbutotal\":\"\",\"payRemarks\":\"\"},{\"payName\":\"\",\"payPrice\":\"\",\"payNumber\":\"\",\"paySbutotal\":\"\",\"payRemarks\":\"\"},{\"payName\":\"\",\"payPrice\":\"\",\"payNumber\":\"\",\"paySbutotal\":\"\",\"payRemarks\":\"\"},{\"payName\":\"\",\"payPrice\":\"\",\"payNumber\":\"\",\"paySbutotal\":\"\",\"payRemarks\":\"\"},{\"payName\":\"\",\"payPrice\":\"\",\"payNumber\":\"\",\"paySbutotal\":\"\",\"payRemarks\":\"\"},{\"payName\":\"\",\"payPrice\":\"\",\"payNumber\":\"\",\"paySbutotal\":\"\",\"payRemarks\":\"\"},{\"payName\":\"\",\"payPrice\":\"\",\"payNumber\":\"\",\"paySbutotal\":\"\",\"payRemarks\":\"\"},{\"payName\":\"\",\"payPrice\":\"\",\"payNumber\":\"\",\"paySbutotal\":\"\",\"payRemarks\":\"\"},{\"payName\":\"\",\"payPrice\":\"\",\"payNumber\":\"\",\"paySbutotal\":\"\",\"payRemarks\":\"\"}]','','','',''),(124,'201612221725517633782','table',NULL,NULL,NULL,'2016-12-22 17:25:51',1,NULL,NULL,'[{\"payName\":\"\",\"payPrice\":\"\",\"payNumber\":\"\",\"paySbutotal\":\"\",\"payRemarks\":\"\"},{\"payName\":\"\",\"payPrice\":\"\",\"payNumber\":\"\",\"paySbutotal\":\"\",\"payRemarks\":\"\"},{\"payName\":\"\",\"payPrice\":\"\",\"payNumber\":\"\",\"paySbutotal\":\"\",\"payRemarks\":\"\"},{\"payName\":\"\",\"payPrice\":\"\",\"payNumber\":\"\",\"paySbutotal\":\"\",\"payRemarks\":\"\"},{\"payName\":\"\",\"payPrice\":\"\",\"payNumber\":\"\",\"paySbutotal\":\"\",\"payRemarks\":\"\"},{\"payName\":\"\",\"payPrice\":\"\",\"payNumber\":\"\",\"paySbutotal\":\"\",\"payRemarks\":\"\"},{\"payName\":\"\",\"payPrice\":\"\",\"payNumber\":\"\",\"paySbutotal\":\"\",\"payRemarks\":\"\"},{\"payName\":\"\",\"payPrice\":\"\",\"payNumber\":\"\",\"paySbutotal\":\"\",\"payRemarks\":\"\"},{\"payName\":\"\",\"payPrice\":\"\",\"payNumber\":\"\",\"paySbutotal\":\"\",\"payRemarks\":\"\"},{\"payName\":\"\",\"payPrice\":\"\",\"payNumber\":\"\",\"paySbutotal\":\"\",\"payRemarks\":\"\"},{\"payName\":\"\",\"payPrice\":\"\",\"payNumber\":\"\",\"paySbutotal\":\"\",\"payRemarks\":\"\"},{\"payName\":\"\",\"payPrice\":\"\",\"payNumber\":\"\",\"paySbutotal\":\"\",\"payRemarks\":\"\"}]','','','',''),(125,'201612221742116783948','table',NULL,NULL,NULL,'2016-12-22 17:42:11',1,NULL,NULL,'[{\"payName\":\"\",\"payPrice\":\"\",\"payNumber\":\"\",\"paySbutotal\":\"\",\"payRemarks\":\"\"}]','','','',''),(126,'201612221742195571237','table',NULL,NULL,NULL,'2016-12-22 17:42:19',1,NULL,NULL,'[{\"payName\":\"\",\"payPrice\":\"\",\"payNumber\":\"\",\"paySbutotal\":\"\",\"payRemarks\":\"\"}]','','','',''),(127,'201612221742376215579','table',NULL,NULL,NULL,'2016-12-22 17:42:37',1,NULL,NULL,'[{\"payName\":\"www\",\"payPrice\":\"w\",\"payNumber\":\"w\",\"paySbutotal\":\"w\",\"payRemarks\":\"wwwwwwwwwwwwwwwwwwwwwwwwwwwwwwwwwwwwwwwwwwwww\"}]','','','',''),(128,'201612221742436141224','table',NULL,NULL,NULL,'2016-12-22 17:42:43',1,NULL,NULL,'[{\"payName\":\"www\",\"payPrice\":\"w\",\"payNumber\":\"w\",\"paySbutotal\":\"w\",\"payRemarks\":\"wwwwwwwwwwwwwwwwwwwwwwwwwwwwwwwwwwwwwwwwwwwww\"}]','','','',''),(129,'201612221744077585745','table',NULL,NULL,NULL,'2016-12-22 17:44:07',1,NULL,NULL,'[{\"payName\":\"www\",\"payPrice\":\"w\",\"payNumber\":\"w\",\"paySbutotal\":\"w\",\"payRemarks\":\"wwwwwwwwwwwwwwwwwwwwwwwwwwwwwwwwwwwwwwwwwwwww\"},{\"payName\":\"wwwww\",\"payPrice\":\"t6y\",\"payNumber\":\"\",\"paySbutotal\":\"wr45\",\"payRemarks\":\"t\"},{\"payName\":\"4t5\",\"payPrice\":\"t5t5\",\"payNumber\":\"33\",\"paySbutotal\":\"r5t\",\"payRemarks\":\"5r555\"},{\"payName\":\"r4\",\"payPrice\":\"e\",\"payNumber\":\"e\",\"paySbutotal\":\"4\",\"payRemarks\":\"3\"},{\"payName\":\"34\",\"payPrice\":\"45\",\"payNumber\":\"66\",\"paySbutotal\":\"78\",\"payRemarks\":\"976\"},{\"payName\":\"ee3\",\"payPrice\":\"e33\",\"payNumber\":\"4e\",\"paySbutotal\":\"2\",\"payRemarks\":\"e343\"},{\"payName\":\"e3\",\"payPrice\":\"e3\",\"payNumber\":\"e3\",\"paySbutotal\":\"2\",\"payRemarks\":\"2\"}]','','','',''),(130,'201612222154491823565','table',NULL,NULL,NULL,'2016-12-22 21:54:49',1,NULL,NULL,'[{\"payName\":\"7\",\"payPrice\":\"7\",\"payNumber\":\"7\",\"paySbutotal\":\"49\",\"payRemarks\":\"12\"}]','','','',''),(131,'201612222206387736996','table',NULL,NULL,NULL,'2016-12-22 22:06:38',1,NULL,NULL,'[{\"payName\":\"11111111111\",\"payPrice\":\"1\",\"payNumber\":\"1\",\"paySbutotal\":\"1\",\"payRemarks\":\"1\"}]','','','','');
/*!40000 ALTER TABLE `business` ENABLE KEYS */;
UNLOCK TABLES;

--
-- Table structure for table `security_department`
--

DROP TABLE IF EXISTS `security_department`;
/*!40101 SET @saved_cs_client     = @@character_set_client */;
/*!40101 SET character_set_client = utf8 */;
CREATE TABLE `security_department` (
  `id` int(11) NOT NULL AUTO_INCREMENT COMMENT 'id',
  `parent_id` int(11) DEFAULT NULL COMMENT '父id',
  `name` varchar(128) DEFAULT NULL COMMENT '部门名称',
  `description` varchar(128) DEFAULT NULL COMMENT '描述',
  `priority` int(11) DEFAULT NULL COMMENT '优先级',
  `remark` varchar(128) DEFAULT NULL COMMENT '扩展字段',
  PRIMARY KEY (`id`)
) ENGINE=MyISAM AUTO_INCREMENT=4 DEFAULT CHARSET=utf8 COMMENT='部门表';
/*!40101 SET character_set_client = @saved_cs_client */;

--
-- Dumping data for table `security_department`
--

LOCK TABLES `security_department` WRITE;
/*!40000 ALTER TABLE `security_department` DISABLE KEYS */;
INSERT INTO `security_department` VALUES (1,NULL,'顶级部门',NULL,NULL,NULL),(2,NULL,NULL,NULL,99,NULL),(3,NULL,NULL,NULL,99,NULL);
/*!40000 ALTER TABLE `security_department` ENABLE KEYS */;
UNLOCK TABLES;

--
-- Table structure for table `security_function`
--

DROP TABLE IF EXISTS `security_function`;
/*!40101 SET @saved_cs_client     = @@character_set_client */;
/*!40101 SET character_set_client = utf8 */;
CREATE TABLE `security_function` (
  `id` int(11) NOT NULL AUTO_INCREMENT,
  `menu_id` int(11) DEFAULT NULL COMMENT '菜单id',
  `name` varchar(128) NOT NULL COMMENT '国际化key',
  `action` varchar(128) DEFAULT NULL COMMENT 'action',
  `description` varchar(128) DEFAULT NULL COMMENT '描述',
  `priority` int(11) DEFAULT NULL COMMENT '优先级',
  `sn` varchar(64) DEFAULT NULL COMMENT '按钮权限关键字',
  `remark` varchar(128) DEFAULT NULL COMMENT '扩展字段',
  PRIMARY KEY (`id`)
) ENGINE=MyISAM AUTO_INCREMENT=36 DEFAULT CHARSET=utf8 COMMENT='按钮功能表';
/*!40101 SET character_set_client = @saved_cs_client */;

--
-- Dumping data for table `security_function`
--

LOCK TABLES `security_function` WRITE;
/*!40000 ALTER TABLE `security_function` DISABLE KEYS */;
INSERT INTO `security_function` VALUES (1,20,'addUser','/management/user/create','新增用户',2,'UserManage:add',''),(2,8,'editBtn','/','修改按钮',2,'Dialog:edit',NULL),(3,8,'deleteBtn','/','删除按钮',3,'Dialog:delete',NULL),(4,8,'queryBtn','/','查询按钮',4,'Dialog:query',NULL),(5,2,'printBtn','/','打印按钮',5,'Nav:print',NULL),(6,2,'exportBtn','/','导出按钮',6,'Nav:export',NULL),(7,4,'updateUserInfo','/management/user/updateSelf','修改用户信息',2,'UserInfo:update',NULL),(8,5,'updatePassword','/management/user/updatePassword','修改密码',1,'UserPassword:save',NULL),(9,20,'queryUser','/management/user/list','查询用户',1,'UserManage:query',NULL),(10,20,'updateUser','/management/user/update','修改用户',3,'UserManage:update',NULL),(11,20,'disableUser','/management/user/updateDisabled','禁用用户',4,'UserManage:disable',NULL),(12,20,'deleteUser','/management/user/delete','删除用户',5,'UserManage:delete',NULL),(13,20,'resetPassword','/management/user/resetPassword','重置密码',6,'UserManage:resetpassword',NULL),(14,21,'addRole','/management/role/create','新增角色',2,'Role:add',NULL),(15,21,'queryRole','/management/role/list','查询角色',1,'Role:query',NULL),(16,21,'updateRole','/management/role/update','修改角色',3,'Role:update',NULL),(17,21,'assignRolePermission','/management/role/updateInfo','配置角色权限',4,'Role:assignpermission',NULL),(18,21,'addRoleUser','/management/role/addUser','添加用户',5,'Role:adduser',NULL),(19,21,'removeRoleUser','/management/role/removeUser','移除用户',6,'Role:removeuser',NULL),(20,21,'deleteRole','/management/role/delete','删除角色',7,'Role:delete',NULL),(26,3,'createProject','/project/create','创建项目',5,'Project:create',NULL),(22,22,'designatedExpert','/','指定评审专家',2,'Approve:expert',''),(23,22,'expertScoring','/','评审专家打分',3,'Approve:scoring',''),(24,22,'decisionCommittee','/','决策委员会意见',4,'Approve:committee',''),(25,22,'divisionManager','/','部门经理审批意见',5,'Approve:manager',''),(27,23,'designatedExpert','/','指定评审专家',2,'Camtalk:expert',NULL),(28,23,'expertScoring','/','评审专家打分',3,'Camtalk:scoring',NULL),(29,23,'decisionCommittee','/','决策委员会意见',4,'Camtalk:committee',NULL),(30,23,'divisionManager','/','部门经理审批意见',5,'Camtalk:manager',NULL),(31,24,'designatedExpert','/','指定评审专家',2,'Lottery:expert',NULL),(32,24,'divisionManager','/','部门经理审批意见',5,'Lottery:manager',NULL),(33,24,'decisionCommittee','/','决策委员会意见',4,'Lottery:committee',NULL),(34,24,'expertScoring','/','评审专家打分',3,'Lottery:scoring',NULL),(35,22,'taskExchange','/','项目变更',NULL,'CooMarts:change',NULL);
/*!40000 ALTER TABLE `security_function` ENABLE KEYS */;
UNLOCK TABLES;

--
-- Table structure for table `security_menu`
--

DROP TABLE IF EXISTS `security_menu`;
/*!40101 SET @saved_cs_client     = @@character_set_client */;
/*!40101 SET character_set_client = utf8 */;
CREATE TABLE `security_menu` (
  `id` int(11) NOT NULL AUTO_INCREMENT,
  `parent_id` int(11) DEFAULT NULL COMMENT '父id',
  `name` varchar(128) NOT NULL COMMENT '国际化id',
  `action` varchar(128) DEFAULT NULL COMMENT 'action',
  `imgurl` varchar(128) DEFAULT NULL COMMENT '图标地址',
  `description` varchar(128) DEFAULT NULL COMMENT '描述',
  `priority` int(11) DEFAULT NULL COMMENT '优先级',
  `sn` varchar(64) DEFAULT NULL COMMENT '菜单权限关键字',
  `remark` varchar(128) DEFAULT NULL COMMENT '扩展字段',
  PRIMARY KEY (`id`)
) ENGINE=MyISAM AUTO_INCREMENT=71 DEFAULT CHARSET=utf8 COMMENT='菜单表';
/*!40101 SET character_set_client = @saved_cs_client */;

--
-- Dumping data for table `security_menu`
--

LOCK TABLES `security_menu` WRITE;
/*!40000 ALTER TABLE `security_menu` DISABLE KEYS */;
INSERT INTO `security_menu` VALUES (31,12,'MENU_LOTTERY_QUESTION','/views/lottery/questionList.html?projectName=lottery','/','查看尽职调查',15,'Lottery:questionList',NULL),(25,2,'MENU_COOMARTS_MYAPPLYCOMPLETED','/views/coomarts/myApplyCompleted.html?projectName=coomarts','/','已完成的项目',9,'Coomarts:myApplyCompleted',NULL),(11,7,'MENU_CAMTALK_DEPARTMENTCREATE','/views/camtalk/departmentCreate.html?projectName=camtalk','/','发布项目需求',6,'Camtalks:departmentCreate',''),(12,NULL,'MENU_LOTTERY','#','fa-home','lottery',4,'Lottery:main',''),(13,12,'MENU_LOTTERY_NEWAPPLY','/views/lottery/newApply.html?projectName=lottery','/','创建项目申请',7,'Lottery:newApply',''),(14,12,'MENU_LOTTERY_MYAPPLY','/views/lottery/myApply.html?projectName=lottery','/','我的申请项目',8,'Lottery:myApply',''),(15,12,'MENU_LOTTERY_COMPLETED','/views/lottery/myTaskCompleted.html?projectName=lottery','/','已完成的任务',14,'Lottery:completed',''),(16,12,'MENU_LOTTERY_DEPARTMENTCREATE','/views/lottery/departmentCreate.html?projectName=lottery','/','发布项目需求',6,'Lottery:departmentCreate',''),(17,NULL,'MENU_USER_CENTER','#','fa-user','用户中心',5,'User:main',''),(18,17,'MENU_USER_INFO','/views/userCenter/userInfo.html','/','用户资料',51,'UserInfo:main',''),(19,17,'MENU_MODIFY_PWD','/views/userCenter/passwordModify.html','/','修改密码',52,'UserPassword:main',''),(20,17,'MENU_USER_MS','/views/userCenter/userManage.html','/','用户管理',53,'UserManage:main',''),(21,17,'MENU_ROLE_MS','/views/userCenter/roleManage.html','/','角色管理',54,'Role:main',''),(23,7,'MENU_CAMTALK_MYAGENCYTASK','/views/camtalk/myTaskAgent.html?projectName=camtalk','/','我的待办任务',13,'Camtalk:myAgencyTask',NULL),(24,12,'MENU_LOTTERY_MYAGENCYTASK','/views/lottery/myTaskAgent.html?projectName=lottery','/','我的待办任务',13,'Lottery:myAgencyTask',NULL),(26,7,'MENU_CAMTALK_MYAPPLYCOMPLETED','/views/camtalk/myApplyCompleted.html?projectName=camtalk','/','已完成的项目',9,'Camtalk:myApplyCompleted',NULL),(27,12,'MENU_LOTTERY_MYAPPLYCOMPLETED','/views/lottery/myApplyCompleted.html?projectName=lottery','/','已完成的项目',9,'Lottery:myApplyCompleted',NULL),(28,17,'MENU_COMPANY_MS','/views/userCenter/companyManage.html','/','单位管理',55,'Company:main',NULL),(29,2,'MENU_COOMARTS_QUESTION','/views/coomarts/questionList.html?projectName=coomarts','/','查看尽职调查',15,'Coomarts:questionList',NULL),(30,7,'MENU_CAMTALK_QUESTION','/views/camtalk/questionList.html?projectName=camtalk','/','查看尽职调查',15,'Camtalk:questionList',NULL),(22,2,'MENU_COOMARTS_MYAGENCYTASK','/views/coomarts/myTaskAgent.html?projectName=coomarts','/','我的待办任务',13,'Coomarts:myAgencyTask',NULL),(1,NULL,'MENU_HOME','/views/home.html','fa-home','首页',1,'User:home',''),(2,NULL,'MENU_COOMARTS','#','fa-home','coomarts',2,'Coomart:main',''),(3,2,'MENU_COOMARTS_NEWAPPLY','/views/coomarts/newApply.html?projectName=coomarts','/','创建项目申请',7,'Coomarts:newApply',''),(4,2,'MENU_COOMARTS_MYAPPLY','/views/coomarts/myApply.html?projectName=coomarts','/','我的申请项目',8,'Coomarts:myApply',''),(5,2,'MENU_COOMARTS_COMPLETED','/views/coomarts/myTaskCompleted.html?projectName=coomarts','/','已完成的任务',14,'Coomarts:completed',''),(6,2,'MENU_COOMARTS_DEPARTMENTCREATE','/views/coomarts/departmentCreate.html?projectName=coomarts','/','发布项目需求',6,'Coomarts:departmentCreate',''),(7,NULL,'MENU_CAMTALK','#','fa-home','camtalk',3,'Camtalk:main',''),(8,7,'MENU_CAMTALK_NEWAPPLY','/views/camtalk/newApply.html?projectName=camtalk','/','创建项目申请',7,'Camtalk:newApply',''),(9,7,'MENU_CAMTALK_MYAPPLY','/views/camtalk/myApply.html?projectName=camtalk','/','我的申请项目',8,'Camtalk:myApply',''),(10,7,'MENU_CAMTALK_COMPLETED','/views/camtalk/myTaskCompleted.html?projectName=camtalk','/','已完成的任务',14,'Camtalk:completed',''),(32,2,'MENU_COOMARTS_ALLPROJECT','/views/coomarts/myAllproject.html?projectName=coomarts','/','所有项目',16,'Coomarts:myAllproject',NULL),(33,12,'MENU_LOTTERY_ALLPROJECT','/views/lottery/myAllproject.html?projectName=lottery','/','所有项目',16,'Lottery:myAllproject',NULL),(34,7,'MENU_CAMTALK_ALLPROJECT','/views/camtalk/myAllproject.html?projectName=camtalk','/','所有项目',16,'Camtalk:myAllproject',NULL),(40,12,'MENU_LOTTERY_DEPARTMENTRELEASE','/views/lottery/departmentReleaseNeedDeclare.html?projectName=lottery','/','待申报的项目',11,'Lottery:departmentReleaseNeedDeclare',NULL),(39,7,'MENU_CAMTALK_DEPARTMENTRELEASE','/views/camtalk/departmentReleaseNeedDeclare.html?projectName=camtalk','/','待申报的项目',11,'Camtalk:departmentReleaseNeedDeclare',NULL),(38,2,'MENU_COOMARTS_DEPARTMENTRELEASE','/views/coomarts/departmentReleaseNeedDeclare.html?projectName=coomarts','/','待申报的项目',11,'Coomarts:departmentReleaseNeedDeclare',NULL),(37,12,'MENU_LOTTERY_ALLPROJECT_MARCH','/views/lottery/myAllprojectMarch.html?projectName=lottery','/','所有进行中的项目',17,'Lottery:myAllprojectMarch',NULL),(36,7,'MENU_CAMTALK_ALLPROJECT_MARCH','/views/camtalk/myAllprojectMarch.html?projectName=camtalk','/','所有进行中的项目',17,'Camtalk:myAllprojectMarch',NULL),(35,2,'MENU_COOMARTS_ALLPROJECT_MARCH','/views/coomarts/myAllprojectMarch.html?projectName=coomarts','/','所有进行中的项目',17,'Coomarts:myAllprojectMarch',NULL),(41,12,'MENU_LOTTERY_THREELEADER_DECLARE','/views/lottery/threeleaderDeclare.html?projectName=lottery','/','我申报的项目',12,'Lottery:threeleader_declare',NULL),(43,2,'MENU_COOMARTS_THREELEADER_DECLARE','/views/coomarts/threeleaderDeclare.html?projectName=coomarts','/','我申报的项目',12,'Coomarts:threeleader_declare',NULL),(42,7,'MENU_CAMTALK_THREELEADER_DECLARE','/views/camtalk/threeleaderDeclare.html?projectName=camtalk','/','我申报的项目',12,'Camtalk:threeleader_declare',NULL),(44,12,'MENU_LOTTERY_MYRELEASE','/views/lottery/departmentRelease.html?projectName=lottery','/','我发布的项目',10,'Lottery:myRelease',NULL),(45,7,'MENU_CAMTALK_MYRELEASE','/views/camtalk/departmentRelease.html?projectName=camtalk','/','我发布的项目',10,'Camtalk:myRelease',NULL),(46,2,'MENU_COOMARTS_MYRELEASE','/views/coomarts/departmentRelease.html?projectName=coomarts','/','我发布的项目',10,'Coomarts:myRelease',NULL),(47,2,'MENU_COOMARTS_DATAMONITOR','/views/coomarts/dataMonitor.html?projectName=coomarts&serviceType=submitMonthlyCheck','/','数据监测',50,'Coomarts:dataMonitor',NULL),(48,7,'MENU_CAMTALK_DATAMONITOR','/views/camtalk/dataMonitor.html?projectName=camtalk&serviceType=submitMonthlyCheck','/','数据监测',50,'Camtalk:dataMonitor',NULL),(49,12,'MENU_LOTTERY_DATAMONITOR','/views/lottery/dataMonitor.html?projectName=lottery&serviceType=submitMonthlyCheck','/','数据监测',50,'Lottery:dataMonitor',NULL),(59,2,'MENU_COOMARTS_DATASELF','/views/coomarts/dataMonitorByCommittee.html?projectName=coomarts&serviceType=submitMonthlyReport','/','月度报告',50,'Coomarts:dataSelf',NULL),(60,7,'MENU_CAMTALK_DATASELF','/views/camtalk/dataMonitorByCommittee.html?projectName=camtalk&serviceType=submitMonthlyReport','/','月度报告',50,'Camtalk:dataSelf',NULL),(61,12,'MENU_LOTTERY_DATASELF','/views/lottery/dataMonitorByCommittee.html?projectName=lottery&serviceType=submitMonthlyReport','/','月度报告',50,'Lottery:dataSelf',NULL),(62,2,'MENU_COOMARTS_DEPARTMENTTASKNEED','/views/coomarts/departmentReleaseNeed.html?projectName=coomarts','/','发布任务需求',11,'Coomarts:departmentReleaseNeed',NULL),(63,7,'MENU_CAMTALK_DEPARTMENTTASKNEED','/views/camtalk/departmentReleaseNeed.html?projectName=camtalk','/','发布任务需求',11,'Camtalk:departmentReleaseNeed',NULL),(64,12,'MENU_LOTTERY_DEPARTMENTTASKNEED','/views/lottery/departmentReleaseNeed.html?projectName=lottery','/','发布任务需求',11,'Lottery:departmentReleaseNeed',NULL),(65,2,'MENU_COOMARTS_MYRELEASRTASK','/views/coomarts/myReleaseTask.html?projectName=coomarts','/','我发布的任务',12,'Coomarts:myReleaseTask',NULL),(66,7,'MENU_CAMTALK_MYRELEASRTASK','/views/camtalk/myReleaseTask.html?projectName=camtalk','/','我发布的任务',12,'Camtalk:myReleaseTask',NULL),(67,12,'MENU_LOTTERY_MYRELEASRTASK','/views/lottery/myReleaseTask.html?projectName=lottery','/','我发布的任务',12,'Lottery:myReleaseTask',NULL),(68,12,'MENU_LOTTERY_DEPARTMENTOPTIMIZE','/views/lottery/departmentOptimize.html?projectName=lottery','/','待优化的项目',13,'Lottery:departmentOptimize',NULL),(69,7,'MENU_CAMTALK_DEPARTMENTOPTIMIZE','/views/camtalk/departmentOptimize.html?projectName=camtalk','/','待优化的项目',13,'Camtalk:departmentOptimize',NULL),(70,2,'MENU_COOMARTS_DEPARTMENTOPTIMIZE','/views/coomarts/departmentOptimize.html?projectName=coomarts','/','待优化的项目',13,'Coomarts:departmentOptimize',NULL);
/*!40000 ALTER TABLE `security_menu` ENABLE KEYS */;
UNLOCK TABLES;

--
-- Table structure for table `security_role`
--

DROP TABLE IF EXISTS `security_role`;
/*!40101 SET @saved_cs_client     = @@character_set_client */;
/*!40101 SET character_set_client = utf8 */;
CREATE TABLE `security_role` (
  `id` int(11) NOT NULL AUTO_INCREMENT,
  `name` varchar(32) NOT NULL COMMENT '角色名',
  `description` varchar(128) DEFAULT NULL COMMENT '描述信息',
  `parent_id` int(11) DEFAULT NULL COMMENT '父id',
  PRIMARY KEY (`id`)
) ENGINE=MyISAM AUTO_INCREMENT=29 DEFAULT CHARSET=utf8 COMMENT='角色表';
/*!40101 SET character_set_client = @saved_cs_client */;

--
-- Dumping data for table `security_role`
--

LOCK TABLES `security_role` WRITE;
/*!40000 ALTER TABLE `security_role` DISABLE KEYS */;
INSERT INTO `security_role` VALUES (1,'administrator','系统管理员',NULL),(14,'projectManager','项目经理',NULL),(15,'CooMartsOfficer','福彩金项目管理人员',NULL),(16,'departLeader','政府部门领导',NULL),(17,'committee','第三方评估机构后者组织',NULL),(18,'CamTalkOfficer','残联项目管理人员',NULL),(19,'LotteryOfficer','三社联动管理人员',NULL),(21,'guest','游客',NULL),(22,'threeLevelsLeader','政府其余部门',NULL),(28,'publisher','需求发布者',NULL),(25,'CooMartsPM','',NULL),(26,'LotteryPM','Lottery项目经理',NULL),(27,'CamTalkPM','CamTalk项目经理',NULL);
/*!40000 ALTER TABLE `security_role` ENABLE KEYS */;
UNLOCK TABLES;

--
-- Table structure for table `security_role_permission`
--

DROP TABLE IF EXISTS `security_role_permission`;
/*!40101 SET @saved_cs_client     = @@character_set_client */;
/*!40101 SET character_set_client = utf8 */;
CREATE TABLE `security_role_permission` (
  `id` int(11) NOT NULL AUTO_INCREMENT,
  `role_id` int(11) NOT NULL COMMENT '角色id',
  `resource_id` int(11) NOT NULL COMMENT '资源id',
  `resource_type` int(11) DEFAULT NULL COMMENT '资源类型（0 菜单  1按钮）',
  PRIMARY KEY (`id`)
) ENGINE=MyISAM AUTO_INCREMENT=6366 DEFAULT CHARSET=utf8 COMMENT='角色权限表';
/*!40101 SET character_set_client = @saved_cs_client */;

--
-- Dumping data for table `security_role_permission`
--

LOCK TABLES `security_role_permission` WRITE;
/*!40000 ALTER TABLE `security_role_permission` DISABLE KEYS */;
INSERT INTO `security_role_permission` VALUES (5222,19,37,0),(5221,19,33,0),(5220,19,15,0),(5468,17,24,1),(5212,18,18,0),(4321,1,15,1),(4320,1,13,1),(5225,19,19,0),(5219,19,24,0),(5218,19,40,0),(5217,19,12,0),(5216,19,1,0),(5224,19,18,0),(5227,19,33,1),(5226,19,34,1),(4319,1,12,1),(4318,1,11,1),(4317,1,10,1),(4316,1,1,1),(4315,1,9,1),(4314,1,32,1),(4313,1,33,1),(4312,1,34,1),(4311,1,31,1),(4310,1,30,1),(4309,1,29,1),(4308,1,28,1),(4307,1,27,1),(4306,1,4,1),(4305,1,3,1),(4304,1,2,1),(4303,1,8,1),(4302,1,25,1),(4301,1,24,1),(4300,1,23,1),(4299,1,22,1),(4298,1,7,1),(4297,1,26,1),(4296,1,28,0),(4295,1,21,0),(4294,1,20,0),(4293,1,19,0),(4292,1,18,0),(4291,1,17,0),(4290,1,37,0),(4289,1,33,0),(4288,1,31,0),(4287,1,15,0),(4286,1,24,0),(4285,1,27,0),(4284,1,14,0),(5223,19,17,0),(4283,1,13,0),(5467,17,19,0),(6086,26,32,1),(4282,1,16,0),(5471,17,33,1),(5942,22,32,1),(5941,22,30,1),(5470,17,29,1),(5469,17,8,1),(4281,1,40,0),(5210,18,36,0),(5940,22,8,1),(5939,22,25,1),(5938,22,19,0),(5937,22,18,0),(4280,1,12,0),(4279,1,36,0),(4278,1,34,0),(4277,1,30,0),(4276,1,10,0),(5243,1,61,0),(5936,22,17,0),(5242,1,60,0),(5241,1,59,0),(5240,15,8,1),(5935,22,15,0),(5466,17,18,0),(5465,17,17,0),(5464,17,61,0),(5463,17,49,0),(5462,17,37,0),(5461,17,33,0),(5460,17,15,0),(5459,17,24,0),(5934,22,24,0),(5933,22,40,0),(5215,18,29,1),(5214,18,28,1),(5209,18,34,0),(5208,18,10,0),(5207,18,23,0),(5206,18,39,0),(5205,18,7,0),(5204,18,1,0),(5458,17,40,0),(5457,17,12,0),(5213,18,19,0),(6295,25,70,0),(6294,17,70,0),(6293,22,70,0),(6292,15,70,0),(6291,1,70,0),(6289,25,69,0),(6288,17,69,0),(6287,22,69,0),(4275,1,23,0),(4274,1,26,0),(4273,1,9,0),(4272,1,39,0),(4271,1,8,0),(4270,1,11,0),(4269,1,7,0),(4268,1,35,0),(4267,1,32,0),(4266,1,29,0),(4265,1,5,0),(4264,1,38,0),(4263,1,22,0),(4262,1,25,0),(6286,15,69,0),(6285,1,69,0),(5239,15,23,1),(5238,15,22,1),(5237,15,19,0),(5456,17,60,0),(5455,17,48,0),(5454,17,36,0),(5211,18,17,0),(5797,21,19,0),(5796,21,18,0),(5795,21,17,0),(4261,1,4,0),(4260,1,3,0),(6283,25,68,0),(6282,17,68,0),(6281,22,68,0),(5236,15,18,0),(5235,15,17,0),(5234,15,35,0),(5453,17,34,0),(5452,17,10,0),(5451,17,23,0),(4259,1,6,0),(4258,1,2,0),(4257,1,1,0),(5233,15,32,0),(5232,15,5,0),(5231,15,22,0),(5450,17,39,0),(5449,17,7,0),(5448,17,59,0),(5447,17,47,0),(5446,17,35,0),(4322,1,14,1),(4323,1,16,1),(4324,1,17,1),(4325,1,18,1),(4326,1,19,1),(4327,1,20,1),(6280,15,68,0),(6279,1,68,0),(6273,28,19,0),(5230,15,38,0),(5229,15,2,0),(5228,15,1,0),(6365,16,8,1),(6364,16,25,1),(6363,16,28,0),(5445,17,32,0),(5444,17,5,0),(5443,17,22,0),(6362,16,19,0),(6361,16,18,0),(6360,16,17,0),(6359,16,35,0),(6358,16,32,0),(6357,16,5,0),(6356,16,22,0),(6355,16,38,0),(5932,22,44,0),(5931,22,12,0),(5930,22,10,0),(5929,22,23,0),(5928,22,39,0),(5927,22,45,0),(5926,22,7,0),(5925,22,5,0),(5924,22,22,0),(5923,22,38,0),(5922,22,46,0),(5921,22,2,0),(5920,22,1,0),(5794,21,1,0),(6272,28,18,0),(6271,28,17,0),(6270,28,6,0),(6269,28,2,0),(6268,28,1,0),(6352,14,8,1),(5442,17,38,0),(5441,17,2,0),(5440,17,1,0),(6354,16,2,0),(6353,16,1,0),(6064,25,8,1),(6063,25,25,1),(6062,25,24,1),(6061,25,23,1),(6060,25,22,1),(6059,25,35,1),(6058,25,7,1),(6057,25,19,0),(6056,25,18,0),(6055,25,17,0),(6054,25,59,0),(6053,25,5,0),(6052,25,22,0),(6051,25,43,0),(6050,25,38,0),(6049,25,25,0),(6048,25,4,0),(6047,25,2,0),(6046,25,1,0),(6351,14,25,1),(6350,14,24,1),(6349,14,23,1),(6348,14,22,1),(6347,14,35,1),(6346,14,19,0),(6345,14,18,0),(6344,14,17,0),(6343,14,68,0),(6342,14,69,0),(6341,14,59,0),(6340,14,5,0),(6339,14,22,0),(6338,14,43,0),(6337,14,38,0),(6085,26,33,1),(6084,26,34,1),(6083,26,31,1),(6082,26,19,0),(6081,26,18,0),(6080,26,17,0),(6079,26,61,0),(6078,26,37,0),(6077,26,33,0),(6076,26,31,0),(6075,26,15,0),(6074,26,24,0),(6073,26,41,0),(6072,26,64,0),(6071,26,40,0),(6070,26,27,0),(6069,26,14,0),(6068,26,13,0),(6067,26,16,0),(6066,26,12,0),(6065,26,1,0),(6108,27,30,1),(6107,27,29,1),(6106,27,28,1),(6105,27,27,1),(6104,27,4,1),(6103,27,3,1),(6102,27,2,1),(6101,27,60,0),(6100,27,36,0),(6099,27,34,0),(6098,27,30,0),(6097,27,10,0),(6096,27,23,0),(6095,27,42,0),(6094,27,63,0),(6093,27,39,0),(6092,27,26,0),(6091,27,9,0),(6090,27,8,0),(6089,27,11,0),(6088,27,7,0),(6087,27,1,0),(6336,14,2,0),(6335,14,1,0);
/*!40000 ALTER TABLE `security_role_permission` ENABLE KEYS */;
UNLOCK TABLES;

--
-- Table structure for table `security_user`
--

DROP TABLE IF EXISTS `security_user`;
/*!40101 SET @saved_cs_client     = @@character_set_client */;
/*!40101 SET character_set_client = utf8 */;
CREATE TABLE `security_user` (
  `id` int(11) NOT NULL AUTO_INCREMENT,
  `department_id` int(11) DEFAULT NULL COMMENT '部门id',
  `company_name` varchar(64) DEFAULT NULL,
  `username` varchar(64) DEFAULT NULL COMMENT '登录名',
  `firstname` varchar(64) DEFAULT NULL,
  `lastname` varchar(64) DEFAULT NULL,
  `password` varchar(64) NOT NULL COMMENT '密码',
  `salt` varchar(32) NOT NULL COMMENT '盐值',
  `email` varchar(128) DEFAULT NULL COMMENT '邮箱',
  `phone` varchar(32) DEFAULT NULL COMMENT '电话',
  `createtime` timestamp NOT NULL DEFAULT CURRENT_TIMESTAMP COMMENT '创建时间',
  `birthday` timestamp NOT NULL DEFAULT '0000-00-00 00:00:00' COMMENT '生日',
  `address` varchar(256) DEFAULT NULL COMMENT '地址',
  `cardno` varchar(32) DEFAULT NULL COMMENT '证件号',
  `cardtype` int(11) DEFAULT NULL COMMENT '证件类型',
  `sex` int(11) DEFAULT NULL COMMENT '性别（0：男  1：女）',
  `imgurl` varchar(128) DEFAULT NULL COMMENT '图片路径',
  `status` int(11) NOT NULL COMMENT '状态(0:有效 1：无效)',
  `isreset` int(11) DEFAULT NULL COMMENT '是否是重置状态（0未重置 1已重置）',
  `isDisabled` int(11) DEFAULT NULL COMMENT '是否禁用（0：未禁用  1：禁用）',
  `approval_status` int(11) DEFAULT NULL COMMENT '审核状态（0：未审核，1：审核通过，2：审核不通过）',
  `remark` varchar(128) DEFAULT NULL COMMENT '扩展信息',
  PRIMARY KEY (`id`)
) ENGINE=MyISAM AUTO_INCREMENT=76 DEFAULT CHARSET=utf8 COMMENT='用户表';
/*!40101 SET character_set_client = @saved_cs_client */;

--
-- Dumping data for table `security_user`
--

LOCK TABLES `security_user` WRITE;
/*!40000 ALTER TABLE `security_user` DISABLE KEYS */;
INSERT INTO `security_user` VALUES (1,NULL,NULL,'admin','super','man','3f374d6a9f2c7058e81271215f7a23b88db4253c','361051c9dd537af9','121212@foxmail.com','1121','2016-10-19 02:59:26','2017-03-22 01:00:19','北京市海淀区中关村软件园7号楼','11111111',0,0,NULL,0,0,0,1,NULL),(3,NULL,NULL,'projectManager','projectManagerA','','3caaa394c80bf51c28ddfaf1b8929b0d977522e5','b0287eba6eaad6bb','123456@163.com','1365925678','2016-12-27 13:27:10','2016-12-27 13:19:19','','123456789123456789',0,0,'',1,NULL,0,1,NULL),(4,NULL,'政府部门','projectManagerA','社会组织项目负责人','','eb397e83fafe44c53b1ad9511410f69839b8963f','3b17f2c611460a0c','123456@163.com','13649312345','2016-12-28 01:12:33','2017-05-15 15:43:06','','123456789123456789',0,0,'',0,NULL,0,1,NULL),(5,NULL,NULL,'offercerA','offercerAbc','','90e03b61c13a8eba9b84fc9c72c6283c5874b039','5c11d027fdc1016f','123456@163.com','13649312345','2016-12-28 01:20:34','2017-02-24 01:32:04','','123456789123456789',0,0,'',0,NULL,0,1,NULL),(6,NULL,'七悦评估','committeeA','七悦第三方评估','','84ceb7baec752f47b32c5a672bebfa378548ab25','46eebf7d7320dc67','123456@163.com','12345678912','2016-12-28 01:41:35','2017-05-15 15:46:12','','123456789123456789',0,0,'',0,NULL,0,1,NULL),(7,NULL,'政府部门','govadmin','政府部门管理员','','bced9399b8538e1031b2abd44ecce4d36428a68f','dc2067346d20f31d','123456@163.com','123456789','2016-12-28 01:42:48','2017-05-18 03:52:43','','123456789123456789',0,0,'',0,NULL,0,1,NULL),(8,NULL,NULL,'offercerB','offercerB','','442b112d4acfe258ac88d5c4949e86a139013c1f','2d35006ac33d92df','123456@163.com','13649312345','2017-01-04 07:18:26','2017-01-04 07:10:02','','123456789123456789',0,0,'',1,NULL,0,1,NULL),(9,NULL,NULL,'officerB','officerB','','9b9ad482b82435df70c6f84b96bd97b14fe35c38','0bea68adc4f58f4b','123@163.com','13649274654','2017-01-23 05:46:25','2017-01-23 06:19:19','','123456789987654321',0,0,'',0,NULL,0,1,NULL),(10,NULL,'','officerC','officerC','','9a8b0e3ff1083d3931f2c233cdd14e78aab7829d','5b647eba0b714214','123@163.com','13649265432','2017-01-23 06:42:39','2017-03-31 05:16:23','','123456789987654321',0,0,'',0,NULL,0,1,NULL),(11,NULL,NULL,'11111111111','111111111111111','','8db951406d59060594b09827f6f76fdb5a80e3c0','5af3d5d7644aceb5','','111111111111','2017-02-07 06:36:35','2017-02-07 06:26:43','','',0,0,'',1,NULL,0,1,NULL),(12,NULL,'深圳信威','ttt','111','','45a1d2f475a2fa2019d4791ae276f010775b4b92','9e93c962b66b0f80','','111111111','2017-02-07 07:11:24','2017-02-07 07:01:33','','',0,0,'',1,NULL,0,1,NULL),(13,NULL,NULL,'AAAAAAA','A','','ac5528b6f3cb098d545aabcec6c6bb39c1885fe8','fc1d060f9c3ac9a1','','1','2017-02-08 05:50:24','2017-02-08 05:40:29','','',0,0,'',1,NULL,0,2,NULL),(14,NULL,NULL,'AAAAAAAAA','A','','99af30a67bce6186d8ab27392fbc8e79cd0eda5c','5f7d8520a78db771','','1','2017-02-08 05:51:45','2017-02-08 05:41:51','','',0,0,'',1,NULL,0,1,NULL),(15,NULL,NULL,'aaaaaaaaaaaaaa','a','','8fc288bf9b5b3a21bc63533f7b68e7d1b226ddee','f871293bcb23b1ac','','1','2017-02-08 05:53:01','2017-02-08 05:43:06','','',0,0,'',1,NULL,0,1,NULL),(16,NULL,NULL,'qqqqqqqq','q','','59428d106010de50e39593fe12925da7cb273639','38cc5c26db24ab5a','','1','2017-02-08 06:41:36','2017-02-08 06:31:42','','',0,0,'',1,NULL,0,1,NULL),(17,NULL,NULL,'hhhhhhhhhh','h','','68f9b59de077b3e9b6b738b1f9c99127960830a2','2f891bf5cb599c78','','1','2017-02-08 06:45:04','2017-02-08 06:35:09','','',0,0,'',1,NULL,0,1,NULL),(18,NULL,NULL,'nnnnnnnnnn','1','','fc5c4dbae4f70a3dd534df7601d59a4bb3915d27','577b031227204b4d','','1','2017-02-08 06:54:08','2017-02-08 06:44:13','','',0,0,'',1,NULL,0,1,NULL),(19,NULL,NULL,'mmmmmmm','1','','573e5e5e2ac10c5ff1a7d2c38907fc6c9814b022','7a2e066c46d97e10','','1','2017-02-08 06:56:16','2017-02-08 06:46:21','','',0,0,'',1,NULL,0,1,NULL),(20,NULL,NULL,'kkkkkkkkk','1','','4b6ca522dfc1d9a0916c796dc774e48bdb912b9a','3735b4322e330fc3','','1','2017-02-08 06:58:14','2017-02-08 06:48:19','','',0,0,'',1,NULL,0,1,NULL),(21,NULL,NULL,'ooooooooo','1','','89c1f29cea3b1222748e57427ad4086dfab0de69','26ec10d8aace63e9','','1','2017-02-08 06:58:35','2017-02-08 06:48:40','','',0,0,'',1,NULL,0,1,NULL),(22,NULL,NULL,'ppp','1','','e82d067469a407f2c0aec99d5f8d132ba68bd8e5','e7100234d2788c77','','1','2017-02-08 06:59:02','2017-02-08 06:49:07','','',0,0,'',1,NULL,0,1,NULL),(23,NULL,NULL,'eee','q','','985365148656ce4ab14ab5dd28e4d26e8245126e','dd53f67bcbedc5e9','','1','2017-02-08 06:59:44','2017-02-08 06:49:49','','',0,0,'',1,NULL,0,1,NULL),(24,NULL,NULL,'uuuuuuuuu','xjk','','515d377c1dcb2048a83524397134d2376ec41fed','05afb5580e448c08','','1','2017-02-08 07:48:47','2017-02-15 02:52:51','','',0,0,'',1,NULL,0,1,NULL),(25,NULL,NULL,'ppp1','ss','','4f72288ed22b002d49f602cb947afc251ac123b6','c03456e1815f13f8','','1','2017-02-08 07:51:30','2017-02-08 07:41:35','','',0,0,'',1,NULL,0,1,NULL),(26,NULL,NULL,'test','t','','507b2eb2f2de56f1856783f9c0d7be32c92665b5','3543d06c1b399082','','1','2017-02-15 09:10:33','2017-02-15 09:00:07','','',0,0,'',1,NULL,0,1,NULL),(27,NULL,NULL,'111','1','','305b12331d87565daba0712cc08482aa105b194f','6d80caee296623e9','','1','2017-02-15 09:31:36','2017-02-15 09:21:10','','',0,0,'',1,NULL,0,1,NULL),(28,NULL,'深圳信威','11111','111','','b53614f562bd71d2b49379eec72455f802f74d7b','0c331271dc66e8d5','','1WWW','2017-02-15 13:20:26','2017-02-15 13:09:59','','',0,0,'',1,NULL,0,1,NULL),(29,NULL,NULL,'s222','s','','7348ae15a34c38c105d54108756361e3d7ed0bb1','ff0dc4c5c5cb63b9','','2w','2017-02-15 13:21:45','2017-02-15 13:11:18','','',0,0,'',1,NULL,0,1,NULL),(30,NULL,NULL,'test111','test111','','e58ff72d644021201162a9c4b8a7e06f25b0aa22','f8998bea3ac74c12','','111','2017-02-16 02:38:27','2017-02-16 02:27:58','','',0,0,'',1,NULL,0,1,NULL),(31,NULL,NULL,'test222','test222','','c272eb8455b00a38ff7622ab0f04e4164946dc72','10069cfceace10a1','','123','2017-02-16 02:38:55','2017-02-16 02:28:26','','',0,0,'',1,NULL,0,1,NULL),(32,NULL,'xinwei1','xjkTest','xjkTest','xjkTest','eef67ea1e0f662029726672e255f7027f3439d80','b5a2590eb8a76192','','','2017-02-17 09:40:57','2017-02-17 09:30:34','','',0,0,'',1,NULL,0,1,NULL),(33,NULL,'xinwei2','xjkTest02','xjkTest02','xjkTest02','da44e79b5368d0e6ffa91a7d7095cd379c90046a','f9232bf17c9c8d11','','','2017-02-17 11:49:41','2017-02-17 11:39:14','','',0,0,'',1,NULL,1,2,NULL),(34,NULL,'北京信威','threeLeader','threeLeader','','fc8abd76dea947e9901e097dd63cd8de50067a5d','cec200694a76926b','threeLeader@163.com','123777878978979','2017-02-21 12:59:11','2017-02-21 12:48:18','','545345346546666666',0,0,'',0,NULL,0,1,NULL),(35,NULL,'xinwei1','test2','11','','583659b97845b86ebfdb37ab52630740715bfb8e','14c59059344d8189','','123456','2017-02-22 01:48:27','2017-02-22 01:37:32','','',0,0,'',1,NULL,0,2,NULL),(36,NULL,'test4','xjkTest03','xjkTest03','','2dc2af207eda3bfd1425a6dd082bb8b14c22e598','a968d78acfc3211a','123@163.com','123456','2017-02-24 02:12:03','2017-02-24 02:01:00','','1234566789966',0,0,'',1,NULL,0,2,NULL),(37,NULL,'xiancootalk','test05','test05','','2fc82452ded20bdf18b54545bd7d103e8b60ba0c','80e8deefbdb8ac64','123@163.com','123','2017-02-24 09:39:06','2017-02-24 09:28:01','','123456',0,0,'',1,NULL,0,0,NULL),(38,NULL,'北京信威','admin0099','yxg','','f76b6b087ba8dde63305cff0a24ed11366846267','892cc50162900396','yxg@xinwei.com','13810230319','2017-02-27 06:32:32','2017-02-27 06:21:15','','123456789101223123',0,0,'',1,NULL,0,0,NULL),(39,NULL,'xinwei1','TESTT','TESTT','','98ddc51dfb7b5b75a5194e1636a70619cdc4c1b4','caba7d26cf849605','','15900000000','2017-03-01 05:52:01','2017-03-01 05:40:35','','',0,0,'',1,NULL,0,0,NULL),(40,NULL,'xinwei1','test001','test001','','4f9268f0b1b6605e2a47ad7cbae980b93dab0594','f82dd20a2f6c16fe','','123456456','2017-03-01 05:54:55','2017-03-01 05:43:29','','',0,0,'',1,NULL,0,0,NULL),(41,NULL,'xinwei1','TEST11','TEST11','','70edb4b45a85d6149bc02aeec306f866d8499272','37f9bcc18ee467fb','','15900000000','2017-03-01 06:05:38','2017-03-01 05:54:12','','',0,0,'',1,NULL,0,0,NULL),(42,NULL,'xinwei1','1111111111111111','1111111111','','bd016602150b149e72d388f4853720c71d94352f','dd04956cd3fd483a','','11111111111','2017-03-01 06:06:06','2017-03-01 05:54:40','','',0,0,'',1,NULL,0,0,NULL),(43,NULL,'xinwei1','TEST333','TEST333','','172cdc454647e5dad61a816c86bcacd29c4bdccf','ce145085f0d4bf20','','123456','2017-03-01 06:11:31','2017-03-01 06:00:05','','',0,0,'',1,NULL,0,0,NULL),(44,NULL,'xinwei1','testtttt','testtttt','','78c074bdbe3487e18a32452cca1e92dd6a10e7f8','16f97902eb0c696f','','123456','2017-03-01 07:57:00','2017-03-01 07:45:34','','',0,0,'',1,NULL,0,1,NULL),(45,NULL,'shenzhenxinwei','xjkTest04','xjkTest04','','6a4b08f6c0b6b1ec9f23a4dda6dc4df63d2a3781','3bcca3defe67d4cf','123@163.com','123','2017-03-01 09:43:03','2017-03-01 09:31:36','','123456789',0,0,'',1,NULL,0,1,NULL),(46,NULL,'xinwei1','xjkTest05','xjkTest05','','65ed4dfda6cb811a3f55864e620c280494bb43fe','a7b341cfae7f5c48','123@163.com','123','2017-03-01 09:52:29','2017-03-01 09:41:03','','12345678987654321',0,0,'',1,NULL,0,0,NULL),(47,NULL,'beijingxinwei2','xjkTest06','xjkTest06','','d720f96425f3275d713608acec283f9a7150b76d','203e7cda95a4d898','123@163.com','123','2017-03-01 10:03:16','2017-03-01 09:51:50','','123456',0,0,'',1,NULL,0,1,NULL),(48,NULL,'beijingxinwei3','xjkTest07','xjkTest07','','944550ac6c85268eb817fe43675cf3c76433c800','9897044765f8d45c','123@163.com','123','2017-03-02 01:08:26','2017-03-02 00:57:51','','123456789',0,0,'',1,NULL,0,1,NULL),(49,NULL,'beijingxinwei5','xjkTest08','xjkTest08','','6954676228dcfe4d2b66e97e8455c80fa4e80f08','95eca4ed18bb3b46','123@163.com','123','2017-03-02 01:47:26','2017-03-02 01:37:02','','123456',0,0,'',1,NULL,0,1,NULL),(50,NULL,'重庆信威','threeleader2','threeleader2','','880ce9b99a487295248cfade0d2cd2220f3a9aef','fc67c485fabcfa5f','','123456','2017-03-02 13:05:38','2017-03-02 12:55:07','','',0,0,'',1,NULL,0,1,NULL),(51,NULL,'测试李国强','lgq','lgq','','7a811a0795028da598a7b690ee213f7a31fd1a99','a4b336475379f34d','adfadsf@163.com','113123132','2017-03-08 05:17:41','2017-03-08 05:06:46','','',0,0,'',1,NULL,0,0,NULL),(52,NULL,'ceshi','lgq1','lgq1','','f15fe22c70ce4beeee64ea9c065025e8255809ac','7e9c31775c00b413','','1123123','2017-03-08 05:19:48','2017-03-08 05:08:52','','',0,0,'',1,NULL,0,1,NULL),(53,NULL,'xinwei1','liangxuejiao','liangxuejiao','','8a606d4ddd849a7b5a5ca8e826cf725cd8b321d7','775eb4906347f399','','15201179678','2017-03-20 22:58:55','2017-03-22 08:14:25','','',0,1,'',1,NULL,0,1,NULL),(54,NULL,'xinwei1','zhangxuan','zhangxuan','','2e2df045bf72ebd3f73970b33726acc97a27fb52','828f914b8d781645','','123456','2017-03-20 23:34:56','2017-03-22 08:01:45','','',0,0,'',1,NULL,0,1,NULL),(55,NULL,'北京信威','fangping','fangping','','97ed6a14444add922b27cf479c71c15feda5d124','be6622d0acbff495','sadsd@163.com','1','2017-03-20 23:49:32','2017-03-22 07:33:57','','dfdsf',0,0,'',1,NULL,0,1,NULL),(56,NULL,'xinwei1','zhangxuan1','zhangxuan1','','f696b71f3f3718035953fd09efd2a6b366bf8386','c789e2a2db1ba0b9','','123456','2017-03-21 00:19:52','2017-03-22 08:10:29','','',0,0,'',1,NULL,0,1,NULL),(57,NULL,'xinwei1','hanrong','hanrong','','b843d87ca84271d1b2a25d61ec17b42336cad963','efba8c927b3baddb','hanyong@163.com','1345356464567565','2017-03-21 03:04:58','2017-03-22 10:51:34','','4324234234234',0,0,'',1,NULL,0,1,NULL),(58,NULL,'北京信威','fpc','fpc','','da319edca784fcbb768a2444257053586d00331f','906d29ce9866e6e1','','154565413','2017-03-21 21:31:13','2017-03-23 05:15:33','','4303546516',0,0,'',1,NULL,0,1,NULL),(59,NULL,'北京信威','fpoa','fpoa','','f3076fe31194cd8732f221c1cb424f79286e825d','5c20776001cc7262','','2342434','2017-03-21 21:39:31','2017-03-23 05:23:51','','',0,0,'',1,NULL,0,1,NULL),(60,NULL,'北京信威','mayanyan','mayanyan','','a5f5ead494b2322b4f7339ebe5d9c36a576c56b1','027c47077f7d4986','234@163.com','3435234','2017-03-22 19:19:47','2017-03-24 03:04:01','','234234',0,1,'',1,NULL,0,1,NULL),(61,NULL,'北京信威','lixuan','lixuan','','167ec71e6cdddd617dc046de0423eac2671be443','6f8a6c388b78084d','234@163.com','34534553','2017-03-22 19:21:44','2017-03-24 03:05:59','','234125',0,0,'',1,NULL,0,1,NULL),(62,NULL,'北京信威','liuhao','liuhao','','346a472d35f804ae6822115d12415b7d7315e9df','5e27e9ba6a6e7fd5','liuhao@163.com','34536456','2017-03-22 19:24:12','2017-03-24 03:08:26','','wrqrwe3245534',0,0,'',1,NULL,0,1,NULL),(63,NULL,'北京信威','duanbokan','duanbokan','','55e2db4369f28afc91922a1f0198fd5057d65e6c','33831dae4b5cf550','duanbokan@163.com','345345','2017-03-22 19:25:16','2017-03-24 03:09:30','','353464565',0,0,'',1,NULL,0,1,NULL),(64,NULL,'北京信威','fpob','fpob','','ed2add5e60ac3a18dde1b38b865e422125cad65f','880ef42d0c9c4a36','fpob@163.com','345252345','2017-03-22 22:27:09','2017-03-24 06:11:23','','23425454556',0,0,'',1,NULL,0,1,NULL),(65,NULL,'北京信威','fpoc','fpoc','','ed3f0efd4d7e63a92d07e10d02d13ab4aa53360b','092428c46a8957e4','fpoc@163.com','333333333333','2017-03-22 22:28:00','2017-03-24 06:12:14','','3434767',0,0,'',1,NULL,0,1,NULL),(66,NULL,'政府部门','fucaijinManager','福彩金项目管理人员','','65216fba2e4c397e074761a6d9adbf0a1452cfaf','8e912f7bff65de38','','00000000','2017-05-15 15:44:48','2017-05-15 15:44:48','','',0,0,'',0,NULL,0,1,NULL),(67,NULL,'政府部门','fucaijinpublisher','福彩金项目需求发布','','fef9315fab2f938c859398b0249a154b485e54f9','838ba143171dca1b','','00000000','2017-05-15 15:48:11','2017-05-15 15:48:11','','',0,0,'',0,NULL,0,1,NULL),(68,NULL,'北京春泽社会服务能力促进与评估中心','chunzepm','春泽项目负责人','','d362b2812c83a8aeeb5ec9bfc5c6b58b355357fa','1a43621973984e7e','05018@bnu.edu.cn','18601002393','2017-05-15 16:41:27','2017-05-15 18:11:02','','',0,0,'',0,NULL,0,0,NULL),(69,NULL,'北京华夏慧治信息科技有限公司','huaxiahuizhipm','北京华夏慧治','','5d7bdae3c2fa467fb7c471f5d0ce26fc0df3e958','dc772c449b86862a','','1111111111','2017-05-15 17:06:51','2017-05-15 17:06:51','','',0,0,'',0,NULL,0,0,NULL),(70,NULL,NULL,'qiyue2017','侯珺','','2b0a02cd385356decd09bdd92690253589cfdd5c','0386075001c3085a','','13810892682','2017-05-16 00:24:48','2017-05-16 00:24:48','','',0,1,'',0,NULL,0,1,NULL),(71,NULL,NULL,'chunzepm1','北京春泽项目负责人1','','6534d3dbe11bdde9255c13948321c33bed4a423c','8e8654c85dad7612','','11111','2017-05-16 18:14:17','2017-05-16 18:14:17','','',0,0,'',0,NULL,0,1,NULL),(72,NULL,NULL,'chunzeli','北京春泽福彩金项目负责人','','8ca3b81264befac097ed09e690d7cecbaaf4d9f9','31b5638a4acf2a07','','1111111111111111111111','2017-05-16 18:55:06','2017-05-16 18:55:07','','',0,0,'',0,NULL,0,1,NULL),(73,NULL,NULL,'chunzeliu','北京春泽福彩金项目负责人','','b70402b2b4342b5c472773a1d99394d55a443a5d','f7a1ffb592d872fa','','123456','2017-05-16 19:06:17','2017-05-16 19:06:17','','',0,0,'',0,NULL,0,1,NULL),(74,NULL,NULL,'lymbnu','lym','','77f1bc14a919fa066f77ab8ee66aa2f79cd30e61','343a71a43667e149','','18810644198','2017-05-17 02:11:36','2017-05-17 02:11:36','','',0,1,'',0,NULL,0,1,NULL),(75,NULL,NULL,'yuanyue','袁玥','','f7ca29d13199b022d8404178ca9a2dc9010d2f8a','fc79de955d209ad8','','13241681713','2017-05-17 02:34:12','2017-05-17 02:34:12','','',0,1,'',0,NULL,0,1,NULL);
/*!40000 ALTER TABLE `security_user` ENABLE KEYS */;
UNLOCK TABLES;

--
-- Table structure for table `security_user_role`
--

DROP TABLE IF EXISTS `security_user_role`;
/*!40101 SET @saved_cs_client     = @@character_set_client */;
/*!40101 SET character_set_client = utf8 */;
CREATE TABLE `security_user_role` (
  `id` int(11) NOT NULL AUTO_INCREMENT,
  `user_id` int(11) NOT NULL COMMENT '用户id',
  `role_id` int(11) NOT NULL COMMENT '角色id',
  PRIMARY KEY (`id`)
) ENGINE=MyISAM AUTO_INCREMENT=134 DEFAULT CHARSET=utf8 COMMENT='用户角色表';
/*!40101 SET character_set_client = @saved_cs_client */;

--
-- Dumping data for table `security_user_role`
--

LOCK TABLES `security_user_role` WRITE;
/*!40000 ALTER TABLE `security_user_role` DISABLE KEYS */;
INSERT INTO `security_user_role` VALUES (1,1,1),(40,5,15),(113,4,14),(115,6,17),(133,7,16),(11,9,18),(114,66,15),(38,34,22),(109,10,19),(132,75,14),(131,74,14),(128,73,14),(126,72,14),(124,71,14),(122,70,14),(119,69,21),(120,68,14),(116,67,28);
/*!40000 ALTER TABLE `security_user_role` ENABLE KEYS */;
UNLOCK TABLES;

--
-- Table structure for table `tb_annex_type`
--

DROP TABLE IF EXISTS `tb_annex_type`;
/*!40101 SET @saved_cs_client     = @@character_set_client */;
/*!40101 SET character_set_client = utf8 */;
CREATE TABLE `tb_annex_type` (
  `type_id` bigint(20) NOT NULL,
  `type_name` varchar(255) DEFAULT NULL,
  `description` varchar(1024) DEFAULT NULL,
  PRIMARY KEY (`type_id`)
) ENGINE=InnoDB DEFAULT CHARSET=utf8;
/*!40101 SET character_set_client = @saved_cs_client */;

--
-- Dumping data for table `tb_annex_type`
--

LOCK TABLES `tb_annex_type` WRITE;
/*!40000 ALTER TABLE `tb_annex_type` DISABLE KEYS */;
INSERT INTO `tb_annex_type` VALUES (1000,'typeName2','description2');
/*!40000 ALTER TABLE `tb_annex_type` ENABLE KEYS */;
UNLOCK TABLES;

--
-- Table structure for table `tb_committee_approval`
--

DROP TABLE IF EXISTS `tb_committee_approval`;
/*!40101 SET @saved_cs_client     = @@character_set_client */;
/*!40101 SET character_set_client = utf8 */;
CREATE TABLE `tb_committee_approval` (
  `record_id` bigint(20) NOT NULL,
  `project_id` bigint(20) DEFAULT NULL,
  `stage` varchar(255) DEFAULT NULL,
  `time` timestamp NULL DEFAULT NULL,
  `conclusion` varchar(1024) DEFAULT NULL,
  `comments` varchar(1024) DEFAULT NULL,
  `user_id` bigint(20) DEFAULT NULL,
  PRIMARY KEY (`record_id`),
  KEY `idx_committee_pId_stage_time` (`project_id`,`stage`,`time`) USING BTREE
) ENGINE=InnoDB DEFAULT CHARSET=utf8;
/*!40101 SET character_set_client = @saved_cs_client */;

--
-- Dumping data for table `tb_committee_approval`
--

LOCK TABLES `tb_committee_approval` WRITE;
/*!40000 ALTER TABLE `tb_committee_approval` DISABLE KEYS */;
/*!40000 ALTER TABLE `tb_committee_approval` ENABLE KEYS */;
UNLOCK TABLES;

--
-- Table structure for table `tb_common_biz`
--

DROP TABLE IF EXISTS `tb_common_biz`;
/*!40101 SET @saved_cs_client     = @@character_set_client */;
/*!40101 SET character_set_client = utf8 */;
CREATE TABLE `tb_common_biz` (
  `data_id` varchar(64) NOT NULL DEFAULT '',
  `project_category` varchar(32) DEFAULT NULL,
  `project_id` bigint(20) NOT NULL,
  `project_name` varchar(255) DEFAULT NULL COMMENT '项目名称',
  `service_type` varchar(255) DEFAULT NULL,
  `create_person` varchar(16) DEFAULT NULL,
  `create_person_name` varchar(64) DEFAULT NULL,
  `create_time` timestamp NULL DEFAULT NULL,
  `update_person` varchar(16) DEFAULT NULL,
  `update_time` timestamp NULL DEFAULT NULL,
  `result` varchar(255) DEFAULT NULL,
  `service_owner` varchar(64) DEFAULT NULL,
  `process_instance_id` varchar(64) DEFAULT NULL,
  `task_id` varchar(64) DEFAULT NULL,
  `ext_activiti_info` varchar(255) DEFAULT NULL,
  `status` varchar(255) DEFAULT NULL,
  `ext_status` varchar(255) DEFAULT NULL,
  `data1` longtext,
  `data2` longtext,
  `data3` longtext,
  `data4` longtext,
  `data5` longtext,
  `data6` longtext,
  `data7` longtext,
  `data8` longtext,
  `data9` longtext,
  `data10` longtext,
  PRIMARY KEY (`data_id`),
  KEY `idx_commonbiz_pId_type` (`project_id`,`service_type`) USING BTREE,
  KEY `idx_commonbiz_category_type` (`project_category`,`service_type`) USING BTREE
) ENGINE=InnoDB DEFAULT CHARSET=utf8;
/*!40101 SET character_set_client = @saved_cs_client */;

--
-- Dumping data for table `tb_common_biz`
--

LOCK TABLES `tb_common_biz` WRITE;
/*!40000 ALTER TABLE `tb_common_biz` DISABLE KEYS */;
INSERT INTO `tb_common_biz` VALUES ('201703251632302204','1',1000449,'xjkshenbao_01','officerApproval','5','offercerAbc','2017-03-25 08:32:30',NULL,NULL,'{\"result\":0,\"comment\":\"\",\"type\":\"approve\",\"isAttach\":0}','6,58','1777501','1777525',NULL,NULL,NULL,NULL,'[{\"annexId\":1001060,\"annexName\":\"2017-03-25-16-32-29_wlyx.docx\",\"originalFilename\":\"网络营销.docx\",\"typeId\":1,\"projectId\":null,\"path\":\"2017-03-25-16-32-29_wlyx.docx\",\"userId\":\"5\",\"uploadTime\":\"2017-03-25 16:32:29\"}]',NULL,NULL,NULL,NULL,NULL,NULL,'{\"cycle\":\"\",\"unit\":\"day\"}','[{\"roleType\":0,\"privilege\":0,\"id\":17,\"name\":\"决策委员会\"}]'),('201703251640042205','1',1000449,'xjkshenbao_01','committeeApproval','6','committeeA','2017-03-25 08:40:04',NULL,NULL,'{\"result\":0,\"comment\":\"tongyi\",\"type\":\"approve\",\"isAttach\":0}','6,58','1777501','1777543',NULL,NULL,NULL,NULL,'[{\"annexId\":1001061,\"annexName\":\"2017-03-25-16-40-03_jcyhbmdydxgfw.txt\",\"originalFilename\":\"检查用户别名调用的相关服务.txt\",\"typeId\":1,\"projectId\":null,\"path\":\"2017-03-25-16-40-03_jcyhbmdydxgfw.txt\",\"userId\":\"6\",\"uploadTime\":\"2017-03-25 16:40:03\"}]',NULL,NULL,NULL,NULL,NULL,NULL,'{\"cycle\":\"\",\"unit\":\"day\"}',''),('201703251642152206','1',1000449,'xjkshenbao_01','departleaderApproval','7','departLeaderA','2017-03-25 08:42:15',NULL,NULL,'{\"result\":0,\"comment\":\"tongyi\",\"type\":\"approve\",\"isAttach\":0}','6','1777501','1780018',NULL,NULL,NULL,NULL,'[{\"annexId\":1001062,\"annexName\":\"2017-03-25-16-42-14_feiqiuhmd.txt\",\"originalFilename\":\"feiqiu号码段.txt\",\"typeId\":1,\"projectId\":null,\"path\":\"2017-03-25-16-42-14_feiqiuhmd.txt\",\"userId\":\"7\",\"uploadTime\":\"2017-03-25 16:42:14\"}]',NULL,NULL,NULL,NULL,NULL,NULL,'{\"cycle\":\"ag\",\"unit\":\"day\"}',''),('201703251645582207','1',1000449,'xjkshenbao_01','submitMonthlyCheck','6','committeeA','2017-03-25 08:45:58',NULL,NULL,'{\"result\":0}','6','1777501','1697590',NULL,NULL,NULL,'{\"score\":\"345\",\"reviewNum\":\"234\",\"fileNum\":\"232\",\"codeNum\":\"22\",\"whetherAdjust\":\"23\",\"adjustBefore\":\"2\",\"adjustAfter\":\"23\",\"adjustWhy\":\"323\",\"opinion\":\"23\",\"examine\":\"23\"}',NULL,NULL,NULL,NULL,NULL,NULL,NULL,NULL,NULL),('201703251646372208','1',1000449,'xjkshenbao_01','submitMonthlyReport','4','projectManagerA','2017-03-25 08:46:37',NULL,NULL,'{\"result\":0}','6','1777501','1697594',NULL,NULL,NULL,'[{\"id\":\"001\",\"type\":\"radio\",\"title\":\"ad\",\"required\":true,\"time\":\"20170325\",\"content\":\"aad\",\"produce\":\"ada12\",\"reviewTimes\":\"1\",\"codeTimes\":\"1\",\"$$hashKey\":\"object:117\"},{\"id\":\"002\",\"type\":\"radio\",\"title\":\"22\",\"required\":true,\"time\":\"1\",\"content\":\"1212\",\"produce\":\"1\",\"reviewTimes\":\"1\",\"codeTimes\":\"1\",\"$$hashKey\":\"object:118\"}]','{\"specialExplain\":\"11\",\"innovation\":\"2\",\"changeConditions\":\"2\",\"riskDescription\":\"1\",\"summary\":\"12\",\"improvementPlan\":\"12\"}',NULL,NULL,NULL,NULL,NULL,NULL,NULL,NULL),('201703251650452209','1',1000449,'xjkshenbao_01','submitMonthlyCheck','6','committeeA','2017-03-25 08:50:45',NULL,NULL,'{\"result\":0}','6','1777501','1697600',NULL,NULL,NULL,'{\"score\":\"234\",\"reviewNum\":\"31\",\"fileNum\":\"12\",\"codeNum\":\"12\",\"whetherAdjust\":\"12\",\"adjustBefore\":\"12\",\"adjustAfter\":\"12\",\"adjustWhy\":\"12\",\"opinion\":\"1212\",\"examine\":\"12\"}',NULL,NULL,NULL,NULL,NULL,NULL,NULL,NULL,NULL),('201703251651192210','1',1000449,'xjkshenbao_01','submitMonthlyReport','4','projectManagerA','2017-03-25 08:51:19',NULL,NULL,'{\"result\":0}','6','1777501','1697604',NULL,NULL,NULL,'[{\"id\":\"001\",\"type\":\"radio\",\"title\":\"12\",\"required\":true,\"time\":\"12\",\"content\":\"12\",\"produce\":\"1\",\"reviewTimes\":\"21\",\"codeTimes\":\"21\",\"$$hashKey\":\"object:117\"},{\"id\":\"002\",\"type\":\"radio\",\"title\":\"12\",\"required\":true,\"time\":\"12\",\"content\":\"12\",\"produce\":\"12\",\"reviewTimes\":\"12\",\"codeTimes\":\"12\",\"$$hashKey\":\"object:118\"}]','{\"specialExplain\":\"12\",\"innovation\":\"12\",\"changeConditions\":\"12\",\"riskDescription\":\"12\",\"summary\":\"12\",\"improvementPlan\":\"12\"}',NULL,NULL,NULL,NULL,NULL,NULL,NULL,NULL),('201703251652392211','1',1000449,'xjkshenbao_01','submitMonthlyReport','4','projectManagerA','2017-03-25 08:52:39',NULL,NULL,'{\"result\":0}','6','1777501','1697614',NULL,NULL,NULL,'[{\"id\":\"001\",\"type\":\"radio\",\"title\":\"as\",\"required\":true,\"time\":\"asd\",\"content\":\"das\",\"produce\":\"da\",\"reviewTimes\":\"12\",\"codeTimes\":\"12\",\"$$hashKey\":\"object:117\"}]','{\"specialExplain\":\"12\",\"innovation\":\"12\",\"changeConditions\":\"12\",\"riskDescription\":\"12\",\"summary\":\"12\",\"improvementPlan\":\"12\"}',NULL,NULL,NULL,NULL,NULL,NULL,NULL,NULL),('201703251653392212','1',1000449,'xjkshenbao_01','submitMonthlyCheck','6','committeeA','2017-03-25 08:53:39',NULL,NULL,'{\"result\":0}','6','1777501','1697610',NULL,NULL,NULL,'{\"score\":\"12\",\"reviewNum\":\"212\",\"fileNum\":\"12\",\"codeNum\":\"12\",\"whetherAdjust\":\"12\",\"adjustBefore\":\"12\",\"adjustAfter\":\"12\",\"adjustWhy\":\"12\",\"opinion\":\"12\",\"examine\":\"12\"}',NULL,NULL,NULL,NULL,NULL,NULL,NULL,NULL,NULL),('201703251655102213','1',1000449,'xjkshenbao_01','pmSubmitMIdMaterial','4','projectManagerA','2017-03-25 08:55:10',NULL,NULL,'{\"result\":0,\"comment\":\"\",\"type\":\"file\"}','6','1777501','1780044',NULL,NULL,NULL,NULL,'[{\"annexId\":1001063,\"annexName\":\"2017-03-25-16-55-10_jcyhbmdydxgfw.txt\",\"originalFilename\":\"检查用户别名调用的相关服务.txt\",\"typeId\":1,\"projectId\":null,\"path\":\"2017-03-25-16-55-10_jcyhbmdydxgfw.txt\",\"userId\":\"4\",\"uploadTime\":\"2017-03-25 16:55:10\"}]',NULL,NULL,NULL,NULL,NULL,NULL,NULL,NULL),('201703251656282214','1',1000449,'xjkshenbao_01','DispatcherMidMaster','5','offercerAbc','2017-03-25 08:56:28',NULL,NULL,'{\"result\":0,\"comment\":\"\"}','6','1777501','1780093',NULL,NULL,NULL,'[{\"expert\":\"as\"}]',NULL,NULL,NULL,NULL,NULL,NULL,NULL,NULL,NULL),('201703251657482215','1',1000449,'xjkshenbao_01','midApprovalReport','4','projectManagerA','2017-03-25 08:57:48',NULL,NULL,'{\"result\":0,\"comment\":\"\",\"type\":\"file\"}','6','1777501','1780115',NULL,NULL,NULL,NULL,'[{\"annexId\":1001065,\"annexName\":\"2017-03-25-16-57-47_wlyx.docx\",\"originalFilename\":\"网络营销.docx\",\"typeId\":1,\"projectId\":null,\"path\":\"2017-03-25-16-57-47_wlyx.docx\",\"userId\":\"4\",\"uploadTime\":\"2017-03-25 16:57:47\"}]',NULL,NULL,NULL,NULL,NULL,NULL,NULL,NULL),('201703251701102216','1',1000449,'xjkshenbao_01','inputMidGrade','5','offercerAbc','2017-03-25 09:01:10',NULL,NULL,'{\"result\":0,\"comment\":\"\"}','6','1777501','1780137',NULL,NULL,NULL,'{\"score\":2}','',NULL,NULL,NULL,NULL,NULL,NULL,NULL,NULL),('201703251701342217','1',1000449,'xjkshenbao_01','midCommitteeApproval','6','committeeA','2017-03-25 09:01:34',NULL,NULL,'{\"result\":0,\"comment\":\"ric\",\"type\":\"approve\",\"isAttach\":0}','6','1777501','1780161',NULL,NULL,NULL,NULL,'[{\"annexId\":1001066,\"annexName\":\"2017-03-25-17-01-32_jcyhbmdydxgfw.txt\",\"originalFilename\":\"检查用户别名调用的相关服务.txt\",\"typeId\":1,\"projectId\":null,\"path\":\"2017-03-25-17-01-32_jcyhbmdydxgfw.txt\",\"userId\":\"6\",\"uploadTime\":\"2017-03-25 17:01:32\"}]',NULL,NULL,NULL,NULL,NULL,NULL,'{\"cycle\":\"\",\"unit\":\"day\"}',''),('201703251708472218','1',1000449,'xjkshenbao_01','departleaderMidApproval','7','departLeaderA','2017-03-25 09:08:47',NULL,NULL,'{\"result\":0,\"comment\":\"tognguo\",\"type\":\"approve\",\"isAttach\":0}','6','1777501','1780188',NULL,NULL,NULL,NULL,'[{\"annexId\":1001067,\"annexName\":\"2017-03-25-17-08-47_jqzxxgfa.doc\",\"originalFilename\":\"鉴权中心修改方案.doc\",\"typeId\":1,\"projectId\":null,\"path\":\"2017-03-25-17-08-47_jqzxxgfa.doc\",\"userId\":\"7\",\"uploadTime\":\"2017-03-25 17:08:47\"}]',NULL,NULL,NULL,NULL,NULL,NULL,'{\"cycle\":\"\",\"unit\":\"day\"}',''),('201703251709112219','1',1000449,'xjkshenbao_01','pmSubmitEndMaterial','4','projectManagerA','2017-03-25 09:09:11',NULL,NULL,'{\"result\":0,\"comment\":\"\",\"type\":\"file\"}','6','1777501','1780215',NULL,NULL,NULL,NULL,'[{\"annexId\":1001068,\"annexName\":\"2017-03-25-17-09-10_jcyhbmdydxgfw.txt\",\"originalFilename\":\"检查用户别名调用的相关服务.txt\",\"typeId\":1,\"projectId\":null,\"path\":\"2017-03-25-17-09-10_jcyhbmdydxgfw.txt\",\"userId\":\"4\",\"uploadTime\":\"2017-03-25 17:09:10\"}]',NULL,NULL,NULL,NULL,NULL,NULL,NULL,NULL),('201703251709312220','1',1000449,'xjkshenbao_01','DispatcherEndMaster','5','offercerAbc','2017-03-25 09:09:31',NULL,NULL,'{\"result\":0,\"comment\":\"\"}','6','1777501','1780241',NULL,NULL,NULL,'[{\"expert\":\"aa\"}]',NULL,NULL,NULL,NULL,NULL,NULL,NULL,NULL,NULL),('201703251710002221','1',1000449,'xjkshenbao_01','endApprovalReport','4','projectManagerA','2017-03-25 09:10:00',NULL,NULL,'{\"result\":0,\"comment\":\"\",\"type\":\"file\"}','6','1777501','1780269',NULL,NULL,NULL,NULL,'[{\"annexId\":1001069,\"annexName\":\"2017-03-25-17-10-00_wlyx.docx\",\"originalFilename\":\"网络营销.docx\",\"typeId\":1,\"projectId\":null,\"path\":\"2017-03-25-17-10-00_wlyx.docx\",\"userId\":\"4\",\"uploadTime\":\"2017-03-25 17:10:00\"}]',NULL,NULL,NULL,NULL,NULL,NULL,NULL,NULL),('201703251710322222','1',1000449,'xjkshenbao_01','inputEndGrade','5','offercerAbc','2017-03-25 09:10:32',NULL,NULL,'{\"result\":0,\"comment\":\"\"}','6','1777501','1780297',NULL,NULL,NULL,'{\"score\":2}','',NULL,NULL,NULL,NULL,NULL,NULL,NULL,NULL),('201703251710502223','1',1000449,'xjkshenbao_01','committeeEndApproval','6','committeeA','2017-03-25 09:10:50',NULL,NULL,'{\"result\":0,\"comment\":\"tongyi\",\"type\":\"approve\"}','6','1777501','1780327',NULL,NULL,NULL,NULL,'',NULL,NULL,NULL,NULL,NULL,NULL,'{\"cycle\":\"\",\"unit\":\"day\"}',''),('201703251711222224','1',1000449,'xjkshenbao_01','departleaderEndApproval','7','departLeaderA','2017-03-25 09:11:22',NULL,NULL,'{\"result\":0,\"comment\":\"tognyi\",\"type\":\"approve\"}','6','1777501','1780360',NULL,NULL,NULL,NULL,'',NULL,NULL,NULL,NULL,NULL,NULL,'{\"cycle\":\"\",\"unit\":\"day\"}',''),('201703251711512225','1',1000449,'xjkshenbao_01','submitMonthlyCheck','6','committeeA','2017-03-25 09:11:51',NULL,NULL,'{\"result\":0}','6','1777501','1697620',NULL,NULL,NULL,'{\"score\":\"2342\",\"reviewNum\":\"23\",\"fileNum\":\"32\",\"codeNum\":\"23\",\"whetherAdjust\":\"232\",\"adjustBefore\":\"32\",\"adjustAfter\":\"23\",\"adjustWhy\":\"23\",\"opinion\":\"323\",\"examine\":\"23\"}',NULL,NULL,NULL,NULL,NULL,NULL,NULL,NULL,NULL),('201703251712172226','1',1000449,'xjkshenbao_01','submitMonthlyReport','4','projectManagerA','2017-03-25 09:12:17',NULL,NULL,'{\"result\":0}','6','1777501','1697624',NULL,NULL,NULL,'[{\"id\":\"001\",\"type\":\"radio\",\"title\":\"da\",\"required\":true,\"time\":\"a\",\"content\":\"d\",\"produce\":\"ad\",\"reviewTimes\":\"2\",\"codeTimes\":\"2\",\"$$hashKey\":\"object:117\"}]','{\"specialExplain\":\"2\",\"innovation\":\"23\",\"changeConditions\":\"323\",\"riskDescription\":\"2\",\"summary\":\"23\",\"improvementPlan\":\"23\"}',NULL,NULL,NULL,NULL,NULL,NULL,NULL,NULL),('201703251712312227','1',1000449,'xjkshenbao_01','PMSelfConclusion','4','projectManagerA','2017-03-25 09:12:31',NULL,NULL,'{\"result\":0,\"comment\":\"wew\",\"type\":\"approve\",\"isAttach\":0}','6','1777501','1780398',NULL,NULL,NULL,NULL,'[{\"annexId\":1001070,\"annexName\":\"2017-03-25-17-12-30_wlyx.docx\",\"originalFilename\":\"网络营销.docx\",\"typeId\":1,\"projectId\":null,\"path\":\"2017-03-25-17-12-30_wlyx.docx\",\"userId\":\"4\",\"uploadTime\":\"2017-03-25 17:12:30\"}]',NULL,NULL,NULL,NULL,NULL,NULL,'{\"cycle\":\"\",\"unit\":\"day\"}',''),('201703251712532228','1',1000449,'xjkshenbao_01','departleaderConclusion','7','departLeaderA','2017-03-25 09:12:53',NULL,NULL,'{\"result\":0,\"comment\":\"tongyijiexiang\",\"type\":\"approve\",\"isAttach\":0}','6','1777501','1780429',NULL,NULL,NULL,NULL,'[{\"annexId\":1001071,\"annexName\":\"2017-03-25-17-12-52_wlyx.docx\",\"originalFilename\":\"网络营销.docx\",\"typeId\":1,\"projectId\":null,\"path\":\"2017-03-25-17-12-52_wlyx.docx\",\"userId\":\"7\",\"uploadTime\":\"2017-03-25 17:12:52\"}]',NULL,NULL,NULL,NULL,NULL,NULL,'{\"cycle\":\"\",\"unit\":\"day\"}',''),('201703270926072229','1',1000450,'fpmars003','officerApproval','59','fpoa','2017-03-27 01:26:07',NULL,NULL,'{\"result\":0,\"comment\":\"\",\"type\":\"approve\",\"isAttach\":0}','6,58','1780462','1780486',NULL,NULL,NULL,NULL,'[{\"annexId\":1001075,\"annexName\":\"2017-03-27-09-26-05_myygzzb12261230.docx\",\"originalFilename\":\"马艳燕工作周报1226-1230.docx\",\"typeId\":1,\"projectId\":null,\"path\":\"2017-03-27-09-26-05_myygzzb12261230.docx\",\"userId\":\"59\",\"uploadTime\":\"2017-03-27 09:26:05\"}]',NULL,NULL,NULL,NULL,NULL,NULL,'{\"cycle\":\"\",\"unit\":\"day\"}','[{\"roleType\":1,\"privilege\":0,\"id\":\"58\",\"name\":\"fpc\"},{\"roleType\":1,\"privilege\":0,\"id\":\"6\",\"name\":\"committeeA\"}]'),('201703270947092230','1',1000450,'fpmars003','committeeApproval','58','fpc','2017-03-27 01:47:09',NULL,NULL,'{\"result\":0,\"comment\":\"决策委员会审批-决策委员会审批-fpc-ty\",\"type\":\"approve\",\"isAttach\":0}',NULL,'1780462','1780505',NULL,NULL,NULL,NULL,'[{\"annexId\":1001076,\"annexName\":\"2017-03-27-09-47-09_xyrzgzxxzbcxx2016122620161230.docx\",\"originalFilename\":\"新员入职工作学习周报-常小雪-(20161226-20161230).docx\",\"typeId\":1,\"projectId\":null,\"path\":\"2017-03-27-09-47-09_xyrzgzxxzbcxx2016122620161230.docx\",\"userId\":\"58\",\"uploadTime\":\"2017-03-27 09:47:09\"}]',NULL,NULL,NULL,NULL,NULL,NULL,'{\"cycle\":\"\",\"unit\":\"day\"}',''),('201703270952152231','1',1000450,'fpmars003','departleaderApproval','53','liangxuejiao','2017-03-27 01:52:15',NULL,NULL,'{\"result\":0,\"comment\":\"fpmars003-部门经理审批-ty\",\"type\":\"approve\",\"isAttach\":0}','58','1780462','1780527',NULL,NULL,NULL,NULL,'[{\"annexId\":1001077,\"annexName\":\"2017-03-27-09-52-02_xrzygzxxzbhky2016122620161230.docx\",\"originalFilename\":\"新入职员工作学习周报-黄柯叶-（20161226~20161230）.docx\",\"typeId\":1,\"projectId\":null,\"path\":\"2017-03-27-09-52-02_xrzygzxxzbhky2016122620161230.docx\",\"userId\":\"53\",\"uploadTime\":\"2017-03-27 09:52:02\"}]',NULL,NULL,NULL,NULL,NULL,NULL,'{\"cycle\":\"1\",\"unit\":\"day\"}',''),('201703270953592232','1',1000450,'fpmars003','submitMonthlyReport','57','hanrong','2017-03-27 01:53:59',NULL,NULL,'{\"result\":0}','58','1780462','1697635',NULL,NULL,NULL,'[{\"id\":\"001\",\"type\":\"radio\",\"title\":\"\",\"required\":true,\"time\":\"sdfsdf\",\"content\":\"\",\"produce\":\"\",\"reviewTimes\":\"645\",\"codeTimes\":\"\",\"$$hashKey\":\"object:117\"},{\"id\":\"002\",\"type\":\"radio\",\"title\":\"sdf\",\"required\":true,\"time\":\"\",\"content\":\"\",\"produce\":\"\",\"reviewTimes\":\"\",\"codeTimes\":\"\",\"$$hashKey\":\"object:118\"},{\"id\":\"003\",\"type\":\"radio\",\"title\":\"sdf\",\"required\":true,\"time\":\"\",\"content\":\"54\",\"produce\":\"\",\"reviewTimes\":\"454\",\"codeTimes\":\"\",\"$$hashKey\":\"object:119\"},{\"id\":\"005\",\"type\":\"radio\",\"title\":\"sdf\",\"required\":true,\"time\":\"\",\"content\":\"dsf\",\"produce\":\"\",\"reviewTimes\":\"\",\"codeTimes\":\"6\",\"$$hashKey\":\"object:121\"},{\"id\":\"006\",\"type\":\"radio\",\"title\":\"645\",\"required\":true,\"time\":\"6\",\"content\":\"sd\",\"produce\":\"f\",\"reviewTimes\":\"54\",\"codeTimes\":\"54\",\"$$hashKey\":\"object:122\"},{\"id\":\"007\",\"type\":\"radio\",\"title\":\"\",\"required\":true,\"time\":\"\",\"content\":\"\",\"produce\":\"sdf\",\"reviewTimes\":\"\",\"codeTimes\":\"\",\"$$hashKey\":\"object:123\"},{\"id\":\"008\",\"type\":\"radio\",\"title\":\"456\",\"required\":true,\"time\":\"45\",\"content\":\"\",\"produce\":\"\",\"reviewTimes\":\"657\",\"codeTimes\":\"\",\"$$hashKey\":\"object:124\"},{\"id\":\"009\",\"type\":\"radio\",\"title\":\"\",\"required\":true,\"time\":\"46\",\"content\":\"\",\"produce\":\"\",\"reviewTimes\":\"\",\"codeTimes\":\"5465\",\"$$hashKey\":\"object:125\"}]','{\"specialExplain\":\"6\",\"innovation\":\"\",\"changeConditions\":\"4565\",\"riskDescription\":\"45\",\"summary\":\"64545\",\"improvementPlan\":\"\"}',NULL,NULL,NULL,NULL,NULL,NULL,NULL,NULL),('201703270954352233','1',1000450,'fpmars003','pmSubmitMIdMaterial','57','hanrong','2017-03-27 01:54:35',NULL,NULL,'{\"result\":0,\"comment\":\"\",\"type\":\"file\"}','58','1780462','1780553',NULL,NULL,NULL,NULL,'[{\"annexId\":1001078,\"annexName\":\"2017-03-27-09-54-34_myygzzb12261230.docx\",\"originalFilename\":\"马艳燕工作周报1226-1230.docx\",\"typeId\":1,\"projectId\":null,\"path\":\"2017-03-27-09-54-34_myygzzb12261230.docx\",\"userId\":\"57\",\"uploadTime\":\"2017-03-27 09:54:34\"}]',NULL,NULL,NULL,NULL,NULL,NULL,NULL,NULL),('201703270955202234','1',1000450,'fpmars003','DispatcherMidMaster','59','fpoa','2017-03-27 01:55:20',NULL,NULL,'{\"result\":0,\"comment\":\"\"}','58','1780462','1780578',NULL,NULL,NULL,'[{\"expert\":\"a\"}]',NULL,NULL,NULL,NULL,NULL,NULL,NULL,NULL,NULL),('201703270956282235','1',1000450,'fpmars003','midApprovalReport','57','hanrong','2017-03-27 01:56:28',NULL,NULL,'{\"result\":0,\"comment\":\"\",\"type\":\"file\"}','58','1780462','1780599',NULL,NULL,NULL,NULL,'[{\"annexId\":1001079,\"annexName\":\"2017-03-27-09-56-23_lkprzgzxxzb2016122620160101.docx\",\"originalFilename\":\"李康鹏入职工作学习周报（20161226-20160101).docx\",\"typeId\":1,\"projectId\":null,\"path\":\"2017-03-27-09-56-23_lkprzgzxxzb2016122620160101.docx\",\"userId\":\"57\",\"uploadTime\":\"2017-03-27 09:56:23\"}]',NULL,NULL,NULL,NULL,NULL,NULL,NULL,NULL),('201703270957242236','1',1000450,'fpmars003','inputMidGrade','59','fpoa','2017-03-27 01:57:24',NULL,NULL,'{\"result\":0,\"comment\":\"\"}','58','1780462','1780620',NULL,NULL,NULL,'{\"score\":2}','',NULL,NULL,NULL,NULL,NULL,NULL,NULL,NULL),('201703270959252237','1',1000450,'fpmars003','submitMonthlyCheck','58','fpc','2017-03-27 01:59:25',NULL,NULL,'{\"result\":0}','58','1780462','1697630',NULL,NULL,NULL,'{\"score\":\"456\",\"reviewNum\":\"645\",\"fileNum\":\"546\",\"codeNum\":\"6456\",\"whetherAdjust\":\"45\",\"adjustBefore\":\"654gfe\",\"adjustAfter\":\"66sdf\",\"adjustWhy\":\"sdfsd\",\"opinion\":\"45645645sd\",\"examine\":\"第三方对方都是\"}',NULL,NULL,NULL,NULL,NULL,NULL,NULL,NULL,NULL),('201703271000402238','1',1000450,'fpmars003','midCommitteeApproval','58','fpc','2017-03-27 02:00:40',NULL,NULL,'{\"result\":0,\"comment\":\"决策委员会中期评审-ty-fpc\",\"type\":\"approve\",\"isAttach\":0}','58','1780462','1780643',NULL,NULL,NULL,NULL,'[{\"annexId\":1001083,\"annexName\":\"2017-03-27-10-00-35_myygzzb12261230.docx\",\"originalFilename\":\"马艳燕工作周报1226-1230.docx\",\"typeId\":1,\"projectId\":null,\"path\":\"2017-03-27-10-00-35_myygzzb12261230.docx\",\"userId\":\"58\",\"uploadTime\":\"2017-03-27 10:00:35\"}]',NULL,NULL,NULL,NULL,NULL,NULL,'{\"cycle\":\"\",\"unit\":\"day\"}',''),('201703271002452239','1',1000450,'fpmars003','departleaderMidApproval','53','liangxuejiao','2017-03-27 02:02:45',NULL,NULL,'{\"result\":0,\"comment\":\"部门经理审核中期结果-ty\",\"type\":\"approve\",\"isAttach\":0}','58','1780462','1780677',NULL,NULL,NULL,NULL,'[{\"annexId\":1001085,\"annexName\":\"2017-03-27-10-02-44_xrzygzxxzbsxy2016122620161231.docx\",\"originalFilename\":\"新入职员工作学习周报-宋翔宇-（20161226~20161231）.docx\",\"typeId\":1,\"projectId\":null,\"path\":\"2017-03-27-10-02-44_xrzygzxxzbsxy2016122620161231.docx\",\"userId\":\"53\",\"uploadTime\":\"2017-03-27 10:02:44\"}]',NULL,NULL,NULL,NULL,NULL,NULL,'{\"cycle\":\"\",\"unit\":\"day\"}',''),('201703271019412240','1',1000450,'fpmars003','submitMonthlyReport','57','hanrong','2017-03-27 02:19:41',NULL,NULL,'{\"result\":0}','58','1780462','1697645',NULL,NULL,NULL,'[{\"id\":\"001\",\"type\":\"radio\",\"title\":\"\",\"required\":true,\"time\":\"vdgf\",\"content\":\"\",\"produce\":\"\",\"reviewTimes\":\"\",\"codeTimes\":\"\",\"$$hashKey\":\"object:117\"},{\"id\":\"002\",\"type\":\"radio\",\"title\":\"\",\"required\":true,\"time\":\"\",\"content\":\"\",\"produce\":\"\",\"reviewTimes\":\"323435\",\"codeTimes\":\"\",\"$$hashKey\":\"object:118\"},{\"id\":\"003\",\"type\":\"radio\",\"title\":\"dcxv\",\"required\":true,\"time\":\"\",\"content\":\"\",\"produce\":\"\",\"reviewTimes\":\"\",\"codeTimes\":\"\",\"$$hashKey\":\"object:119\"},{\"id\":\"005\",\"type\":\"radio\",\"title\":\"dsf\",\"required\":true,\"time\":\"\",\"content\":\"\",\"produce\":\"sdfedw\",\"reviewTimes\":\"\",\"codeTimes\":\"\",\"$$hashKey\":\"object:121\"},{\"id\":\"006\",\"type\":\"radio\",\"title\":\"\",\"required\":true,\"time\":\"\",\"content\":\"\",\"produce\":\"\",\"reviewTimes\":\"4\",\"codeTimes\":\"\",\"$$hashKey\":\"object:122\"},{\"id\":\"008\",\"type\":\"radio\",\"title\":\"wer\",\"required\":true,\"time\":\"\",\"content\":\"\",\"produce\":\"\",\"reviewTimes\":\"\",\"codeTimes\":\"\",\"$$hashKey\":\"object:124\"},{\"id\":\"009\",\"type\":\"radio\",\"title\":\"\",\"required\":true,\"time\":\"wer\",\"content\":\"er\",\"produce\":\"\",\"reviewTimes\":\"34534\",\"codeTimes\":\"\",\"$$hashKey\":\"object:125\"}]','{\"specialExplain\":\"rwe\",\"innovation\":\"rwrwe\",\"changeConditions\":\"ewr\",\"riskDescription\":\"wer\",\"summary\":\"rwewer\",\"improvementPlan\":\"wer\"}',NULL,NULL,NULL,NULL,NULL,NULL,NULL,NULL),('201703271021072241','1',1000450,'fpmars003','pmSubmitEndMaterial','57','hanrong','2017-03-27 02:21:07',NULL,NULL,'{\"result\":0,\"comment\":\"\",\"type\":\"file\"}','58','1780462','1780704',NULL,NULL,NULL,NULL,'[{\"annexId\":1001086,\"annexName\":\"2017-03-27-10-21-06_xrzygzxxzbhky20161226201612301.docx\",\"originalFilename\":\"新入职员工作学习周报-黄柯叶-（20161226~20161230）(1).docx\",\"typeId\":1,\"projectId\":null,\"path\":\"2017-03-27-10-21-06_xrzygzxxzbhky20161226201612301.docx\",\"userId\":\"57\",\"uploadTime\":\"2017-03-27 10:21:06\"}]',NULL,NULL,NULL,NULL,NULL,NULL,NULL,NULL),('201703271021482242','1',1000450,'fpmars003','DispatcherEndMaster','59','fpoa','2017-03-27 02:21:48',NULL,NULL,'{\"result\":0,\"comment\":\"\"}','58','1780462','1780732',NULL,NULL,NULL,'[{\"expert\":\"sa\"}]',NULL,NULL,NULL,NULL,NULL,NULL,NULL,NULL,NULL),('201703271023162243','1',1000450,'fpmars003','endApprovalReport','57','hanrong','2017-03-27 02:23:16',NULL,NULL,'{\"result\":0,\"comment\":\"\",\"type\":\"file\"}','58','1780462','1780760',NULL,NULL,NULL,NULL,'[{\"annexId\":1001087,\"annexName\":\"2017-03-27-10-23-13_xrzygzxxzbsxy2016122620161231.docx\",\"originalFilename\":\"新入职员工作学习周报-宋翔宇-（20161226~20161231）.docx\",\"typeId\":1,\"projectId\":null,\"path\":\"2017-03-27-10-23-13_xrzygzxxzbsxy2016122620161231.docx\",\"userId\":\"57\",\"uploadTime\":\"2017-03-27 10:23:13\"}]',NULL,NULL,NULL,NULL,NULL,NULL,NULL,NULL),('201703271024322244','1',1000450,'fpmars003','inputEndGrade','59','fpoa','2017-03-27 02:24:32',NULL,NULL,'{\"result\":0,\"comment\":\"\",\"isAttach\":0}','58','1780462','1780788',NULL,NULL,NULL,'{\"score\":2}','[{\"annexId\":1001088,\"annexName\":\"2017-03-27-10-24-30_xyrzgzxxzbcxx2016122620161230.docx\",\"originalFilename\":\"新员入职工作学习周报-常小雪-(20161226-20161230).docx\",\"typeId\":1,\"projectId\":null,\"path\":\"2017-03-27-10-24-30_xyrzgzxxzbcxx2016122620161230.docx\",\"userId\":\"59\",\"uploadTime\":\"2017-03-27 10:24:30\"}]',NULL,NULL,NULL,NULL,NULL,NULL,NULL,NULL),('201703271025322245','1',1000450,'fpmars003','submitMonthlyCheck','58','fpc','2017-03-27 02:25:32',NULL,NULL,'{\"result\":0}','58','1780462','1697641',NULL,NULL,NULL,'{\"score\":\"567\",\"reviewNum\":\"57\",\"fileNum\":\"657\",\"codeNum\":\"767\",\"whetherAdjust\":\"567\",\"adjustBefore\":\"rhf\",\"adjustAfter\":\"gf\",\"adjustWhy\":\"h\",\"opinion\":\"gfhgfh\",\"examine\":\"gdgf\"}',NULL,NULL,NULL,NULL,NULL,NULL,NULL,NULL,NULL),('201703271025482246','1',1000450,'fpmars003','committeeEndApproval','58','fpc','2017-03-27 02:25:48',NULL,NULL,'{\"result\":0,\"comment\":\"sdfsdfsdf\",\"type\":\"approve\",\"isAttach\":0}','58','1780462','1780818',NULL,NULL,NULL,NULL,'[{\"annexId\":1001089,\"annexName\":\"2017-03-27-10-25-45_xrzygzxxzbhky20161226201612301.docx\",\"originalFilename\":\"新入职员工作学习周报-黄柯叶-（20161226~20161230）(1).docx\",\"typeId\":1,\"projectId\":null,\"path\":\"2017-03-27-10-25-45_xrzygzxxzbhky20161226201612301.docx\",\"userId\":\"58\",\"uploadTime\":\"2017-03-27 10:25:45\"}]',NULL,NULL,NULL,NULL,NULL,NULL,'{\"cycle\":\"\",\"unit\":\"day\"}',''),('201703271026402247','1',1000450,'fpmars003','departleaderEndApproval','53','liangxuejiao','2017-03-27 02:26:40',NULL,NULL,'{\"result\":0,\"comment\":\"部门经理审核终期结果-lxj-ty\",\"type\":\"approve\",\"isAttach\":0}','58','1780462','1780857',NULL,NULL,NULL,NULL,'[{\"annexId\":1001090,\"annexName\":\"2017-03-27-10-26-40_myygzzb12261230.docx\",\"originalFilename\":\"马艳燕工作周报1226-1230.docx\",\"typeId\":1,\"projectId\":null,\"path\":\"2017-03-27-10-26-40_myygzzb12261230.docx\",\"userId\":\"53\",\"uploadTime\":\"2017-03-27 10:26:40\"}]',NULL,NULL,NULL,NULL,NULL,NULL,'{\"cycle\":\"\",\"unit\":\"day\"}',''),('201703271028432248','1',1000450,'fpmars003','submitMonthlyCheck','58','fpc','2017-03-27 02:28:43',NULL,NULL,'{\"result\":0}','58','1780462','1697651',NULL,NULL,NULL,'{\"score\":\"677856\",\"reviewNum\":\"567\",\"fileNum\":\"567\",\"codeNum\":\"567657\",\"whetherAdjust\":\"657\",\"adjustBefore\":\"567\",\"adjustAfter\":\"567\",\"adjustWhy\":\"567\",\"opinion\":\"567567\",\"examine\":\"65765\"}',NULL,NULL,NULL,NULL,NULL,NULL,NULL,NULL,NULL),('201703271029182249','1',1000450,'fpmars003','submitMonthlyReport','57','hanrong','2017-03-27 02:29:18',NULL,NULL,'{\"result\":0}','58','1780462','1697655',NULL,NULL,NULL,'[{\"id\":\"001\",\"type\":\"radio\",\"title\":\"\",\"required\":true,\"time\":\"dfg\",\"content\":\"\",\"produce\":\"\",\"reviewTimes\":\"\",\"codeTimes\":\"\",\"$$hashKey\":\"object:117\"},{\"id\":\"002\",\"type\":\"radio\",\"title\":\"dfg\",\"required\":true,\"time\":\"\",\"content\":\"\",\"produce\":\"\",\"reviewTimes\":\"\",\"codeTimes\":\"\",\"$$hashKey\":\"object:118\"},{\"id\":\"003\",\"type\":\"radio\",\"title\":\"\",\"required\":true,\"time\":\"\",\"content\":\"dfgd\",\"produce\":\"\",\"reviewTimes\":\"\",\"codeTimes\":\"\",\"$$hashKey\":\"object:119\"},{\"id\":\"004\",\"type\":\"radio\",\"title\":\"\",\"required\":true,\"time\":\"gsdfg\",\"content\":\"\",\"produce\":\"fg\",\"reviewTimes\":\"\",\"codeTimes\":\"\",\"$$hashKey\":\"object:120\"},{\"id\":\"005\",\"type\":\"radio\",\"title\":\"dfd\",\"required\":true,\"time\":\"f\",\"content\":\"\",\"produce\":\"\",\"reviewTimes\":\"\",\"codeTimes\":\"\",\"$$hashKey\":\"object:121\"},{\"id\":\"006\",\"type\":\"radio\",\"title\":\"fg\",\"required\":true,\"time\":\"dg\",\"content\":\"ds\",\"produce\":\"dsg\",\"reviewTimes\":\"\",\"codeTimes\":\"\",\"$$hashKey\":\"object:122\"},{\"id\":\"007\",\"type\":\"radio\",\"title\":\"\",\"required\":true,\"time\":\"dfsdfa\",\"content\":\"\",\"produce\":\"\",\"reviewTimes\":\"\",\"codeTimes\":\"\",\"$$hashKey\":\"object:123\"},{\"id\":\"008\",\"type\":\"radio\",\"title\":\"\",\"required\":true,\"time\":\"as\",\"content\":\"\",\"produce\":\"\",\"reviewTimes\":\"\",\"codeTimes\":\"\",\"$$hashKey\":\"object:124\"},{\"id\":\"009\",\"type\":\"radio\",\"title\":\"dsaf\",\"required\":true,\"time\":\"f\",\"content\":\"sdfsd\",\"produce\":\"fsd\",\"reviewTimes\":\"\",\"codeTimes\":\"\",\"$$hashKey\":\"object:125\"}]','{\"specialExplain\":\"f\",\"innovation\":\"sdf\",\"changeConditions\":\"sdfsdf\",\"riskDescription\":\"sdf\",\"summary\":\"sdf\",\"improvementPlan\":\"sdfsdf\"}',NULL,NULL,NULL,NULL,NULL,NULL,NULL,NULL),('201703271030102250','1',1000450,'fpmars003','PMSelfConclusion','57','hanrong','2017-03-27 02:30:10',NULL,NULL,'{\"result\":0,\"comment\":\"项目经理自评-sdfsdfjsd;lfjalsssssssssssssssssssss\",\"type\":\"approve\",\"isAttach\":0}','58','1780462','1780895',NULL,NULL,NULL,NULL,'[{\"annexId\":1001091,\"annexName\":\"2017-03-27-10-30-09_2016nbmgzzjhyap.docx\",\"originalFilename\":\"2016年部门工作总结会议安排.docx\",\"typeId\":1,\"projectId\":null,\"path\":\"2017-03-27-10-30-09_2016nbmgzzjhyap.docx\",\"userId\":\"57\",\"uploadTime\":\"2017-03-27 10:30:09\"}]',NULL,NULL,NULL,NULL,NULL,NULL,'{\"cycle\":\"\",\"unit\":\"day\"}',''),('201703271031422251','1',1000450,'fpmars003','departleaderConclusion','53','liangxuejiao','2017-03-27 02:31:42',NULL,NULL,'{\"result\":0,\"comment\":\"部门经理评价--sdfsdflsdjkf\'lkds\'afaaaaaaaaaaaaaaa\",\"type\":\"approve\",\"isAttach\":0}','58','1780462','1780926',NULL,NULL,NULL,NULL,'[{\"annexId\":1001092,\"annexName\":\"2017-03-27-10-31-42_2016nbmgzzjhyap.docx\",\"originalFilename\":\"2016年部门工作总结会议安排.docx\",\"typeId\":1,\"projectId\":null,\"path\":\"2017-03-27-10-31-42_2016nbmgzzjhyap.docx\",\"userId\":\"53\",\"uploadTime\":\"2017-03-27 10:31:42\"}]',NULL,NULL,NULL,NULL,NULL,NULL,'{\"cycle\":\"\",\"unit\":\"day\"}',''),('201703271100072252','1',1000451,'threeleader申报001','officerApproval','59','fpoa','2017-03-27 03:00:07',NULL,NULL,'{\"result\":0,\"comment\":\"\",\"type\":\"approve\",\"isAttach\":0}','6,58','1780959','1780983',NULL,NULL,NULL,NULL,'[{\"annexId\":1001095,\"annexName\":\"2017-03-27-11-00-06_lkprzgzxxzb2016122620160101.docx\",\"originalFilename\":\"李康鹏入职工作学习周报（20161226-20160101).docx\",\"typeId\":1,\"projectId\":null,\"path\":\"2017-03-27-11-00-06_lkprzgzxxzb2016122620160101.docx\",\"userId\":\"59\",\"uploadTime\":\"2017-03-27 11:00:06\"}]',NULL,NULL,NULL,NULL,NULL,NULL,'{\"cycle\":\"\",\"unit\":\"day\"}','[{\"roleType\":1,\"privilege\":0,\"id\":6,\"name\":\"committeeA\"},{\"roleType\":1,\"privilege\":0,\"id\":\"58\",\"name\":\"fpc\"}]'),('201703271319592253','1',1000453,'changguichun-test01','officerApproval','5','offercerAbc','2017-03-27 05:19:59',NULL,NULL,'{\"result\":0,\"comment\":\"\",\"type\":\"approve\"}','6,58','1782501','1782525',NULL,NULL,NULL,NULL,'',NULL,NULL,NULL,NULL,NULL,NULL,'{\"cycle\":\"\",\"unit\":\"day\"}','[{\"roleType\":1,\"privilege\":0,\"id\":\"58\",\"name\":\"fpc\"}]'),('201703271320412254','1',1000451,'threeleader申报001','committeeApproval','6','committeeA','2017-03-27 05:20:41',NULL,NULL,'{\"result\":0,\"comment\":\"\",\"type\":\"approve\"}',NULL,'1780959','1781002',NULL,NULL,NULL,NULL,'',NULL,NULL,NULL,NULL,NULL,NULL,'{\"cycle\":\"\",\"unit\":\"day\"}',''),('201703271323382255','1',1000453,'changguichun-test01','committeeApproval','58','fpc','2017-03-27 05:23:38',NULL,NULL,'{\"result\":0,\"comment\":\"dede\",\"type\":\"approve\"}',NULL,'1782501','1782544',NULL,NULL,NULL,NULL,'',NULL,NULL,NULL,NULL,NULL,NULL,'{\"cycle\":\"\",\"unit\":\"day\"}',''),('201703271407292256','1',1000451,'threeleader申报001','departleaderApproval','53','liangxuejiao','2017-03-27 06:07:29',NULL,NULL,'{\"result\":0,\"comment\":\"threeleader申报001-ty\",\"type\":\"approve\",\"isAttach\":0}','6','1780959','1782564',NULL,NULL,NULL,NULL,'[{\"annexId\":1001099,\"annexName\":\"2017-03-27-14-07-27_myygzzb12261230.docx\",\"originalFilename\":\"马艳燕工作周报1226-1230.docx\",\"typeId\":1,\"projectId\":null,\"path\":\"2017-03-27-14-07-27_myygzzb12261230.docx\",\"userId\":\"53\",\"uploadTime\":\"2017-03-27 14:07:27\"}]',NULL,NULL,NULL,NULL,NULL,NULL,'{\"cycle\":\"1\",\"unit\":\"day\"}',''),('201703271448462257','1',1000451,'threeleader申报001','submitMonthlyReport','55','fangping','2017-03-27 06:48:46',NULL,NULL,'{\"result\":0}','6','1780959','1697666',NULL,NULL,NULL,'[{\"id\":\"001\",\"type\":\"radio\",\"title\":\"\",\"required\":true,\"time\":\"fgdf\",\"content\":\"\",\"produce\":\"\",\"reviewTimes\":\"7897\",\"codeTimes\":\"\",\"$$hashKey\":\"object:151\"},{\"id\":\"002\",\"type\":\"radio\",\"title\":\"5\",\"required\":true,\"time\":\"\",\"content\":\"7657\",\"produce\":\"7\",\"reviewTimes\":\"7\",\"codeTimes\":\"\",\"$$hashKey\":\"object:152\"},{\"id\":\"003\",\"type\":\"radio\",\"title\":\"\",\"required\":true,\"time\":\"d\",\"content\":\"76\",\"produce\":\"\",\"reviewTimes\":\"\",\"codeTimes\":\"5\",\"$$hashKey\":\"object:153\"},{\"id\":\"004\",\"type\":\"radio\",\"title\":\"gfd\",\"required\":true,\"time\":\"\",\"content\":\"\",\"produce\":\"\",\"reviewTimes\":\"5\",\"codeTimes\":\"67\",\"$$hashKey\":\"object:154\"},{\"id\":\"005\",\"type\":\"radio\",\"title\":\"\",\"required\":true,\"time\":\"67\",\"content\":\"g\",\"produce\":\"\",\"reviewTimes\":\"\",\"codeTimes\":\"\",\"$$hashKey\":\"object:155\"},{\"id\":\"006\",\"type\":\"radio\",\"title\":\"\",\"required\":true,\"time\":\"\",\"content\":\"\",\"produce\":\"dfg\",\"reviewTimes\":\"676\",\"codeTimes\":\"\",\"$$hashKey\":\"object:156\"},{\"id\":\"007\",\"type\":\"radio\",\"title\":\"67\",\"required\":true,\"time\":\"\",\"content\":\"657\",\"produce\":\"\",\"reviewTimes\":\"\",\"codeTimes\":\"5\",\"$$hashKey\":\"object:157\"},{\"id\":\"008\",\"type\":\"radio\",\"title\":\"dfg\",\"required\":true,\"time\":\"dfg\",\"content\":\"\",\"produce\":\"\",\"reviewTimes\":\"\",\"codeTimes\":\"\",\"$$hashKey\":\"object:158\"},{\"id\":\"009\",\"type\":\"radio\",\"title\":\"\",\"required\":true,\"time\":\"\",\"content\":\"\",\"produce\":\"65\",\"reviewTimes\":\"\",\"codeTimes\":\"657\",\"$$hashKey\":\"object:159\"}]','{\"specialExplain\":\"57\",\"innovation\":\"56765\",\"changeConditions\":\"7567\",\"riskDescription\":\"657\",\"summary\":\"5\",\"improvementPlan\":\"5676\"}',NULL,NULL,NULL,NULL,NULL,NULL,NULL,NULL),('201703271449302258','1',1000451,'threeleader申报001','pmSubmitMIdMaterial','55','fangping','2017-03-27 06:49:30',NULL,NULL,'{\"result\":0,\"comment\":\"\",\"type\":\"file\"}','6','1780959','1785050',NULL,NULL,NULL,NULL,'[{\"annexId\":1001101,\"annexName\":\"2017-03-27-14-49-29_myygzzb12261230.docx\",\"originalFilename\":\"马艳燕工作周报1226-1230.docx\",\"typeId\":1,\"projectId\":null,\"path\":\"2017-03-27-14-49-29_myygzzb12261230.docx\",\"userId\":\"55\",\"uploadTime\":\"2017-03-27 14:49:29\"}]',NULL,NULL,NULL,NULL,NULL,NULL,NULL,NULL),('201703271454162259','1',1000451,'threeleader申报001','DispatcherMidMaster','59','fpoa','2017-03-27 06:54:16',NULL,NULL,'{\"result\":0,\"comment\":\"\"}','6','1780959','1787521',NULL,NULL,NULL,'[{\"expert\":\"a\"}]',NULL,NULL,NULL,NULL,NULL,NULL,NULL,NULL,NULL),('201703271458322260','1',1000451,'threeleader申报001','midApprovalReport','55','fangping','2017-03-27 06:58:32',NULL,NULL,'{\"result\":0,\"comment\":\"\",\"type\":\"file\"}','6','1780959','1787542',NULL,NULL,NULL,NULL,'[{\"annexId\":1001102,\"annexName\":\"2017-03-27-14-58-31_2016nbmgzzjhyap.docx\",\"originalFilename\":\"2016年部门工作总结会议安排.docx\",\"typeId\":1,\"projectId\":null,\"path\":\"2017-03-27-14-58-31_2016nbmgzzjhyap.docx\",\"userId\":\"55\",\"uploadTime\":\"2017-03-27 14:58:31\"}]',NULL,NULL,NULL,NULL,NULL,NULL,NULL,NULL),('201703271500582261','1',1000451,'threeleader申报001','inputMidGrade','59','fpoa','2017-03-27 07:00:58',NULL,NULL,'{\"result\":0,\"comment\":\"\",\"isAttach\":0}','6','1780959','1787563',NULL,NULL,NULL,'{\"score\":2}','[{\"annexId\":1001103,\"annexName\":\"2017-03-27-15-00-57_xrzygzxxzbhky20161226201612301.docx\",\"originalFilename\":\"新入职员工作学习周报-黄柯叶-（20161226~20161230）(1).docx\",\"typeId\":1,\"projectId\":null,\"path\":\"2017-03-27-15-00-57_xrzygzxxzbhky20161226201612301.docx\",\"userId\":\"59\",\"uploadTime\":\"2017-03-27 15:00:57\"}]',NULL,NULL,NULL,NULL,NULL,NULL,NULL,NULL),('201703271503172262','1',1000451,'threeleader申报001','submitMonthlyCheck','6','committeeA','2017-03-27 07:03:17',NULL,NULL,'{\"result\":0}','6','1780959','1697661',NULL,NULL,NULL,'{\"score\":\"6576\",\"reviewNum\":\"876\",\"fileNum\":\"68\",\"codeNum\":\"87\",\"whetherAdjust\":\"\",\"adjustBefore\":\"76876\",\"adjustAfter\":\"\",\"adjustWhy\":\"8\",\"opinion\":\"\",\"examine\":\"7687\"}',NULL,NULL,NULL,NULL,NULL,NULL,NULL,NULL,NULL),('201703271503352263','1',1000451,'threeleader申报001','midCommitteeApproval','6','committeeA','2017-03-27 07:03:35',NULL,NULL,'{\"result\":0,\"comment\":\"决策委员会中期评审-ty\",\"type\":\"approve\"}','6','1780959','1787586',NULL,NULL,NULL,NULL,'',NULL,NULL,NULL,NULL,NULL,NULL,'{\"cycle\":\"\",\"unit\":\"day\"}',''),('201703271504582264','1',1000451,'threeleader申报001','departleaderMidApproval','53','liangxuejiao','2017-03-27 07:04:58',NULL,NULL,'{\"result\":0,\"comment\":\"部门经理审核中期结果-dp-ty\",\"type\":\"approve\"}','6','1780959','1787620',NULL,NULL,NULL,NULL,'',NULL,NULL,NULL,NULL,NULL,NULL,'{\"cycle\":\"\",\"unit\":\"day\"}',''),('201703271509502265','1',1000451,'threeleader申报001','submitMonthlyReport','55','fangping','2017-03-27 07:09:50',NULL,NULL,'{\"result\":0}','6','1780959','1697676',NULL,NULL,NULL,'[{\"id\":\"001\",\"type\":\"radio\",\"title\":\"\",\"required\":true,\"time\":\"dfd\",\"content\":\"\",\"produce\":\"\",\"reviewTimes\":\"\",\"codeTimes\":\"456\",\"$$hashKey\":\"object:151\"},{\"id\":\"002\",\"type\":\"radio\",\"title\":\"465\",\"required\":true,\"time\":\"45\",\"content\":\"456\",\"produce\":\"6\",\"reviewTimes\":\"6\",\"codeTimes\":\"546\",\"$$hashKey\":\"object:152\"},{\"id\":\"003\",\"type\":\"radio\",\"title\":\"\",\"required\":true,\"time\":\"6\",\"content\":\"g\",\"produce\":\"\",\"reviewTimes\":\"\",\"codeTimes\":\"\",\"$$hashKey\":\"object:153\"},{\"id\":\"004\",\"type\":\"radio\",\"title\":\"45645\",\"required\":true,\"time\":\"54\",\"content\":\"g\",\"produce\":\"45\",\"reviewTimes\":\"654\",\"codeTimes\":\"\",\"$$hashKey\":\"object:154\"},{\"id\":\"005\",\"type\":\"radio\",\"title\":\"6\",\"required\":true,\"time\":\"\",\"content\":\"4\",\"produce\":\"456\",\"reviewTimes\":\"\",\"codeTimes\":\"546\",\"$$hashKey\":\"object:155\"},{\"id\":\"006\",\"type\":\"radio\",\"title\":\"656\",\"required\":true,\"time\":\"\",\"content\":\"456\",\"produce\":\"rtg\",\"reviewTimes\":\"\",\"codeTimes\":\"\",\"$$hashKey\":\"object:156\"},{\"id\":\"007\",\"type\":\"radio\",\"title\":\"\",\"required\":true,\"time\":\"654\",\"content\":\"54\",\"produce\":\"\",\"reviewTimes\":\"546\",\"codeTimes\":\"5\",\"$$hashKey\":\"object:157\"},{\"id\":\"008\",\"type\":\"radio\",\"title\":\"6\",\"required\":true,\"time\":\"54\",\"content\":\"6\",\"produce\":\"\",\"reviewTimes\":\"\",\"codeTimes\":\"56\",\"$$hashKey\":\"object:158\"},{\"id\":\"009\",\"type\":\"radio\",\"title\":\"6\",\"required\":true,\"time\":\"54\",\"content\":\"\",\"produce\":\"645\",\"reviewTimes\":\"\",\"codeTimes\":\"56\",\"$$hashKey\":\"object:159\"}]','{\"specialExplain\":\"567\",\"innovation\":\"56\",\"changeConditions\":\"756767\",\"riskDescription\":\"77\",\"summary\":\"567\",\"improvementPlan\":\"56756\"}',NULL,NULL,NULL,NULL,NULL,NULL,NULL,NULL),('201703271512452266','1',1000453,'changguichun-test01','departleaderApproval','53','liangxuejiao','2017-03-27 07:12:45',NULL,NULL,'{\"result\":0,\"comment\":\"部门经理审批-ty\",\"type\":\"approve\",\"isAttach\":0}','58','1782501','1782583',NULL,NULL,NULL,NULL,'[{\"annexId\":1001104,\"annexName\":\"2017-03-27-15-12-16_xrzygzxxzbhky20161226201612301.docx\",\"originalFilename\":\"新入职员工作学习周报-黄柯叶-（20161226~20161230）(1).docx\",\"typeId\":1,\"projectId\":null,\"path\":\"2017-03-27-15-12-16_xrzygzxxzbhky20161226201612301.docx\",\"userId\":\"53\",\"uploadTime\":\"2017-03-27 15:12:16\"}]',NULL,NULL,NULL,NULL,NULL,NULL,'{\"cycle\":\"22233333333333333333333333333333333333333333333333333333333\",\"unit\":\"day\"}',''),('201703271515322267','1',1000451,'threeleader申报001','pmSubmitEndMaterial','55','fangping','2017-03-27 07:15:32',NULL,NULL,'{\"result\":0,\"comment\":\"\",\"type\":\"file\"}','6','1780959','1787647',NULL,NULL,NULL,NULL,'[{\"annexId\":1001105,\"annexName\":\"2017-03-27-15-15-31_xrzygzxxzbhky2016122620161230.docx\",\"originalFilename\":\"新入职员工作学习周报-黄柯叶-（20161226~20161230）.docx\",\"typeId\":1,\"projectId\":null,\"path\":\"2017-03-27-15-15-31_xrzygzxxzbhky2016122620161230.docx\",\"userId\":\"55\",\"uploadTime\":\"2017-03-27 15:15:31\"}]',NULL,NULL,NULL,NULL,NULL,NULL,NULL,NULL),('201703271517032268','1',1000451,'threeleader申报001','DispatcherEndMaster','59','fpoa','2017-03-27 07:17:03',NULL,NULL,'{\"result\":0,\"comment\":\"\"}','6','1780959','1787704',NULL,NULL,NULL,'[{\"expert\":\"ddd\"}]',NULL,NULL,NULL,NULL,NULL,NULL,NULL,NULL,NULL),('201703271519142269','1',1000451,'threeleader申报001','endApprovalReport','55','fangping','2017-03-27 07:19:14',NULL,NULL,'{\"result\":0,\"comment\":\"\",\"type\":\"file\"}','6','1780959','1787732',NULL,NULL,NULL,NULL,'[{\"annexId\":1001106,\"annexName\":\"2017-03-27-15-19-13_xrzygzxxzbhky20161226201612301.docx\",\"originalFilename\":\"新入职员工作学习周报-黄柯叶-（20161226~20161230）(1).docx\",\"typeId\":1,\"projectId\":null,\"path\":\"2017-03-27-15-19-13_xrzygzxxzbhky20161226201612301.docx\",\"userId\":\"55\",\"uploadTime\":\"2017-03-27 15:19:13\"}]',NULL,NULL,NULL,NULL,NULL,NULL,NULL,NULL),('201703271519482270','1',1000451,'threeleader申报001','inputEndGrade','59','fpoa','2017-03-27 07:19:48',NULL,NULL,'{\"result\":0,\"comment\":\"\",\"isAttach\":0}','6','1780959','1787760',NULL,NULL,NULL,'{\"score\":2}','[{\"annexId\":1001107,\"annexName\":\"2017-03-27-15-19-48_myygzzb12261230.docx\",\"originalFilename\":\"马艳燕工作周报1226-1230.docx\",\"typeId\":1,\"projectId\":null,\"path\":\"2017-03-27-15-19-48_myygzzb12261230.docx\",\"userId\":\"59\",\"uploadTime\":\"2017-03-27 15:19:48\"}]',NULL,NULL,NULL,NULL,NULL,NULL,NULL,NULL),('201703271520282271','1',1000451,'threeleader申报001','committeeEndApproval','6','committeeA','2017-03-27 07:20:28',NULL,NULL,'{\"result\":0,\"comment\":\"asfsdf\",\"type\":\"approve\",\"isAttach\":0}','6','1780959','1787790',NULL,NULL,NULL,NULL,'[{\"annexId\":1001108,\"annexName\":\"2017-03-27-15-20-28_lkprzgzxxzb2016122620160101.docx\",\"originalFilename\":\"李康鹏入职工作学习周报（20161226-20160101).docx\",\"typeId\":1,\"projectId\":null,\"path\":\"2017-03-27-15-20-28_lkprzgzxxzb2016122620160101.docx\",\"userId\":\"6\",\"uploadTime\":\"2017-03-27 15:20:28\"}]',NULL,NULL,NULL,NULL,NULL,NULL,'{\"cycle\":\"\",\"unit\":\"day\"}',''),('201703271520392272','1',1000451,'threeleader申报001','submitMonthlyCheck','6','committeeA','2017-03-27 07:20:39',NULL,NULL,'{\"result\":0}','6','1780959','1697672',NULL,NULL,NULL,'{\"score\":\"6867887\",\"reviewNum\":\"8\",\"fileNum\":\"67\",\"codeNum\":\"87\",\"whetherAdjust\":\"f8\",\"adjustBefore\":\"768\",\"adjustAfter\":\"768678\",\"adjustWhy\":\"76\",\"opinion\":\"8\",\"examine\":\"76\"}',NULL,NULL,NULL,NULL,NULL,NULL,NULL,NULL,NULL),('201703271521382273','1',1000451,'threeleader申报001','departleaderEndApproval','53','liangxuejiao','2017-03-27 07:21:38',NULL,NULL,'{\"result\":0,\"comment\":\"部门经理审核终期结果-lxj-*shenghe-ty\",\"type\":\"approve\",\"isAttach\":0}','6','1780959','1787823',NULL,NULL,NULL,NULL,'[{\"annexId\":1001109,\"annexName\":\"2017-03-27-15-21-38_myygzzb12261230.docx\",\"originalFilename\":\"马艳燕工作周报1226-1230.docx\",\"typeId\":1,\"projectId\":null,\"path\":\"2017-03-27-15-21-38_myygzzb12261230.docx\",\"userId\":\"53\",\"uploadTime\":\"2017-03-27 15:21:38\"}]',NULL,NULL,NULL,NULL,NULL,NULL,'{\"cycle\":\"\",\"unit\":\"day\"}',''),('201703271524152274','1',1000451,'threeleader申报001','submitMonthlyReport','55','fangping','2017-03-27 07:24:15',NULL,NULL,'{\"result\":0}','6','1780959','1697697',NULL,NULL,NULL,'[{\"id\":\"001\",\"type\":\"radio\",\"title\":\"fsfsd\",\"required\":true,\"time\":\"\",\"content\":\"\",\"produce\":\"\",\"reviewTimes\":\"1\",\"codeTimes\":\"\",\"$$hashKey\":\"object:151\"},{\"id\":\"002\",\"type\":\"radio\",\"title\":\"\",\"required\":true,\"time\":\"sdf\",\"content\":\"f\",\"produce\":\"\",\"reviewTimes\":\"111\",\"codeTimes\":\"222222222222\",\"$$hashKey\":\"object:152\"},{\"id\":\"003\",\"type\":\"radio\",\"title\":\"\",\"required\":true,\"time\":\"\",\"content\":\"\",\"produce\":\"\",\"reviewTimes\":\"111111111111\",\"codeTimes\":\"222222\",\"$$hashKey\":\"object:153\"},{\"id\":\"004\",\"type\":\"radio\",\"title\":\"fsdf\",\"required\":true,\"time\":\"\",\"content\":\"\",\"produce\":\"\",\"reviewTimes\":\"111111111111\",\"codeTimes\":\"2222222222\",\"$$hashKey\":\"object:154\"},{\"id\":\"005\",\"type\":\"radio\",\"title\":\"\",\"required\":true,\"time\":\"\",\"content\":\"\",\"produce\":\"\",\"reviewTimes\":\"1111111111\",\"codeTimes\":\"\",\"$$hashKey\":\"object:155\"},{\"id\":\"006\",\"type\":\"radio\",\"title\":\"\",\"required\":true,\"time\":\"\",\"content\":\"sd\",\"produce\":\"\",\"reviewTimes\":\"111111\",\"codeTimes\":\"222222222222\",\"$$hashKey\":\"object:156\"},{\"id\":\"007\",\"type\":\"radio\",\"title\":\"\",\"required\":true,\"time\":\"\",\"content\":\"\",\"produce\":\"f\",\"reviewTimes\":\"111111\",\"codeTimes\":\"22222222222\",\"$$hashKey\":\"object:157\"},{\"id\":\"008\",\"type\":\"radio\",\"title\":\"\",\"required\":true,\"time\":\"\",\"content\":\"\",\"produce\":\"\",\"reviewTimes\":\"11111\",\"codeTimes\":\"\",\"$$hashKey\":\"object:158\"},{\"id\":\"009\",\"type\":\"radio\",\"title\":\"\",\"required\":true,\"time\":\"\",\"content\":\"\",\"produce\":\"\",\"reviewTimes\":\"1111111111111\",\"codeTimes\":\"2222222222222\",\"$$hashKey\":\"object:159\"}]','{\"specialExplain\":\"2\",\"innovation\":\"2222222222222\",\"changeConditions\":\"22222222222222\",\"riskDescription\":\"222222222222\",\"summary\":\"222222\",\"improvementPlan\":\"222222222222\"}',NULL,NULL,NULL,NULL,NULL,NULL,NULL,NULL),('201703271526462275','1',1000451,'threeleader申报001','submitMonthlyCheck','6','committeeA','2017-03-27 07:26:46',NULL,NULL,'{\"result\":0}','6','1780959','1697693',NULL,NULL,NULL,'{\"score\":\"678\",\"reviewNum\":\"\",\"fileNum\":\"765\",\"codeNum\":\"\",\"whetherAdjust\":\"756\",\"adjustBefore\":\"\",\"adjustAfter\":\"77\",\"adjustWhy\":\"6756\",\"opinion\":\"\",\"examine\":\"67\"}',NULL,NULL,NULL,NULL,NULL,NULL,NULL,NULL,NULL),('201703271527482276','1',1000451,'threeleader申报001','PMSelfConclusion','55','fangping','2017-03-27 07:27:48',NULL,NULL,'{\"result\":0,\"comment\":\"fds项目经理自评-jhasfjldgood\",\"type\":\"approve\",\"isAttach\":0}','6','1780959','1787867',NULL,NULL,NULL,NULL,'[{\"annexId\":1001110,\"annexName\":\"2017-03-27-15-27-48_lkprzgzxxzb2016122620160101.docx\",\"originalFilename\":\"李康鹏入职工作学习周报（20161226-20160101).docx\",\"typeId\":1,\"projectId\":null,\"path\":\"2017-03-27-15-27-48_lkprzgzxxzb2016122620160101.docx\",\"userId\":\"55\",\"uploadTime\":\"2017-03-27 15:27:48\"}]',NULL,NULL,NULL,NULL,NULL,NULL,'{\"cycle\":\"\",\"unit\":\"day\"}',''),('201703271528342277','1',1000451,'threeleader申报001','departleaderConclusion','53','liangxuejiao','2017-03-27 07:28:34',NULL,NULL,'{\"result\":0,\"comment\":\"部门经理评价-ty\",\"type\":\"approve\",\"isAttach\":0}','6','1780959','1787898',NULL,NULL,NULL,NULL,'[{\"annexId\":1001111,\"annexName\":\"2017-03-27-15-28-34_xrzygzxxzbhky2016122620161230.docx\",\"originalFilename\":\"新入职员工作学习周报-黄柯叶-（20161226~20161230）.docx\",\"typeId\":1,\"projectId\":null,\"path\":\"2017-03-27-15-28-34_xrzygzxxzbhky2016122620161230.docx\",\"userId\":\"53\",\"uploadTime\":\"2017-03-27 15:28:34\"}]',NULL,NULL,NULL,NULL,NULL,NULL,'{\"cycle\":\"\",\"unit\":\"day\"}',''),('201703271546412278','1',1000455,NULL,'xMBianGeng','55',NULL,'2017-03-27 07:46:41',NULL,NULL,'{}',NULL,'1787957',NULL,NULL,'{\"state\":\"endChangeProcess\",\"stateName\":\"结束变更\",\"taskId\":\"\"}',NULL,'{\"projectId\":\"1000455\",\"projectName\":\"变更流程-fppm-fabu\",\"projectManagerId\":55,\"projectManagerName\":\"fangping\",\"categoryId\":1,\"subcategory\":\"[{\\\"value\\\":\\\"网管\\\",\\\"id\\\":\\\"102\\\"}]\",\"cycleType\":\"[{\\\"value\\\":\\\"2年\\\",\\\"id\\\":\\\"101\\\"}]\",\"projectExtInfo\":\"{\\\"taskDescribe\\\":\\\"sdf2222\\\",\\\"taskbackground\\\":\\\"df22222222222222\\\",\\\"taskgoal\\\":\\\"sdf22222222\\\",\\\"taskDanger\\\":\\\"sdf2222222222222\\\",\\\"taskcreate\\\":\\\"sdf22222222\\\",\\\"taskplan\\\":\\\"[{\\\\\\\"planTime\\\\\\\":\\\\\\\"2017-03-27\\\\\\\",\\\\\\\"planContext\\\\\\\":\\\\\\\"sdf2\\\\\\\",\\\\\\\"planOutPUT\\\\\\\":\\\\\\\"ds222222\\\\\\\",\\\\\\\"planOutWord\\\\\\\":\\\\\\\"fsdf22222222222\\\\\\\"},{\\\\\\\"planTime\\\\\\\":\\\\\\\"2017-03-27\\\\\\\",\\\\\\\"planContext\\\\\\\":\\\\\\\"2\\\\\\\",\\\\\\\"planOutPUT\\\\\\\":\\\\\\\"22222\\\\\\\",\\\\\\\"planOutWord\\\\\\\":\\\\\\\"222222222222\\\\\\\"}]\\\"}\",\"startTime\":\"2017-03-27\",\"completeTime\":\"2017-03-27\",\"telno\":\"23422222\",\"email\":\"ppm-fabu2222@163.com\",\"projectMilestone\":\"项目里程碑\"}','{\"projectCosts\":\"[{\\\"payName\\\":\\\"sdf\\\",\\\"payPrice\\\":\\\"52\\\",\\\"payNumber\\\":\\\"52\\\",\\\"paySbutotal\\\":\\\"2704.00\\\",\\\"payRemarks\\\":\\\"52\\\"},{\\\"payName\\\":\\\"2\\\",\\\"payPrice\\\":\\\"2\\\",\\\"payNumber\\\":\\\"2\\\",\\\"paySbutotal\\\":\\\"4.00\\\",\\\"payRemarks\\\":\\\"2\\\"}]\"}','{\"projectTaskDetail\":\"{\\\"CPU\\\":\\\"45\\\",\\\"memory\\\":\\\"f\\\",\\\"bandWidth\\\":\\\"gre\\\",\\\"serversNumber\\\":\\\"re\\\",\\\"UpgradeTime\\\":\\\"g\\\",\\\"otherConditions\\\":\\\"tert\\\"}\"}',NULL,'{\"result\":\"0\",\"responseInfo\":{\"project\":{\"projectId\":1000455,\"projectName\":\"变更流程-fppm-fabu\",\"projectManagerId\":55,\"projectManagerName\":\"fangping\",\"categoryId\":1,\"subcategory\":\"[{\\\"value\\\":\\\"Coobill\\\",\\\"id\\\":\\\"502\\\"}]\",\"cycleType\":\"[{\\\"value\\\":\\\"1年\\\",\\\"id\\\":\\\"001\\\"}]\",\"mainCurrentState\":\"{\\\"state\\\":\\\"officerApproval\\\",\\\"stateName\\\":\\\"项目管理员审批\\\",\\\"taskId\\\":\\\"1787955\\\",\\\"assignName\\\":\\\"CooMartsOfficer\\\"}\",\"mainPreviousState\":null,\"changeCurrentState\":null,\"changePreviousState\":null,\"changeDataId\":null,\"reportCurrentState\":null,\"changeProcessInstanceId\":null,\"projectProcessInstanceId\":\"1787931\",\"projectExtInfo\":\"{\\\"taskDescribe\\\":\\\"sdf\\\",\\\"taskbackground\\\":\\\"df\\\",\\\"taskgoal\\\":\\\"sdf\\\",\\\"taskDanger\\\":\\\"sdf\\\",\\\"taskcreate\\\":\\\"sdf\\\",\\\"taskplan\\\":\\\"[{\\\\\\\"planTime\\\\\\\":\\\\\\\"2017-03-27\\\\\\\",\\\\\\\"planContext\\\\\\\":\\\\\\\"sdf\\\\\\\",\\\\\\\"planOutPUT\\\\\\\":\\\\\\\"ds\\\\\\\",\\\\\\\"planOutWord\\\\\\\":\\\\\\\"fsdf\\\\\\\"}]\\\"}\",\"projectTaskDetail\":\"{\\\"CPU\\\":\\\"45\\\",\\\"memory\\\":\\\"f\\\",\\\"bandWidth\\\":\\\"gre\\\",\\\"serversNumber\\\":\\\"re\\\",\\\"UpgradeTime\\\":\\\"g\\\",\\\"otherConditions\\\":\\\"tert\\\"}\",\"selfAppraise\":null,\"departLeaderAppraise\":null,\"projectCosts\":\"[{\\\"payName\\\":\\\"sdf\\\",\\\"payPrice\\\":\\\"5\\\",\\\"payNumber\\\":\\\"5\\\",\\\"paySbutotal\\\":\\\"25.00\\\",\\\"payRemarks\\\":\\\"5\\\"}]\",\"startTime\":\"2017-03-27 00:00:00\",\"completeTime\":\"2017-03-27 00:00:00\",\"projectApplyTime\":\"2017-03-27 15:31:28\",\"projectApplyPerson\":\"55\",\"telno\":\"234\",\"email\":\"ppm-fabu@163.com\",\"projectMilestone\":\"项目里程碑\",\"publishId\":null,\"publishTitle\":null,\"state\":\"start\"}}}',NULL,NULL,NULL,NULL,NULL),('201703271601402279','1',1000455,'变更流程-fppm-fabu','officerApproval','59','fpoa','2017-03-27 08:01:40',NULL,NULL,'{\"result\":0,\"comment\":\"\",\"type\":\"approve\",\"isAttach\":0}','6,58','1787931','1787955',NULL,NULL,NULL,NULL,'[{\"annexId\":1001114,\"annexName\":\"2017-03-27-16-01-34_myygzzb12261230.docx\",\"originalFilename\":\"马艳燕工作周报1226-1230.docx\",\"typeId\":1,\"projectId\":null,\"path\":\"2017-03-27-16-01-34_myygzzb12261230.docx\",\"userId\":\"59\",\"uploadTime\":\"2017-03-27 16:01:34\"}]',NULL,NULL,NULL,NULL,NULL,NULL,'{\"cycle\":\"\",\"unit\":\"day\"}','[{\"roleType\":1,\"privilege\":0,\"id\":6,\"name\":\"committeeA\"},{\"roleType\":1,\"privilege\":0,\"id\":\"58\",\"name\":\"fpc\"}]'),('201703271609542280','1',1000455,'变更流程-fppm-fabu','committeeApprovalChange','58','fpc','2017-03-27 08:09:54',NULL,NULL,'{\"result\":0,\"comment\":\"变更流程-fpc-ty\",\"type\":\"approve\",\"isAttach\":0}','6,58','1787957','1787983',NULL,NULL,NULL,NULL,'[{\"annexId\":1001115,\"annexName\":\"2017-03-27-16-09-28_2016nbmgzzjhyap.docx\",\"originalFilename\":\"2016年部门工作总结会议安排.docx\",\"typeId\":1,\"projectId\":null,\"path\":\"2017-03-27-16-09-28_2016nbmgzzjhyap.docx\",\"userId\":\"58\",\"uploadTime\":\"2017-03-27 16:09:28\"}]',NULL,NULL,NULL,NULL,NULL,NULL,'{\"cycle\":\"\",\"unit\":\"day\"}',''),('201703271615092281','1',1000455,'变更流程-fppm-fabu','departleaderApprovalChange','53','liangxuejiao','2017-03-27 08:15:09',NULL,NULL,'{\"result\":0,\"comment\":\"bmjl（部门经理(liangxuejiao) -ty\",\"type\":\"approve\",\"isAttach\":0}','6,58','1787957','1788016',NULL,NULL,NULL,NULL,'[{\"annexId\":1001116,\"annexName\":\"2017-03-27-16-15-06_xrzygzxxzbhky2016122620161230.docx\",\"originalFilename\":\"新入职员工作学习周报-黄柯叶-（20161226~20161230）.docx\",\"typeId\":1,\"projectId\":null,\"path\":\"2017-03-27-16-15-06_xrzygzxxzbhky2016122620161230.docx\",\"userId\":\"53\",\"uploadTime\":\"2017-03-27 16:15:06\"}]',NULL,NULL,NULL,NULL,NULL,NULL,'{\"cycle\":\"\",\"unit\":\"day\"}',''),('201703271624372282','1',1000455,NULL,'xMBianGeng',NULL,NULL,NULL,'fangping','2017-03-27 08:43:55','{\"result\":1,\"comment\":\"dede\",\"type\":\"approve\"}',NULL,'1788023',NULL,NULL,'{\"state\":\"endChangeProcess\",\"stateName\":\"结束变更\",\"taskId\":\"\"}',NULL,'','','',NULL,'',NULL,NULL,NULL,NULL,NULL),('201703271633402283','1',1000455,'变更流程-fppm-fabu','committeeApprovalChange','58','fpc','2017-03-27 08:33:40',NULL,NULL,'{\"result\":\"1\",\"comment\":\"从新发起的第二次-变更流程-驳回-到修改变更\",\"type\":\"approve\",\"isAttach\":0}',NULL,'1788023','1788051',NULL,NULL,NULL,NULL,'[{\"annexId\":1001118,\"annexName\":\"2017-03-27-16-33-40_xyrzgzxxzbcxx2016122620161230.docx\",\"originalFilename\":\"新员入职工作学习周报-常小雪-(20161226-20161230).docx\",\"typeId\":1,\"projectId\":null,\"path\":\"2017-03-27-16-33-40_xyrzgzxxzbcxx2016122620161230.docx\",\"userId\":\"58\",\"uploadTime\":\"2017-03-27 16:33:40\"}]',NULL,NULL,NULL,NULL,NULL,NULL,'{\"cycle\":\"\",\"unit\":\"day\"}',''),('201703271645232284','1',1000455,NULL,'xMBianGeng',NULL,NULL,NULL,'fangping','2017-03-27 08:53:15','{\"result\":0,\"comment\":\"dede\",\"type\":\"approve\"}',NULL,'1788067',NULL,NULL,'{\"state\":\"endChangeProcess\",\"stateName\":\"结束变更\",\"taskId\":\"\"}',NULL,'{\"projectId\":\"1000455\",\"projectName\":\"变更流程-fppm-fabu\",\"projectManagerId\":55,\"projectManagerName\":\"fangping\",\"categoryId\":1,\"subcategory\":\"[{\\\"value\\\":\\\"网管\\\",\\\"id\\\":\\\"102\\\"}]\",\"cycleType\":\"[{\\\"value\\\":\\\"2年\\\",\\\"id\\\":\\\"101\\\"}]\",\"projectExtInfo\":\"{\\\"taskDescribe\\\":\\\"sdf222288\\\",\\\"taskbackground\\\":\\\"df222222222222228\\\",\\\"taskgoal\\\":\\\"sdf222222228\\\",\\\"taskDanger\\\":\\\"sdf22222222222228\\\",\\\"taskcreate\\\":\\\"sdf222222228\\\",\\\"taskplan\\\":\\\"[{\\\\\\\"planTime\\\\\\\":\\\\\\\"2017-03-27\\\\\\\",\\\\\\\"planContext\\\\\\\":\\\\\\\"sdf28\\\\\\\",\\\\\\\"planOutPUT\\\\\\\":\\\\\\\"ds2222228\\\\\\\",\\\\\\\"planOutWord\\\\\\\":\\\\\\\"fsdf222222222228\\\\\\\"},{\\\\\\\"planTime\\\\\\\":\\\\\\\"2017-03-27\\\\\\\",\\\\\\\"planContext\\\\\\\":\\\\\\\"28\\\\\\\",\\\\\\\"planOutPUT\\\\\\\":\\\\\\\"222228\\\\\\\",\\\\\\\"planOutWord\\\\\\\":\\\\\\\"2222222222228\\\\\\\"}]\\\"}\",\"startTime\":\"2017-03-27\",\"completeTime\":\"2017-03-27\",\"telno\":\"23422222888\",\"email\":\"ppm-fabu222288@163.com\",\"projectMilestone\":\"项目里程碑\"}','{\"projectCosts\":\"[{\\\"payName\\\":\\\"sdf\\\",\\\"payPrice\\\":\\\"528\\\",\\\"payNumber\\\":\\\"52\\\",\\\"paySbutotal\\\":\\\"27456.00\\\",\\\"payRemarks\\\":\\\"528\\\"},{\\\"payName\\\":\\\"2\\\",\\\"payPrice\\\":\\\"28\\\",\\\"payNumber\\\":\\\"28\\\",\\\"paySbutotal\\\":\\\"784.00\\\",\\\"payRemarks\\\":\\\"28\\\"}]\"}','{\"projectTaskDetail\":\"{\\\"CPU\\\":\\\"458\\\",\\\"memory\\\":\\\"f8\\\",\\\"bandWidth\\\":\\\"gre8\\\",\\\"serversNumber\\\":\\\"re8\\\",\\\"UpgradeTime\\\":\\\"g8\\\",\\\"otherConditions\\\":\\\"tert8\\\"}\"}',NULL,'{\"result\":\"0\",\"responseInfo\":{\"project\":{\"projectId\":1000455,\"projectName\":\"变更流程-fppm-fabu\",\"projectManagerId\":55,\"projectManagerName\":\"fangping\",\"categoryId\":1,\"subcategory\":\"[{\\\"value\\\":\\\"网管\\\",\\\"id\\\":\\\"102\\\"}]\",\"cycleType\":\"[{\\\"value\\\":\\\"2年\\\",\\\"id\\\":\\\"101\\\"}]\",\"mainCurrentState\":\"{\\\"state\\\":\\\"committeeApproval\\\",\\\"stateName\\\":\\\"决策委员会审批\\\",\\\"taskId\\\":\\\"1788004\\\",\\\"assignName\\\":\\\"committeeA fpc\\\"}\",\"mainPreviousState\":\"{\\\"state\\\":\\\"officerApproval\\\",\\\"stateName\\\":\\\"项目管理员审批\\\",\\\"taskId\\\":\\\"1787955\\\",\\\"assignName\\\":\\\"fpoa\\\"}\",\"changeCurrentState\":\"{\\\"state\\\":\\\"modifyChange\\\",\\\"stateName\\\":\\\"修改变更\\\",\\\"taskId\\\":\\\"1788126\\\",\\\"assignName\\\":\\\"fangping\\\"}\",\"changePreviousState\":\"{\\\"state\\\":\\\"departleaderApprovalChange\\\",\\\"stateName\\\":\\\"部门经理审批变更\\\",\\\"taskId\\\":\\\"1788119\\\",\\\"assignName\\\":\\\"liangxuejiao\\\"}\",\"changeDataId\":\"201703271645232284\",\"reportCurrentState\":null,\"changeProcessInstanceId\":\"1788067\",\"projectProcessInstanceId\":\"1787931\",\"projectExtInfo\":\"{\\\"taskDescribe\\\":\\\"sdf2222\\\",\\\"taskbackground\\\":\\\"df22222222222222\\\",\\\"taskgoal\\\":\\\"sdf22222222\\\",\\\"taskDanger\\\":\\\"sdf2222222222222\\\",\\\"taskcreate\\\":\\\"sdf22222222\\\",\\\"taskplan\\\":\\\"[{\\\\\\\"planTime\\\\\\\":\\\\\\\"2017-03-27\\\\\\\",\\\\\\\"planContext\\\\\\\":\\\\\\\"sdf2\\\\\\\",\\\\\\\"planOutPUT\\\\\\\":\\\\\\\"ds222222\\\\\\\",\\\\\\\"planOutWord\\\\\\\":\\\\\\\"fsdf22222222222\\\\\\\"},{\\\\\\\"planTime\\\\\\\":\\\\\\\"2017-03-27\\\\\\\",\\\\\\\"planContext\\\\\\\":\\\\\\\"2\\\\\\\",\\\\\\\"planOutPUT\\\\\\\":\\\\\\\"22222\\\\\\\",\\\\\\\"planOutWord\\\\\\\":\\\\\\\"222222222222\\\\\\\"}]\\\"}\",\"projectTaskDetail\":\"{\\\"CPU\\\":\\\"45\\\",\\\"memory\\\":\\\"f\\\",\\\"bandWidth\\\":\\\"gre\\\",\\\"serversNumber\\\":\\\"re\\\",\\\"UpgradeTime\\\":\\\"g\\\",\\\"otherConditions\\\":\\\"tert\\\"}\",\"selfAppraise\":null,\"departLeaderAppraise\":null,\"projectCosts\":\"[{\\\"payName\\\":\\\"sdf\\\",\\\"payPrice\\\":\\\"52\\\",\\\"payNumber\\\":\\\"52\\\",\\\"paySbutotal\\\":\\\"2704.00\\\",\\\"payRemarks\\\":\\\"52\\\"},{\\\"payName\\\":\\\"2\\\",\\\"payPrice\\\":\\\"2\\\",\\\"payNumber\\\":\\\"2\\\",\\\"paySbutotal\\\":\\\"4.00\\\",\\\"payRemarks\\\":\\\"2\\\"}]\",\"startTime\":\"2017-03-27 00:00:00\",\"completeTime\":\"2017-03-27 00:00:00\",\"projectApplyTime\":\"2017-03-27 15:31:28\",\"projectApplyPerson\":\"55\",\"telno\":\"23422222\",\"email\":\"ppm-fabu2222@163.com\",\"projectMilestone\":\"项目里程碑\",\"publishId\":null,\"publishTitle\":null,\"state\":\"start\"}}}',NULL,NULL,NULL,NULL,NULL),('201703271646582285','1',1000455,'变更流程-fppm-fabu','committeeApprovalChange','58','fpc','2017-03-27 08:46:58',NULL,NULL,'{\"result\":\"1\",\"comment\":\"fpc-驳回变更-PM去修改变更\",\"type\":\"approve\",\"isAttach\":0}',NULL,'1788067','1788095',NULL,NULL,NULL,NULL,'[{\"annexId\":1001120,\"annexName\":\"2017-03-27-16-46-57_myygzzb12261230.docx\",\"originalFilename\":\"马艳燕工作周报1226-1230.docx\",\"typeId\":1,\"projectId\":null,\"path\":\"2017-03-27-16-46-57_myygzzb12261230.docx\",\"userId\":\"58\",\"uploadTime\":\"2017-03-27 16:46:57\"}]',NULL,NULL,NULL,NULL,NULL,NULL,'{\"cycle\":\"\",\"unit\":\"day\"}',''),('201703271651142286','1',1000455,'变更流程-fppm-fabu','committeeApprovalChange','58','fpc','2017-03-27 08:51:14',NULL,NULL,'{\"result\":0,\"comment\":\"fpc-3-ty\",\"type\":\"approve\",\"isAttach\":0}',NULL,'1788067','1788111',NULL,NULL,NULL,NULL,'[{\"annexId\":1001122,\"annexName\":\"2017-03-27-16-51-14_lkprzgzxxzb2016122620160101.docx\",\"originalFilename\":\"李康鹏入职工作学习周报（20161226-20160101).docx\",\"typeId\":1,\"projectId\":null,\"path\":\"2017-03-27-16-51-14_lkprzgzxxzb2016122620160101.docx\",\"userId\":\"58\",\"uploadTime\":\"2017-03-27 16:51:14\"}]',NULL,NULL,NULL,NULL,NULL,NULL,'{\"cycle\":\"\",\"unit\":\"day\"}',''),('201703271652222287','1',1000455,'变更流程-fppm-fabu','departleaderApprovalChange','53','liangxuejiao','2017-03-27 08:52:22',NULL,NULL,'{\"result\":\"1\",\"comment\":\"lxj-bu门经理审批变更-bohui\",\"type\":\"approve\",\"isAttach\":0}',NULL,'1788067','1788119',NULL,NULL,NULL,NULL,'[{\"annexId\":1001123,\"annexName\":\"2017-03-27-16-52-19_xrzygzxxzbhky2016122620161230.docx\",\"originalFilename\":\"新入职员工作学习周报-黄柯叶-（20161226~20161230）.docx\",\"typeId\":1,\"projectId\":null,\"path\":\"2017-03-27-16-52-19_xrzygzxxzbhky2016122620161230.docx\",\"userId\":\"53\",\"uploadTime\":\"2017-03-27 16:52:19\"}]',NULL,NULL,NULL,NULL,NULL,NULL,'{\"cycle\":\"\",\"unit\":\"day\"}',''),('201703271656122288','1',1000455,'变更流程-fppm-fabu','committeeApprovalChange','58','fpc','2017-03-27 08:56:12',NULL,NULL,'{\"result\":0,\"comment\":\"决策委员会审批变更-fpc-3-ty\",\"type\":\"approve\",\"isAttach\":0}',NULL,'1788067','1788130',NULL,NULL,NULL,NULL,'[{\"annexId\":1001125,\"annexName\":\"2017-03-27-16-56-10_xrzygzxxzbhky20161226201612301.docx\",\"originalFilename\":\"新入职员工作学习周报-黄柯叶-（20161226~20161230）(1).docx\",\"typeId\":1,\"projectId\":null,\"path\":\"2017-03-27-16-56-10_xrzygzxxzbhky20161226201612301.docx\",\"userId\":\"58\",\"uploadTime\":\"2017-03-27 16:56:10\"}]',NULL,NULL,NULL,NULL,NULL,NULL,'{\"cycle\":\"\",\"unit\":\"day\"}',''),('201703271657152289','1',1000455,'变更流程-fppm-fabu','committeeApproval','58','fpc','2017-03-27 08:57:15',NULL,NULL,'{\"result\":0,\"comment\":\"main-决策委员会审批-ty\",\"type\":\"approve\",\"isAttach\":0}',NULL,'1787931','1788004',NULL,NULL,NULL,NULL,'[{\"annexId\":1001126,\"annexName\":\"2017-03-27-16-57-05_xrzygzxxzbhky20161226201612301.docx\",\"originalFilename\":\"新入职员工作学习周报-黄柯叶-（20161226~20161230）(1).docx\",\"typeId\":1,\"projectId\":null,\"path\":\"2017-03-27-16-57-05_xrzygzxxzbhky20161226201612301.docx\",\"userId\":\"58\",\"uploadTime\":\"2017-03-27 16:57:05\"}]',NULL,NULL,NULL,NULL,NULL,NULL,'{\"cycle\":\"\",\"unit\":\"day\"}',''),('201703271659162290','1',1000455,'变更流程-fppm-fabu','departleaderApprovalChange','53','liangxuejiao','2017-03-27 08:59:16',NULL,NULL,'{\"result\":0,\"comment\":\"部门经理审批变更-3-ty\",\"type\":\"approve\",\"isAttach\":0}',NULL,'1788067','1788138',NULL,NULL,NULL,NULL,'[{\"annexId\":1001127,\"annexName\":\"2017-03-27-16-59-15_xrzygzxxzbhky20161226201612301.docx\",\"originalFilename\":\"新入职员工作学习周报-黄柯叶-（20161226~20161230）(1).docx\",\"typeId\":1,\"projectId\":null,\"path\":\"2017-03-27-16-59-15_xrzygzxxzbhky20161226201612301.docx\",\"userId\":\"53\",\"uploadTime\":\"2017-03-27 16:59:15\"}]',NULL,NULL,NULL,NULL,NULL,NULL,'{\"cycle\":\"\",\"unit\":\"day\"}',''),('201703271659252291','1',1000455,'变更流程-fppm-fabu','departleaderApproval','53','liangxuejiao','2017-03-27 08:59:25',NULL,NULL,'{\"result\":0,\"comment\":\"\",\"type\":\"approve\"}','58','1787931','1788156',NULL,NULL,NULL,NULL,'',NULL,NULL,NULL,NULL,NULL,NULL,'{\"cycle\":\"\",\"unit\":\"day\"}',''),('201703271937122292','1',1000456,'liangxuejiaozzzzz','officerApproval','59','fpoa','2017-03-27 11:37:12',NULL,NULL,'{\"result\":0,\"comment\":\"\",\"type\":\"approve\",\"isAttach\":0}','6,58','1788190','1788214',NULL,NULL,NULL,NULL,'[{\"annexId\":1001130,\"annexName\":\"2017-03-27-19-37-11_xyrzgzxxzbcxx2016122620161230.docx\",\"originalFilename\":\"新员入职工作学习周报-常小雪-(20161226-20161230).docx\",\"typeId\":1,\"projectId\":null,\"path\":\"2017-03-27-19-37-11_xyrzgzxxzbcxx2016122620161230.docx\",\"userId\":\"59\",\"uploadTime\":\"2017-03-27 19:37:11\"}]',NULL,NULL,NULL,NULL,NULL,NULL,'{\"cycle\":\"\",\"unit\":\"day\"}','[{\"roleType\":1,\"privilege\":0,\"id\":6,\"name\":\"committeeA\"},{\"roleType\":1,\"privilege\":0,\"id\":\"58\",\"name\":\"fpc\"}]'),('201703271938302293','1',1000456,'liangxuejiaozzzzz','committeeApproval','58','fpc','2017-03-27 11:38:30',NULL,NULL,'{\"result\":0,\"comment\":\"liangxuejiao-ty-fpc\",\"type\":\"approve\",\"isAttach\":0}',NULL,'1788190','1788233',NULL,NULL,NULL,NULL,'[{\"annexId\":1001131,\"annexName\":\"2017-03-27-19-38-27_xrzygzxxzbhky20161226201612301.docx\",\"originalFilename\":\"新入职员工作学习周报-黄柯叶-（20161226~20161230）(1).docx\",\"typeId\":1,\"projectId\":null,\"path\":\"2017-03-27-19-38-27_xrzygzxxzbhky20161226201612301.docx\",\"userId\":\"58\",\"uploadTime\":\"2017-03-27 19:38:27\"}]',NULL,NULL,NULL,NULL,NULL,NULL,'{\"cycle\":\"\",\"unit\":\"day\"}',''),('201703271942092294','1',1000456,'liangxuejiaozzzzz','departleaderApproval','53','liangxuejiao','2017-03-27 11:42:09',NULL,NULL,'{\"result\":0,\"comment\":\"\",\"type\":\"approve\"}','58','1788190','1788255',NULL,NULL,NULL,NULL,'',NULL,NULL,NULL,NULL,NULL,NULL,'{\"cycle\":\"\",\"unit\":\"day\"}',''),('201703271949102295','1',1000457,'夏天','officerApproval','59','fpoa','2017-03-27 11:49:10',NULL,NULL,'{\"result\":0,\"comment\":\"\",\"type\":\"approve\",\"isAttach\":0}','6,58','1788286','1788310',NULL,NULL,NULL,NULL,'[{\"annexId\":1001133,\"annexName\":\"2017-03-27-19-48-42_xrzygzxxzbhky2016122620161230.docx\",\"originalFilename\":\"新入职员工作学习周报-黄柯叶-（20161226~20161230）.docx\",\"typeId\":1,\"projectId\":null,\"path\":\"2017-03-27-19-48-42_xrzygzxxzbhky2016122620161230.docx\",\"userId\":\"59\",\"uploadTime\":\"2017-03-27 19:48:42\"}]',NULL,NULL,NULL,NULL,NULL,NULL,'{\"cycle\":\"\",\"unit\":\"day\"}','[{\"roleType\":1,\"privilege\":0,\"id\":6,\"name\":\"committeeA\"},{\"roleType\":1,\"privilege\":0,\"id\":\"58\",\"name\":\"fpc\"}]'),('201703271952212296','1',1000457,'夏天','committeeApproval','58','fpc','2017-03-27 11:52:21',NULL,NULL,'{\"result\":0,\"comment\":\"fdasfsdf的看法\",\"type\":\"approve\",\"isAttach\":0}',NULL,'1788286','1788330',NULL,NULL,NULL,NULL,'[{\"annexId\":1001134,\"annexName\":\"2017-03-27-19-52-20_myygzzb12261230.docx\",\"originalFilename\":\"马艳燕工作周报1226-1230.docx\",\"typeId\":1,\"projectId\":null,\"path\":\"2017-03-27-19-52-20_myygzzb12261230.docx\",\"userId\":\"58\",\"uploadTime\":\"2017-03-27 19:52:20\"}]',NULL,NULL,NULL,NULL,NULL,NULL,'{\"cycle\":\"\",\"unit\":\"day\"}',''),('201703271952522297','1',1000457,'夏天','departleaderApproval','53','liangxuejiao','2017-03-27 11:52:52',NULL,NULL,'{\"result\":0,\"comment\":\"\",\"type\":\"approve\"}','58','1788286','1788352',NULL,NULL,NULL,NULL,'',NULL,NULL,NULL,NULL,NULL,NULL,'{\"cycle\":\"\",\"unit\":\"day\"}',''),('201703271954392298','1',1000457,'夏天','submitMonthlyCheck','58','fpc','2017-03-27 11:54:39',NULL,NULL,'{\"result\":0}','58','1788286','1697725',NULL,NULL,NULL,'{\"score\":\"575\",\"reviewNum\":\"567\",\"fileNum\":\"67657\",\"codeNum\":\"75\",\"whetherAdjust\":\"是的发生的\",\"adjustBefore\":\"东方闪电\",\"adjustAfter\":\"鼎折覆餗发\",\"adjustWhy\":\"57\",\"opinion\":\"567\",\"examine\":\"56\"}',NULL,NULL,NULL,NULL,NULL,NULL,NULL,NULL,NULL),('201703271958372299','1',1000457,'夏天','submitMonthlyReport','57','hanrong','2017-03-27 11:58:37',NULL,NULL,'{\"result\":0}','58','1788286','1697730',NULL,NULL,NULL,'[{\"id\":\"001\",\"type\":\"radio\",\"title\":\"sdfsd\",\"required\":true,\"time\":\"f\",\"content\":\"\",\"produce\":\"\",\"reviewTimes\":\"\",\"codeTimes\":\"\",\"$$hashKey\":\"object:117\"},{\"id\":\"003\",\"type\":\"radio\",\"title\":\"sdf\",\"required\":true,\"time\":\"\",\"content\":\"\",\"produce\":\"\",\"reviewTimes\":\"\",\"codeTimes\":\"\",\"$$hashKey\":\"object:119\"},{\"id\":\"005\",\"type\":\"radio\",\"title\":\"\",\"required\":true,\"time\":\"\",\"content\":\"sdfds\",\"produce\":\"\",\"reviewTimes\":\"\",\"codeTimes\":\"\",\"$$hashKey\":\"object:121\"},{\"id\":\"007\",\"type\":\"radio\",\"title\":\"\",\"required\":true,\"time\":\"\",\"content\":\"\",\"produce\":\"fsdf\",\"reviewTimes\":\"\",\"codeTimes\":\"\",\"$$hashKey\":\"object:123\"}]','{\"specialExplain\":\"\",\"innovation\":\"sd\",\"changeConditions\":\"sdf\",\"riskDescription\":\"\",\"summary\":\"\",\"improvementPlan\":\"\"}',NULL,NULL,NULL,NULL,NULL,NULL,NULL,NULL),('201703271958512300','1',1000457,'夏天','pmSubmitMIdMaterial','57','hanrong','2017-03-27 11:58:51',NULL,NULL,'{\"result\":0,\"comment\":\"\",\"type\":\"file\"}','58','1788286','1788378',NULL,NULL,NULL,NULL,'[{\"annexId\":1001135,\"annexName\":\"2017-03-27-19-58-46_xrzygzxxzbsxy2016122620161231.docx\",\"originalFilename\":\"新入职员工作学习周报-宋翔宇-（20161226~20161231）.docx\",\"typeId\":1,\"projectId\":null,\"path\":\"2017-03-27-19-58-46_xrzygzxxzbsxy2016122620161231.docx\",\"userId\":\"57\",\"uploadTime\":\"2017-03-27 19:58:46\"}]',NULL,NULL,NULL,NULL,NULL,NULL,NULL,NULL),('201703271959222301','1',1000457,'夏天','DispatcherMidMaster','59','fpoa','2017-03-27 11:59:22',NULL,NULL,'{\"result\":0,\"comment\":\"\"}','58','1788286','1788411',NULL,NULL,NULL,'[{\"expert\":\"a\"},{\"expert\":\"b\"}]',NULL,NULL,NULL,NULL,NULL,NULL,NULL,NULL,NULL),('201703272000142302','1',1000457,'夏天','submitMonthlyReport','57','hanrong','2017-03-27 12:00:14',NULL,NULL,'{\"result\":0}','58','1788286','1697740',NULL,NULL,NULL,'[{\"id\":\"002\",\"type\":\"radio\",\"title\":\"sdf\",\"required\":true,\"time\":\"\",\"content\":\"\",\"produce\":\"\",\"reviewTimes\":\"\",\"codeTimes\":\"\",\"$$hashKey\":\"object:118\"},{\"id\":\"005\",\"type\":\"radio\",\"title\":\"\",\"required\":true,\"time\":\"\",\"content\":\"sdfsd\",\"produce\":\"\",\"reviewTimes\":\"\",\"codeTimes\":\"\",\"$$hashKey\":\"object:121\"},{\"id\":\"007\",\"type\":\"radio\",\"title\":\"\",\"required\":true,\"time\":\"\",\"content\":\"\",\"produce\":\"fsdf\",\"reviewTimes\":\"\",\"codeTimes\":\"\",\"$$hashKey\":\"object:123\"}]','{\"specialExplain\":\"\",\"innovation\":\"\",\"changeConditions\":\"\",\"riskDescription\":\"sdf\",\"summary\":\"\",\"improvementPlan\":\"\"}',NULL,NULL,NULL,NULL,NULL,NULL,NULL,NULL),('201703272000212303','1',1000457,'夏天','midApprovalReport','57','hanrong','2017-03-27 12:00:21',NULL,NULL,'{\"result\":0,\"comment\":\"\",\"type\":\"file\"}','58','1788286','1788433',NULL,NULL,NULL,NULL,'[{\"annexId\":1001136,\"annexName\":\"2017-03-27-20-00-20_xrzygzxxzbhky2016122620161230.docx\",\"originalFilename\":\"新入职员工作学习周报-黄柯叶-（20161226~20161230）.docx\",\"typeId\":1,\"projectId\":null,\"path\":\"2017-03-27-20-00-20_xrzygzxxzbhky2016122620161230.docx\",\"userId\":\"57\",\"uploadTime\":\"2017-03-27 20:00:20\"}]',NULL,NULL,NULL,NULL,NULL,NULL,NULL,NULL),('201703272000482304','1',1000457,'夏天','inputMidGrade','59','fpoa','2017-03-27 12:00:48',NULL,NULL,'{\"result\":0,\"comment\":\"\"}','58','1788286','1788457',NULL,NULL,NULL,'{\"score\":2}','',NULL,NULL,NULL,NULL,NULL,NULL,NULL,NULL),('201704060954542305','2',1000460,'申报项目测试20170406','officerApproval','9','officerB','2017-04-06 01:54:54',NULL,NULL,'{\"result\":0,\"comment\":\"\",\"type\":\"approve\"}','6','1792503','1792527',NULL,NULL,NULL,NULL,'',NULL,NULL,NULL,NULL,NULL,NULL,'{\"cycle\":\"\",\"unit\":\"day\"}','[{\"roleType\":1,\"privilege\":0,\"id\":\"6\",\"name\":\"committeeA\"}]'),('201704061000402306','2',1000460,'申报项目测试20170406','committeeApproval','6','committeeA','2017-04-06 02:00:40',NULL,NULL,'{\"result\":0,\"comment\":\"\",\"type\":\"approve\"}',NULL,'1792503','1792547',NULL,NULL,NULL,NULL,'',NULL,NULL,NULL,NULL,NULL,NULL,'{\"cycle\":\"\",\"unit\":\"day\"}',''),('201704061005262307','2',1000460,'申报项目测试20170406','departleaderApproval','7','departLeaderA','2017-04-06 02:05:26',NULL,NULL,'{\"result\":0,\"comment\":\"\",\"type\":\"approve\"}','6','1792503','1792567',NULL,NULL,NULL,NULL,'',NULL,NULL,NULL,NULL,NULL,NULL,'{\"cycle\":\"10\",\"unit\":\"day\"}','');
/*!40000 ALTER TABLE `tb_common_biz` ENABLE KEYS */;
UNLOCK TABLES;

--
-- Table structure for table `tb_company`
--

DROP TABLE IF EXISTS `tb_company`;
/*!40101 SET @saved_cs_client     = @@character_set_client */;
/*!40101 SET character_set_client = utf8 */;
CREATE TABLE `tb_company` (
  `company_id` bigint(20) NOT NULL,
  `company_name` varchar(255) CHARACTER SET utf8 COLLATE utf8_bin DEFAULT NULL,
  `company_property` varchar(255) DEFAULT NULL,
  `certificate_type` varchar(255) DEFAULT NULL,
  `certificate_id` bigint(20) NOT NULL,
  `register_address` varchar(255) DEFAULT NULL,
  `business_address` varchar(255) DEFAULT NULL,
  `link_man` varchar(255) DEFAULT NULL,
  `link_tel` varchar(255) DEFAULT NULL,
  `email` varchar(255) DEFAULT NULL,
  `create_person` varchar(255) DEFAULT NULL,
  `create_time` timestamp NULL DEFAULT NULL,
  `approve_person` varchar(255) DEFAULT NULL,
  `approve_time` timestamp NULL DEFAULT NULL,
  `current_status` varchar(255) DEFAULT NULL,
  PRIMARY KEY (`company_id`),
  KEY `idx_commpany_status` (`current_status`) USING BTREE,
  KEY `idx_commpany_name` (`company_name`) USING BTREE
) ENGINE=InnoDB DEFAULT CHARSET=utf8;
/*!40101 SET character_set_client = @saved_cs_client */;

--
-- Dumping data for table `tb_company`
--

LOCK TABLES `tb_company` WRITE;
/*!40000 ALTER TABLE `tb_company` DISABLE KEYS */;
INSERT INTO `tb_company` VALUES (1000009,'杭州信威','1','1',1,'注册地址','公司地址','1','1',NULL,'1','2017-02-14 05:28:00','审核人','2017-02-14 05:28:00','0'),(1000010,'深圳信威','1','1',1,NULL,NULL,NULL,NULL,NULL,NULL,NULL,NULL,NULL,'0'),(1000011,'上海信威','1','1',1,'注册地址','公司地址','1','1',NULL,'1','2017-02-14 05:28:00','审核人','2017-02-14 05:28:00','0'),(1000012,'陕西信威','1','1',1,'注册地址','公司地址','1','1',NULL,'1','2017-02-14 05:28:00','审核人','2017-02-14 05:28:00','0'),(1000013,'山西信威','1','1',1,'注册地址','公司地址','1','1',NULL,'1','2017-02-14 05:28:00','审核人','2017-02-14 05:28:00','0'),(1000014,'信威','1','1',1,'注册地址','公司地址','1','1',NULL,'1','2017-02-14 05:28:00','审核人','2017-02-14 05:28:00','0'),(1000024,'1','1','1',1,'注册地址','公司地址','1','1','11@qq.com','1','2017-02-14 05:28:00','审核人','2017-02-14 05:28:00','0'),(1000025,'test','1','1',1,'','','1','1','1@qq.com','1','2017-02-14 05:28:00','审核人','2017-02-14 05:28:00','0'),(1000026,'test1','1','1',1,'','','1','1','12@qq.com','1','2017-02-14 05:28:00','审核人','2017-02-14 05:28:00','0'),(1000027,'test2','1','1',1,'','','1','1','1@qq.com','1','2017-02-14 05:28:00','审核人','2017-02-14 05:28:00','0'),(1000028,'1test','1','1',11,'','','1','1','1@qq.com','1','2017-02-14 05:28:00','审核人','2017-02-14 05:28:00','0'),(1000029,'11','11','1',1,'','','1','1','1@qq.com','1','2017-02-14 05:28:00','审核人','2017-02-14 05:28:00','0'),(1000031,'test22','1','1',1,'','','1','1','1@qq.com','1','2017-02-14 05:28:00','审核人','2017-02-14 05:28:00','0'),(1000034,'test321','123456','123456',123456,'','','','','','',NULL,NULL,NULL,'0'),(1000035,'test001','1','2',3,'q','q','','','','',NULL,NULL,NULL,'0'),(1000038,'xiancootalk','a','a',123,'','','a','123456','a@163.com','a','2017-02-24 09:37:00',NULL,NULL,'0'),(1000039,'shenzhenxinwei','danweixingzhi','1',1123,'','','xjk','123456','123@163.com','jk','2017-03-01 09:40:24',NULL,NULL,'0'),(1000040,'beijingxinwei','minqi','zhengjianleixing',123,'','','a','123','123@163.com','a','2017-03-01 09:51:06',NULL,NULL,'0'),(1000043,'腾讯','test','test',1111111,'','','test','11111111','111111@qq.com','test','2017-03-02 01:41:14',NULL,NULL,'0'),(1000044,'test11111','test','111111111111',111111111111,'','','111111111111','111111111111','111111111111@qq.com','111111111111','2017-03-02 01:44:12',NULL,NULL,'0'),(1000046,'test22222222222','222222222','22222',2222,'','','22','22','22@qq.com','11','2017-03-02 01:46:52',NULL,NULL,'0'),(1000047,'test333333','2222222','2222222',2222222,'','','2222222','2222222','2222222@qq.com','2222222','2017-03-02 01:48:28',NULL,NULL,'0'),(1000048,'testtttttttttttttttt','1','1',1,'','','11','1','1@qq.com','1','2017-03-02 01:58:03',NULL,NULL,'0'),(1000049,'testttttt','1','1',1,'','','1','1','1@qq.com','1','2017-03-02 02:00:11',NULL,NULL,'0'),(1000050,'测试李国强','单位性质','身份证',11213123,'','','李四','1221213','asdfa@sha.com','liguoq','2017-03-08 05:17:06',NULL,NULL,'0'),(1000052,'残联政府部门','国企','00000000000000000',0,'北京','北京','残联负责人','00000000','00000000@163.com','残联','2017-04-03 01:30:40',NULL,NULL,'0'),(1000053,'政府部门','政府部门','00000000',0,'00000000','00000000','00000000','00000000','00000000@163.com','00000000','2017-04-03 01:31:38',NULL,NULL,'1'),(1000054,'某个社会组织','社会团体','单位注册号',11111111,'11111111','11111111','张三','11111111','11111111@163.com','1111','2017-04-06 01:25:10',NULL,NULL,'1'),(1000055,'七悦评估','社会组织','111',111,'111','111','111','111','111@163.com','1111','2017-04-06 01:52:18',NULL,NULL,'1'),(1000056,'北京春泽','社会组织','社会组织代码',1234567890,'北京市朝阳区','','刘凤芹','18601002393','05018@bnu.edu.cn','liufengqin','2017-05-15 16:13:24',NULL,NULL,'0'),(1000057,'北京春泽社会服务能力促进与评估中心','社会组织','社会组织编码',11111111111,'北京朝阳区','','刘凤芹','18601002393','05018@bnu.edu.cn','刘凤芹','2017-05-15 16:39:27',NULL,NULL,'1'),(1000058,'北京华夏慧治信息科技有限公司','公司','企业证件号',1111111111,'北京市海淀区','','李国强','15601321304','helmsli@163.com','liguoqiang','2017-05-15 17:06:22',NULL,NULL,'1');
/*!40000 ALTER TABLE `tb_company` ENABLE KEYS */;
UNLOCK TABLES;

--
-- Table structure for table `tb_data_create_info`
--

DROP TABLE IF EXISTS `tb_data_create_info`;
/*!40101 SET @saved_cs_client     = @@character_set_client */;
/*!40101 SET character_set_client = utf8 */;
CREATE TABLE `tb_data_create_info` (
  `data_id` varchar(64) DEFAULT NULL COMMENT '业务数据ID',
  `category_id` bigint(20) DEFAULT NULL COMMENT '业务种类ID',
  `data_type` varchar(255) CHARACTER SET utf8 DEFAULT NULL COMMENT '业务数据类型',
  `creator_id` bigint(20) DEFAULT NULL COMMENT '创建者',
  `create_time` timestamp NULL DEFAULT NULL ON UPDATE CURRENT_TIMESTAMP COMMENT '创建时间',
  `ext_data1` varchar(1024) CHARACTER SET utf8 DEFAULT NULL COMMENT '扩展信息',
  `ext_data2` varchar(1024) CHARACTER SET utf8 DEFAULT NULL COMMENT '扩展信息',
  `ext_data3` varchar(1024) CHARACTER SET utf8 DEFAULT NULL COMMENT '扩展信息'
) ENGINE=InnoDB DEFAULT CHARSET=latin1
/*!50100 PARTITION BY RANGE (category_id)
(PARTITION p0 VALUES LESS THAN (1) ENGINE = InnoDB,
 PARTITION p1 VALUES LESS THAN (2) ENGINE = InnoDB,
 PARTITION p2 VALUES LESS THAN (3) ENGINE = InnoDB,
 PARTITION p3 VALUES LESS THAN (4) ENGINE = InnoDB,
 PARTITION p4 VALUES LESS THAN MAXVALUE ENGINE = InnoDB) */;
/*!40101 SET character_set_client = @saved_cs_client */;

--
-- Dumping data for table `tb_data_create_info`
--

LOCK TABLES `tb_data_create_info` WRITE;
/*!40000 ALTER TABLE `tb_data_create_info` DISABLE KEYS */;
INSERT INTO `tb_data_create_info` VALUES ('1000328',1,'publish',7,'2017-03-25 08:30:36',NULL,NULL,'0'),('1000449',1,'project',4,'2017-03-25 08:31:38','apply',NULL,NULL),('1000329',1,'publish',53,'2017-03-27 01:11:38',NULL,NULL,'0'),('1000330',1,'publish',53,'2017-03-27 01:18:50',NULL,NULL,'0'),('1000331',1,'publish',53,'2017-03-27 01:21:36',NULL,NULL,'0'),('1000450',1,'project',57,'2017-03-27 01:23:25','apply',NULL,NULL),('1000332',1,'publish',53,'2017-03-27 02:43:06',NULL,NULL,'1'),('1000333',1,'publish',7,'2017-03-27 02:50:20',NULL,NULL,'1'),('1000451',1,'project',55,'2017-03-27 02:55:08','apply',NULL,NULL),('1000334',1,'publish',53,'2017-03-27 04:30:57',NULL,NULL,'0'),('1000335',1,'publish',53,'2017-03-27 04:31:32',NULL,NULL,'0'),('1000452',1,'project',57,'2017-03-27 04:32:44','apply',NULL,NULL),('1000453',1,'project',4,'2017-03-27 05:19:28','create',NULL,NULL),('1000336',1,'publish',53,'2017-03-27 05:46:06',NULL,NULL,'0'),('1000454',1,'project',57,'2017-03-27 05:47:51','apply',NULL,NULL),('1000337',1,'publish',53,'2017-03-27 06:36:33',NULL,NULL,'0'),('1000455',1,'project',55,'2017-03-27 07:31:28','create',NULL,NULL),('1000338',1,'publish',53,'2017-03-27 11:34:22',NULL,NULL,'0'),('1000456',1,'project',57,'2017-03-27 11:35:41','apply',NULL,NULL),('1000339',1,'publish',53,'2017-03-27 11:47:06',NULL,NULL,'0'),('1000457',1,'project',57,'2017-03-27 11:48:09','apply',NULL,NULL),('1000341',1,'publish',7,'2017-03-28 02:58:38',NULL,NULL,'0'),('1000459',1,'project',4,'2017-03-28 02:59:23','create',NULL,NULL),('1000344',1,'publish',67,'2017-05-15 15:54:32',NULL,NULL,'[{\"roleType\":1,\"privilege\":0,\"id\":\"6\",\"name\":\"七悦第三方评估\"}]'),('1000461',1,'project',68,'2017-05-16 18:08:16','create',NULL,NULL),('1000462',1,'project',68,'2017-05-16 18:45:49','apply',NULL,NULL),('1000463',1,'project',71,'2017-05-16 18:56:02','apply',NULL,NULL),('1000464',1,'project',72,'2017-05-16 19:05:06','apply',NULL,NULL),('1000465',1,'project',68,'2017-05-16 19:17:30','create',NULL,NULL),('1000466',1,'project',75,'2017-05-17 10:41:08','apply',NULL,NULL),('1000340',2,'publish',62,'2017-03-27 12:03:42',NULL,NULL,'0'),('1000458',2,'project',61,'2017-03-27 12:08:50','apply',NULL,NULL),('1000342',2,'publish',7,'2017-04-06 01:26:08',NULL,NULL,'0'),('1000460',2,'project',4,'2017-04-06 01:47:55','apply',NULL,NULL),('1000343',2,'publish',7,'2017-04-25 08:33:58',NULL,NULL,'0');
/*!40000 ALTER TABLE `tb_data_create_info` ENABLE KEYS */;
UNLOCK TABLES;

--
-- Table structure for table `tb_data_permission`
--

DROP TABLE IF EXISTS `tb_data_permission`;
/*!40101 SET @saved_cs_client     = @@character_set_client */;
/*!40101 SET character_set_client = utf8 */;
CREATE TABLE `tb_data_permission` (
  `data_id` varchar(64) DEFAULT NULL COMMENT '业务数据ID',
  `category_id` bigint(20) DEFAULT NULL COMMENT '业务种类',
  `data_type` varchar(255) CHARACTER SET utf8 DEFAULT NULL COMMENT '业务数据类型',
  `permission_type` varchar(64) CHARACTER SET utf8 DEFAULT NULL COMMENT '权限类型（角色或用户）',
  `permission_id` varchar(255) DEFAULT NULL COMMENT '权限ID',
  `ext_data1` varchar(1024) CHARACTER SET utf8 DEFAULT NULL COMMENT '扩展信息',
  `ext_data2` varchar(1024) CHARACTER SET utf8 DEFAULT NULL COMMENT '扩展信息',
  `ext_data3` varchar(1024) CHARACTER SET utf8 DEFAULT NULL COMMENT '扩展信息'
) ENGINE=InnoDB DEFAULT CHARSET=latin1
/*!50100 PARTITION BY RANGE (category_id)
(PARTITION p0 VALUES LESS THAN (1) ENGINE = InnoDB,
 PARTITION p1 VALUES LESS THAN (2) ENGINE = InnoDB,
 PARTITION p2 VALUES LESS THAN (3) ENGINE = InnoDB,
 PARTITION p3 VALUES LESS THAN (4) ENGINE = InnoDB,
 PARTITION p4 VALUES LESS THAN MAXVALUE ENGINE = InnoDB) */;
/*!40101 SET character_set_client = @saved_cs_client */;

--
-- Dumping data for table `tb_data_permission`
--

LOCK TABLES `tb_data_permission` WRITE;
/*!40000 ALTER TABLE `tb_data_permission` DISABLE KEYS */;
INSERT INTO `tb_data_permission` VALUES ('1000329',1,'publish','1','57',NULL,NULL,NULL),('1000329',1,'publish','1','4',NULL,NULL,NULL),('1000330',1,'publish','1','12',NULL,NULL,NULL),('1000330',1,'publish','1','4',NULL,NULL,NULL),('1000330',1,'publish','1','57',NULL,NULL,NULL),('1000332',1,'publish','1','34',NULL,NULL,NULL),('1000333',1,'publish','1','12',NULL,NULL,NULL),('1000333',1,'publish','1','34',NULL,NULL,NULL),('1000333',1,'publish','1','50',NULL,NULL,NULL),('1000333',1,'publish','1','55',NULL,NULL,NULL),('1000334',1,'publish','1','4',NULL,NULL,NULL),('1000334',1,'publish','1','12',NULL,NULL,NULL),('1000334',1,'publish','1','14',NULL,NULL,NULL),('1000334',1,'publish','1','15',NULL,NULL,NULL),('1000334',1,'publish','1','16',NULL,NULL,NULL),('1000334',1,'publish','1','17',NULL,NULL,NULL),('1000334',1,'publish','1','18',NULL,NULL,NULL),('1000334',1,'publish','1','19',NULL,NULL,NULL),('1000334',1,'publish','1','20',NULL,NULL,NULL),('1000334',1,'publish','1','21',NULL,NULL,NULL),('1000334',1,'publish','1','22',NULL,NULL,NULL),('1000334',1,'publish','1','23',NULL,NULL,NULL),('1000334',1,'publish','1','26',NULL,NULL,NULL),('1000334',1,'publish','1','27',NULL,NULL,NULL),('1000334',1,'publish','1','28',NULL,NULL,NULL),('1000334',1,'publish','1','29',NULL,NULL,NULL),('1000334',1,'publish','1','30',NULL,NULL,NULL),('1000334',1,'publish','1','31',NULL,NULL,NULL),('1000334',1,'publish','1','45',NULL,NULL,NULL),('1000334',1,'publish','1','47',NULL,NULL,NULL),('1000334',1,'publish','1','48',NULL,NULL,NULL),('1000334',1,'publish','1','49',NULL,NULL,NULL),('1000334',1,'publish','1','52',NULL,NULL,NULL),('1000334',1,'publish','1','53',NULL,NULL,NULL),('1000334',1,'publish','1','55',NULL,NULL,NULL),('1000334',1,'publish','1','56',NULL,NULL,NULL),('1000334',1,'publish','1','57',NULL,NULL,NULL),('1000334',1,'publish','1','60',NULL,NULL,NULL),('1000334',1,'publish','1','61',NULL,NULL,NULL),('1000336',1,'publish','1','4',NULL,NULL,NULL),('1000336',1,'publish','1','12',NULL,NULL,NULL),('1000337',1,'publish','1','18',NULL,NULL,NULL),('1000337',1,'publish','1','19',NULL,NULL,NULL),('1000337',1,'publish','1','20',NULL,NULL,NULL),('1000337',1,'publish','1','21',NULL,NULL,NULL),('1000337',1,'publish','1','14',NULL,NULL,NULL),('1000337',1,'publish','1','15',NULL,NULL,NULL),('1000337',1,'publish','1','16',NULL,NULL,NULL),('1000337',1,'publish','1','17',NULL,NULL,NULL),('1000337',1,'publish','1','4',NULL,NULL,NULL),('1000337',1,'publish','1','12',NULL,NULL,NULL),('1000337',1,'publish','1','57',NULL,NULL,NULL),('1000338',1,'publish','1','4',NULL,NULL,NULL),('1000339',1,'publish','1','4',NULL,NULL,NULL),('1000341',1,'publish','1','4',NULL,NULL,NULL),('1000344',1,'publish','1','4','application',NULL,NULL),('1000344',1,'publish','0','14','application',NULL,NULL),('1000344',1,'publish','1','6','application',NULL,NULL),('1000344',1,'publish','1','67','owner',NULL,NULL),('1000344',1,'publish','2','68','application',NULL,'apply'),('1000344',1,'publish','2','71','application',NULL,'apply'),('1000344',1,'publish','2','72','application',NULL,'apply'),('1000344',1,'publish','2','75','application',NULL,'apply'),('1000344',1,'publish','0','16','application',NULL,NULL),('1000343',2,'publish','1','4',NULL,NULL,NULL);
/*!40000 ALTER TABLE `tb_data_permission` ENABLE KEYS */;
UNLOCK TABLES;

--
-- Table structure for table `tb_departleader_approval`
--

DROP TABLE IF EXISTS `tb_departleader_approval`;
/*!40101 SET @saved_cs_client     = @@character_set_client */;
/*!40101 SET character_set_client = utf8 */;
CREATE TABLE `tb_departleader_approval` (
  `record_id` bigint(20) NOT NULL,
  `project_id` bigint(20) DEFAULT NULL,
  `stage` varchar(255) DEFAULT NULL,
  `time` timestamp NULL DEFAULT NULL,
  `conclusion` varchar(1024) DEFAULT NULL,
  `comments` varchar(1024) DEFAULT NULL,
  `user_id` bigint(20) DEFAULT NULL,
  PRIMARY KEY (`record_id`),
  KEY `idx_depart_pId_stage_time` (`project_id`,`stage`,`time`) USING BTREE
) ENGINE=InnoDB DEFAULT CHARSET=utf8;
/*!40101 SET character_set_client = @saved_cs_client */;

--
-- Dumping data for table `tb_departleader_approval`
--

LOCK TABLES `tb_departleader_approval` WRITE;
/*!40000 ALTER TABLE `tb_departleader_approval` DISABLE KEYS */;
/*!40000 ALTER TABLE `tb_departleader_approval` ENABLE KEYS */;
UNLOCK TABLES;

--
-- Table structure for table `tb_departleader_publish`
--

DROP TABLE IF EXISTS `tb_departleader_publish`;
/*!40101 SET @saved_cs_client     = @@character_set_client */;
/*!40101 SET character_set_client = utf8 */;
CREATE TABLE `tb_departleader_publish` (
  `publish_id` bigint(20) NOT NULL COMMENT 'ID',
  `title` varchar(512) DEFAULT NULL COMMENT '名称',
  `category_id` bigint(20) DEFAULT NULL COMMENT '种类ID',
  `service_type` varchar(512) DEFAULT NULL COMMENT '类型',
  `description` varchar(1024) DEFAULT NULL COMMENT '描述',
  `create_time` timestamp NULL DEFAULT NULL ON UPDATE CURRENT_TIMESTAMP COMMENT '创建时间',
  `create_person` varchar(20) DEFAULT NULL COMMENT '创建者',
  `data1` varchar(1024) DEFAULT NULL COMMENT '扩展数据区',
  `data2` varchar(1024) DEFAULT NULL COMMENT '扩展数据区',
  `data3` varchar(1024) DEFAULT NULL COMMENT '扩展数据区',
  `data4` varchar(1024) DEFAULT NULL COMMENT '扩展数据区',
  `data5` varchar(1024) DEFAULT NULL COMMENT '扩展数据区',
  `data6` varchar(1024) DEFAULT NULL COMMENT '扩展数据区',
  `data7` varchar(1024) DEFAULT NULL COMMENT '扩展数据区',
  `data8` varchar(1024) DEFAULT NULL COMMENT '扩展数据区',
  `data9` varchar(1024) DEFAULT NULL COMMENT '扩展数据区',
  `data10` varchar(1024) DEFAULT NULL COMMENT '扩展数据区',
  PRIMARY KEY (`publish_id`)
) ENGINE=InnoDB DEFAULT CHARSET=utf8;
/*!40101 SET character_set_client = @saved_cs_client */;

--
-- Dumping data for table `tb_departleader_publish`
--

LOCK TABLES `tb_departleader_publish` WRITE;
/*!40000 ALTER TABLE `tb_departleader_publish` DISABLE KEYS */;
INSERT INTO `tb_departleader_publish` VALUES (1000328,'xjkfabutest_01',1,'cooMarts','xjkfabutest_01','2017-03-25 08:30:36','7','[{\"roleType\":1,\"privilege\":0,\"id\":\"4\",\"name\":\"projectManagerA\"}]','[{\"annexId\":1001059,\"annexName\":\"2017-03-25-16-30-34_jcyhbmdydxgfw.txt\",\"originalFilename\":\"检查用户别名调用的相关服务.txt\",\"typeId\":1,\"projectId\":null,\"path\":\"2017-03-25-16-30-34_jcyhbmdydxgfw.txt\",\"userId\":\"7\",\"uploadTime\":\"2017-03-25 16:30:34\"}]','0',NULL,NULL,NULL,NULL,NULL,NULL,NULL),(1000329,'fpmars001',1,'cooMarts','fpmars001','2017-03-27 01:11:38','53','[{\"roleType\":1,\"privilege\":0,\"id\":\"57\",\"name\":\"hanrong\"},{\"roleType\":1,\"privilege\":0,\"id\":\"4\",\"name\":\"projectManagerA\"}]','','0',NULL,NULL,NULL,NULL,NULL,NULL,NULL),(1000330,'fptalk002',1,'camTalk','fptalk002','2017-03-27 01:18:50','53','[{\"roleType\":1,\"privilege\":0,\"id\":\"12\",\"name\":\"111\"},{\"roleType\":1,\"privilege\":0,\"id\":\"4\",\"name\":\"projectManagerA\"},{\"roleType\":1,\"privilege\":0,\"id\":\"57\",\"name\":\"hanrong\"}]','[{\"annexId\":1001072,\"annexName\":\"2017-03-27-09-18-50_2016nbmgzzjhyap.docx\",\"originalFilename\":\"2016年部门工作总结会议安排.docx\",\"typeId\":1,\"projectId\":null,\"path\":\"2017-03-27-09-18-50_2016nbmgzzjhyap.docx\",\"userId\":\"53\",\"uploadTime\":\"2017-03-27 09:18:50\"}]','0',NULL,NULL,NULL,NULL,NULL,NULL,NULL),(1000331,'fpmars003',1,'cooMarts','fpmars003','2017-03-27 01:21:36','53','[{\"roleType\":1,\"privilege\":0,\"id\":\"57\",\"name\":\"hanrong\"}]','[{\"annexId\":1001073,\"annexName\":\"2017-03-27-09-21-33_myygzzb12261230.docx\",\"originalFilename\":\"马艳燕工作周报1226-1230.docx\",\"typeId\":1,\"projectId\":null,\"path\":\"2017-03-27-09-21-33_myygzzb12261230.docx\",\"userId\":\"53\",\"uploadTime\":\"2017-03-27 09:21:33\"}]','0',NULL,NULL,NULL,NULL,NULL,NULL,NULL),(1000332,'fpmarsfabutaskrequirement001',1,'cooMarts','fpmarsfabutaskrequirement001','2017-03-27 02:43:06','53','[{\"roleType\":1,\"privilege\":0,\"id\":\"55\",\"name\":\"fangping\"},{\"roleType\":1,\"privilege\":0,\"id\":\"34\",\"name\":\"threeLeader\"}]','','1',NULL,NULL,NULL,NULL,NULL,NULL,NULL),(1000333,'departleaerafabutaskreq',1,'cooMarts','departleaerafabutaskreq','2017-03-27 02:50:20','7','[{\"roleType\":1,\"privilege\":0,\"id\":12,\"name\":\"111\"},{\"roleType\":1,\"privilege\":0,\"id\":\"34\",\"name\":\"threeLeader\"},{\"roleType\":1,\"privilege\":0,\"id\":\"50\",\"name\":\"threeleader2\"},{\"roleType\":1,\"privilege\":0,\"id\":\"55\",\"name\":\"fangping\"}]','[{\"annexId\":1001093,\"annexName\":\"2017-03-27-10-50-19_xrzygzxxzbhky20161226201612301.docx\",\"originalFilename\":\"新入职员工作学习周报-黄柯叶-（20161226~20161230）(1).docx\",\"typeId\":1,\"projectId\":null,\"path\":\"2017-03-27-10-50-19_xrzygzxxzbhky20161226201612301.docx\",\"userId\":\"7\",\"uploadTime\":\"2017-03-27 10:50:19\"}]','1',NULL,NULL,NULL,NULL,NULL,NULL,NULL),(1000334,'xxxxxxxxxxx',1,'cooMarts','xxxxxxxxxxxxx','2017-03-27 04:30:57','53','[{\"roleType\":0,\"privilege\":0,\"id\":14,\"name\":\"所有项目经理\"}]','','0',NULL,NULL,NULL,NULL,NULL,NULL,NULL),(1000335,'zz',1,'cooMarts','zzzzzzzzzzzzzzz','2017-03-27 04:31:32','53','[{\"roleType\":1,\"privilege\":0,\"id\":\"57\",\"name\":\"hanrong\"}]','','0',NULL,NULL,NULL,NULL,NULL,NULL,NULL),(1000336,'testallnull',1,'cooMarts','testallnull-fp','2017-03-27 05:46:06','53','[{\"roleType\":1,\"privilege\":0,\"id\":\"4\",\"name\":\"projectManagerA\"},{\"roleType\":1,\"privilege\":0,\"id\":\"12\",\"name\":\"111\"},{\"roleType\":1,\"privilege\":0,\"id\":\"57\",\"name\":\"hanrong\"}]','[{\"annexId\":1001097,\"annexName\":\"2017-03-27-13-46-04_myygzzb12261230.docx\",\"originalFilename\":\"马艳燕工作周报1226-1230.docx\",\"typeId\":1,\"projectId\":null,\"path\":\"2017-03-27-13-46-04_myygzzb12261230.docx\",\"userId\":\"53\",\"uploadTime\":\"2017-03-27 13:46:04\"}]','0',NULL,NULL,NULL,NULL,NULL,NULL,NULL),(1000337,'marttest3fp',1,'cooMarts','marttest3fp','2017-03-27 06:36:33','53','[{\"roleType\":1,\"privilege\":0,\"id\":\"18\",\"name\":\"1\"},{\"roleType\":1,\"privilege\":0,\"id\":\"19\",\"name\":\"1\"},{\"roleType\":1,\"privilege\":0,\"id\":\"20\",\"name\":\"1\"},{\"roleType\":1,\"privilege\":0,\"id\":\"21\",\"name\":\"1\"},{\"roleType\":1,\"privilege\":0,\"id\":\"14\",\"name\":\"A\"},{\"roleType\":1,\"privilege\":0,\"id\":\"15\",\"name\":\"a\"},{\"roleType\":1,\"privilege\":0,\"id\":\"16\",\"name\":\"q\"},{\"roleType\":1,\"privilege\":0,\"id\":\"17\",\"name\":\"h\"},{\"roleType\":1,\"privilege\":0,\"id\":4,\"name\":\"projectManagerA\"},{\"roleType\":1,\"privilege\":0,\"id\":\"12\",\"name\":\"111\"},{\"roleType\":1,\"privilege\":0,\"id\":\"57\",\"name\":\"hanrong\"}]','[{\"annexId\":1001100,\"annexName\":\"2017-03-27-14-36-32_lkprzgzxxzb2016122620160101.docx\",\"originalFilename\":\"李康鹏入职工作学习周报（20161226-20160101).docx\",\"typeId\":1,\"projectId\":null,\"path\":\"2017-03-27-14-36-32_lkprzgzxxzb2016122620160101.docx\",\"userId\":\"53\",\"uploadTime\":\"2017-03-27 14:36:32\"}]','0',NULL,NULL,NULL,NULL,NULL,NULL,NULL),(1000338,'好啊好啊',1,'cooMarts','liangxuejiao-发布','2017-03-27 11:34:22','53','[{\"roleType\":1,\"privilege\":0,\"id\":57,\"name\":\"hanrong\"},{\"roleType\":1,\"privilege\":0,\"id\":\"4\",\"name\":\"projectManagerA\"}]','[{\"annexId\":1001128,\"annexName\":\"2017-03-27-19-34-21_xrzygzxxzbhky20161226201612301.docx\",\"originalFilename\":\"新入职员工作学习周报-黄柯叶-（20161226~20161230）(1).docx\",\"typeId\":1,\"projectId\":null,\"path\":\"2017-03-27-19-34-21_xrzygzxxzbhky20161226201612301.docx\",\"userId\":\"53\",\"uploadTime\":\"2017-03-27 19:34:21\"}]','0',NULL,NULL,NULL,NULL,NULL,NULL,NULL),(1000339,'春天',1,'cooMarts','春天','2017-03-27 11:47:06','53','[{\"roleType\":1,\"privilege\":0,\"id\":\"4\",\"name\":\"projectManagerA\"},{\"roleType\":1,\"privilege\":0,\"id\":\"57\",\"name\":\"hanrong\"}]','','0',NULL,NULL,NULL,NULL,NULL,NULL,NULL),(1000340,'talksdfdf001',2,'camTalk','talksdfdf001','2017-03-27 12:03:42','62','[{\"roleType\":1,\"privilege\":0,\"id\":61,\"name\":\"lixuan\"}]','[{\"annexId\":1001137,\"annexName\":\"2017-03-27-20-03-42_xrzygzxxzbhky20161226201612301.docx\",\"originalFilename\":\"新入职员工作学习周报-黄柯叶-（20161226~20161230）(1).docx\",\"typeId\":1,\"projectId\":null,\"path\":\"2017-03-27-20-03-42_xrzygzxxzbhky20161226201612301.docx\",\"userId\":\"62\",\"uploadTime\":\"2017-03-27 20:03:42\"}]','0',NULL,NULL,NULL,NULL,NULL,NULL,NULL),(1000341,'dededed',1,'cooMarts','ededededed','2017-03-28 02:58:38','7','[{\"roleType\":1,\"privilege\":0,\"id\":\"4\",\"name\":\"projectManagerA\"}]','','0',NULL,NULL,NULL,NULL,NULL,NULL,NULL),(1000342,'测试项目20170406',2,'定向项目','发布某个需求','2017-04-06 01:26:08','7','[{\"roleType\":1,\"privilege\":0,\"id\":\"4\",\"name\":\"projectManagerA\"}]','','0',NULL,NULL,NULL,NULL,NULL,NULL,NULL),(1000343,'测试1',2,'定向项目','测试1','2017-04-25 08:33:58','7','[{\"roleType\":0,\"privilege\":0,\"id\":14,\"name\":\"所有组织和机构\"}]','[{\"annexId\":1001139,\"annexName\":\"2017-04-25-16-33-21_WeChat.exe\",\"originalFilename\":\"WeChat.exe\",\"typeId\":1,\"projectId\":null,\"path\":\"2017-04-25-16-33-21_WeChat.exe\",\"userId\":\"7\",\"uploadTime\":\"2017-04-25 16:33:21\"}]','0',NULL,NULL,NULL,NULL,NULL,NULL,NULL),(1000344,'福彩公益金资助社会组织开展公益服务项目申报',1,'申请项目','福彩公益金资助社会组织开展公益服务\n项目申报书','2017-05-15 15:54:32','67','[{\"roleType\":0,\"privilege\":0,\"id\":14,\"name\":\"所有组织和机构\"}]','[{\"annexId\":1001140,\"annexName\":\"2017-05-15-23-54-30_fcgyjzzshzzkzgyfwxmsbs.doc\",\"originalFilename\":\"福彩公益金资助社会组织开展公益服务项目申报书.doc\",\"typeId\":1,\"projectId\":null,\"path\":\"2017-05-15-23-54-30_fcgyjzzshzzkzgyfwxmsbs.doc\",\"userId\":\"67\",\"uploadTime\":\"2017-05-15 23:54:30\"}]','[{\"roleType\":1,\"privilege\":0,\"id\":\"6\",\"name\":\"七悦第三方评估\"}]','{\"assignThreeEval\":\"七悦第三方评估,\",\"releaseUrl\":\"\"}',NULL,NULL,NULL,NULL,'application','0');
/*!40000 ALTER TABLE `tb_departleader_publish` ENABLE KEYS */;
UNLOCK TABLES;

--
-- Table structure for table `tb_expert_review`
--

DROP TABLE IF EXISTS `tb_expert_review`;
/*!40101 SET @saved_cs_client     = @@character_set_client */;
/*!40101 SET character_set_client = utf8 */;
CREATE TABLE `tb_expert_review` (
  `record_id` bigint(20) NOT NULL,
  `project_id` bigint(20) DEFAULT NULL,
  `stage` varchar(255) DEFAULT NULL,
  `time` timestamp NULL DEFAULT NULL,
  `expert_list` varchar(1024) DEFAULT NULL,
  `room` varchar(255) DEFAULT NULL,
  `expert_score` varchar(1024) DEFAULT NULL,
  PRIMARY KEY (`record_id`),
  KEY `idx_expert_pId_rId` (`record_id`,`project_id`) USING BTREE,
  KEY `idx_pId_stage_time` (`project_id`,`stage`,`time`) USING BTREE
) ENGINE=InnoDB DEFAULT CHARSET=utf8;
/*!40101 SET character_set_client = @saved_cs_client */;

--
-- Dumping data for table `tb_expert_review`
--

LOCK TABLES `tb_expert_review` WRITE;
/*!40000 ALTER TABLE `tb_expert_review` DISABLE KEYS */;
/*!40000 ALTER TABLE `tb_expert_review` ENABLE KEYS */;
UNLOCK TABLES;

--
-- Table structure for table `tb_project`
--

DROP TABLE IF EXISTS `tb_project`;
/*!40101 SET @saved_cs_client     = @@character_set_client */;
/*!40101 SET character_set_client = utf8 */;
CREATE TABLE `tb_project` (
  `project_id` bigint(20) NOT NULL,
  `project_name` varchar(255) DEFAULT NULL,
  `project_manager_id` bigint(20) DEFAULT NULL,
  `project_manager_name` varchar(255) DEFAULT NULL,
  `category_id` bigint(20) DEFAULT NULL,
  `subcategory` varchar(512) DEFAULT NULL,
  `cycle_type` varchar(512) DEFAULT NULL,
  `main_current_state` varchar(512) DEFAULT NULL COMMENT '主流程当前状态',
  `main_previous_state` varchar(512) DEFAULT NULL COMMENT '主流程上一状态',
  `change_current_state` varchar(512) DEFAULT NULL COMMENT '更改流程当前状态',
  `change_previous_state` varchar(512) DEFAULT NULL COMMENT '更改流程上一状态',
  `change_data_id` varchar(512) DEFAULT NULL COMMENT '更改数据ID',
  `report_current_state` varchar(512) DEFAULT NULL,
  `project_process_instance_id` varchar(100) DEFAULT NULL,
  `change_process_instance_id` varchar(100) DEFAULT NULL COMMENT '更改流程实例ID',
  `project_ext_info` varchar(2048) DEFAULT NULL,
  `project_task_detail` varchar(2048) DEFAULT NULL,
  `self_appraise` varchar(1024) DEFAULT NULL,
  `depart_leader_appraise` varchar(1024) DEFAULT NULL,
  `project_costs` varchar(1024) DEFAULT NULL,
  `start_time` timestamp NULL DEFAULT NULL,
  `complete_time` timestamp NULL DEFAULT NULL,
  `project_apply_time` timestamp NULL DEFAULT NULL COMMENT '项目创建时间',
  `project_apply_person` varchar(255) DEFAULT NULL COMMENT '项目创建人',
  `telno` varchar(1024) DEFAULT NULL,
  `email` varchar(1024) DEFAULT NULL,
  `project_milestone` varchar(1024) DEFAULT NULL,
  `publish_id` bigint(20) DEFAULT NULL COMMENT '部门经理发布ID',
  `publish_title` varchar(512) DEFAULT NULL COMMENT '发布主题',
  `state` varchar(255) DEFAULT NULL COMMENT '项目状态（正在进行、结项）',
  PRIMARY KEY (`project_id`),
  KEY `idx_project_managerId_categoryId` (`project_manager_id`,`category_id`) USING HASH,
  KEY `idx_project_mId_cId_state` (`project_manager_id`,`category_id`,`state`) USING HASH,
  KEY `idx_project_categoryId` (`category_id`) USING BTREE
) ENGINE=InnoDB DEFAULT CHARSET=utf8;
/*!40101 SET character_set_client = @saved_cs_client */;

--
-- Dumping data for table `tb_project`
--

LOCK TABLES `tb_project` WRITE;
/*!40000 ALTER TABLE `tb_project` DISABLE KEYS */;
INSERT INTO `tb_project` VALUES (1000449,'xjkshenbao_01',4,'projectManagerA',1,'[{\"value\":\"核心网\",\"id\":\"002\"}]','[{\"value\":\"1年\",\"id\":\"001\"}]','{\"state\":\"endProjectProcess\",\"stateName\":\"项目申请结束\"}','{\"state\":\"departleaderConclusion\",\"stateName\":\"部门经理评价\",\"taskId\":\"1780429\",\"assignName\":\"departLeaderA\"}',NULL,NULL,NULL,'{\"state\":\"endSubmitMonthlyReport\",\"stateName\":\"周期报告结束\",\"taskId\":\"\",\"assignName\":\"\"}','1777501',NULL,'{\"taskDescribe\":\"aa\",\"taskbackground\":\"aa\",\"taskgoal\":\"aa\",\"taskDanger\":\"a\",\"taskcreate\":\"a\",\"taskplan\":\"[{\\\"planTime\\\":\\\"2017-03-25\\\",\\\"planContext\\\":\\\"aa\\\",\\\"planOutPUT\\\":\\\"aa\\\",\\\"planOutWord\\\":\\\"aa\\\"}]\"}','{\"CPU\":\"12\",\"memory\":\"1\",\"bandWidth\":\"3\",\"serversNumber\":\"qe\",\"UpgradeTime\":\"qe\",\"otherConditions\":\"q\"}',NULL,NULL,'[{\"payName\":\"a\",\"payPrice\":\"1\",\"payNumber\":\"2\",\"paySbutotal\":\"2.00\",\"payRemarks\":\"1\"}]','2017-03-24 16:00:00','2017-03-24 16:00:00','2017-03-25 08:31:38','4','132','123@163.com','项目里程碑',1000328,'xjkfabutest_01','end'),(1000450,'fpmars003',57,'hanrong',1,'[{\"value\":\"互联网\",\"id\":\"202\"}]','[{\"value\":\"3年\",\"id\":\"201\"}]','{\"state\":\"endProjectProcess\",\"stateName\":\"项目申请结束\"}','{\"state\":\"departleaderConclusion\",\"stateName\":\"部门经理评价\",\"taskId\":\"1780926\",\"assignName\":\"liangxuejiao\"}',NULL,NULL,NULL,'{\"state\":\"endSubmitMonthlyReport\",\"stateName\":\"周期报告结束\",\"taskId\":\"\",\"assignName\":\"\"}','1780462',NULL,'{\"taskDescribe\":\"1\",\"taskbackground\":\"\",\"taskgoal\":\"2\",\"taskDanger\":\"43\",\"taskcreate\":\"fg\",\"taskplan\":\"[{\\\"planTime\\\":\\\"2017-03-27\\\",\\\"planContext\\\":\\\"3\\\",\\\"planOutPUT\\\":\\\"4 4\\\",\\\"planOutWord\\\":\\\"45\\\"}]\"}','{\"CPU\":\"\",\"memory\":\"sf\",\"bandWidth\":\"df\",\"serversNumber\":\"sdfsdf\",\"UpgradeTime\":\"dsf\",\"otherConditions\":\"sdf\"}',NULL,NULL,'[{\"payName\":\"sdf\",\"payPrice\":\"43\",\"payNumber\":\"1\",\"paySbutotal\":\"43.00\",\"payRemarks\":\"1\"}]','2017-03-26 16:00:00','2017-03-26 16:00:00','2017-03-27 01:23:25','57','3465677','fpmars003@163.com','项目里程碑',1000331,'fpmars003','end'),(1000451,'threeleader申报001',55,'fangping',1,'[{\"value\":\"互联网\",\"id\":\"202\"}]','[{\"value\":\"3年\",\"id\":\"201\"}]','{\"state\":\"endProjectProcess\",\"stateName\":\"项目申请结束\"}','{\"state\":\"departleaderConclusion\",\"stateName\":\"部门经理评价\",\"taskId\":\"1787898\",\"assignName\":\"liangxuejiao\"}',NULL,NULL,NULL,'{\"state\":\"endSubmitMonthlyReport\",\"stateName\":\"周期报告结束\",\"taskId\":\"\",\"assignName\":\"\"}','1780959',NULL,'{\"taskDescribe\":\"sdf\",\"taskbackground\":\"sdf\",\"taskgoal\":\"sdf\",\"taskDanger\":\"sdf\",\"taskcreate\":\"sdf\",\"taskplan\":\"[{\\\"planTime\\\":\\\"2017-03-27\\\",\\\"planContext\\\":\\\"sdf\\\",\\\"planOutPUT\\\":\\\"sdf\\\",\\\"planOutWord\\\":\\\"sdf\\\"}]\"}','{\"CPU\":\"56\",\"memory\":\"fd\",\"bandWidth\":\"dddddg\",\"serversNumber\":\"ffdg\",\"UpgradeTime\":\"dfg\",\"otherConditions\":\"gfdfg\"}',NULL,NULL,'[{\"payName\":\"dsf\",\"payPrice\":\"56\",\"payNumber\":\"6\",\"paySbutotal\":\"336.00\",\"payRemarks\":\"56\"}]','2017-03-26 16:00:00','2017-03-26 16:00:00','2017-03-27 02:55:08','55','','threeleader001@163.com','项目里程碑',1000332,'fpmarsfabutaskrequirement001','end'),(1000452,'zzzzzzzzzzz',57,'hanrong',1,'[{\"value\":\"核心网\",\"id\":\"002\"}]','[{\"value\":\"1年\",\"id\":\"001\"}]','{\"state\":\"officerApproval\",\"stateName\":\"项目管理员审批\",\"taskId\":\"1781032\",\"assignName\":\"CooMartsOfficer\"}',NULL,NULL,NULL,NULL,NULL,'1781008',NULL,'{\"taskDescribe\":\"sd\",\"taskbackground\":\"fdf\",\"taskgoal\":\"sdf\",\"taskDanger\":\"df\",\"taskcreate\":\"df\",\"taskplan\":\"[{\\\"planTime\\\":\\\"2017-03-27\\\",\\\"planContext\\\":\\\"sdf\\\",\\\"planOutPUT\\\":\\\"sd\\\",\\\"planOutWord\\\":\\\"fsdf\\\"}]\"}','{\"CPU\":\"34\",\"memory\":\"ds\",\"bandWidth\":\"f\",\"serversNumber\":\"fsd\",\"UpgradeTime\":\"dsf\",\"otherConditions\":\"d\"}',NULL,NULL,'[{\"payName\":\"sdf\",\"payPrice\":\"4\",\"payNumber\":\"4\",\"paySbutotal\":\"16.00\",\"payRemarks\":\"4\"}]','2017-03-26 16:00:00','2017-03-26 16:00:00','2017-03-27 04:32:44','57','','zz@163.com','项目里程碑',1000335,'zz','start'),(1000453,'changguichun-test01',4,'projectManagerA',1,'[{\"value\":\"核心网\",\"id\":\"002\"}]','[{\"value\":\"1年\",\"id\":\"001\"}]','{\"state\":\"pmSubmitMIdMaterial\",\"stateName\":\"项目经理提交中期评审材料\",\"taskId\":\"1787674\",\"assignName\":\"projectManagerA\"}','{\"state\":\"departleaderApproval\",\"stateName\":\"部门经理审批\",\"taskId\":\"1782583\",\"assignName\":\"liangxuejiao\"}',NULL,NULL,NULL,'{\"state\":\"submitMonthlyReport\",\"stateName\":\"提交周期报告\",\"taskId\":\"1697687\",\"assignName\":\"projectManagerA\"}','1782501',NULL,'{\"taskDescribe\":\"\",\"taskbackground\":\"\",\"taskgoal\":\"\",\"taskDanger\":\"\",\"taskcreate\":\"\",\"taskplan\":\"[{\\\"planTime\\\":\\\"2017-03-27\\\",\\\"planContext\\\":\\\"\\\",\\\"planOutPUT\\\":\\\"\\\",\\\"planOutWord\\\":\\\"\\\"}]\"}','{\"CPU\":\"\",\"memory\":\"\",\"bandWidth\":\"\",\"serversNumber\":\"\",\"UpgradeTime\":\"\",\"otherConditions\":\"\"}',NULL,NULL,'[{\"payName\":\"\",\"payPrice\":\"\",\"payNumber\":\"\",\"paySbutotal\":\"\",\"payRemarks\":\"\"}]','2017-03-26 16:00:00','2017-03-26 16:00:00','2017-03-27 05:19:28','4','','','项目里程碑',NULL,NULL,'start'),(1000455,'变更流程-fppm-fabu',55,'fangping',1,'[{\"value\":\"网管\",\"id\":\"102\"}]','[{\"value\":\"2年\",\"id\":\"101\"}]','{\"state\":\"pmSubmitMIdMaterial\",\"stateName\":\"项目经理提交中期评审材料\",\"taskId\":\"1788185\",\"assignName\":\"fangping\"}','{\"state\":\"departleaderApproval\",\"stateName\":\"部门经理审批\",\"taskId\":\"1788156\",\"assignName\":\"liangxuejiao\"}','{\"state\":\"endChangeProcess\",\"stateName\":\"结束变更\",\"taskId\":\"\"}','{\"state\":\"departleaderApprovalChange\",\"stateName\":\"部门经理审批变更\",\"taskId\":\"1788138\",\"assignName\":\"liangxuejiao\"}','201703271645232284','{\"state\":\"submitMonthlyReport\",\"stateName\":\"提交周期报告\",\"taskId\":\"1697708\",\"assignName\":\"fangping\"}','1787931','1788067','{\"taskDescribe\":\"sdf222288\",\"taskbackground\":\"df222222222222228\",\"taskgoal\":\"sdf222222228\",\"taskDanger\":\"sdf22222222222228\",\"taskcreate\":\"sdf222222228\",\"taskplan\":\"[{\\\"planTime\\\":\\\"2017-03-27\\\",\\\"planContext\\\":\\\"sdf28\\\",\\\"planOutPUT\\\":\\\"ds2222228\\\",\\\"planOutWord\\\":\\\"fsdf222222222228\\\"},{\\\"planTime\\\":\\\"2017-03-27\\\",\\\"planContext\\\":\\\"28\\\",\\\"planOutPUT\\\":\\\"222228\\\",\\\"planOutWord\\\":\\\"2222222222228\\\"}]\"}','{\"CPU\":\"458\",\"memory\":\"f8\",\"bandWidth\":\"gre8\",\"serversNumber\":\"re8\",\"UpgradeTime\":\"g8\",\"otherConditions\":\"tert8\"}',NULL,NULL,'[{\"payName\":\"sdf\",\"payPrice\":\"528\",\"payNumber\":\"52\",\"paySbutotal\":\"27456.00\",\"payRemarks\":\"528\"},{\"payName\":\"2\",\"payPrice\":\"28\",\"payNumber\":\"28\",\"paySbutotal\":\"784.00\",\"payRemarks\":\"28\"}]','2017-03-26 16:00:00','2017-03-26 16:00:00','2017-03-27 07:31:28','55','23422222888','ppm-fabu222288@163.com','项目里程碑',NULL,NULL,'start'),(1000456,'liangxuejiaozzzzz',57,'hanrong',1,'[{\"value\":\"互联网\",\"id\":\"202\"}]','[{\"value\":\"3年\",\"id\":\"201\"}]','{\"state\":\"pmSubmitMIdMaterial\",\"stateName\":\"项目经理提交中期评审材料\",\"taskId\":\"1788281\",\"assignName\":\"hanrong\"}','{\"state\":\"departleaderApproval\",\"stateName\":\"部门经理审批\",\"taskId\":\"1788255\",\"assignName\":\"liangxuejiao\"}',NULL,NULL,NULL,'{\"state\":\"submitMonthlyReport\",\"stateName\":\"提交周期报告\",\"taskId\":\"1697719\",\"assignName\":\"hanrong\"}','1788190',NULL,'{\"taskDescribe\":\"df\",\"taskbackground\":\"sdf\",\"taskgoal\":\"sdf\",\"taskDanger\":\"sdfd\",\"taskcreate\":\"fd\",\"taskplan\":\"[{\\\"planTime\\\":\\\"2017-03-27\\\",\\\"planContext\\\":\\\"dsf\\\",\\\"planOutPUT\\\":\\\"df\\\",\\\"planOutWord\\\":\\\"sdf\\\"}]\"}','{\"CPU\":\"fd\",\"memory\":\"gdf\",\"bandWidth\":\"gfd\",\"serversNumber\":\"gdf\",\"UpgradeTime\":\"gdf\",\"otherConditions\":\"gdfg\"}',NULL,NULL,'[{\"payName\":\"fddsf\",\"payPrice\":\"5\",\"payNumber\":\"5\",\"paySbutotal\":\"25.00\",\"payRemarks\":\"545\"}]','2017-03-26 16:00:00','2017-03-26 16:00:00','2017-03-27 11:35:41','57','3453455','liangxuejiaozzzzz@163.com','项目里程碑',1000338,'好啊好啊','start'),(1000457,'夏天',57,'hanrong',1,'[{\"value\":\"互联网\",\"id\":\"202\"}]','[{\"value\":\"sdfdsf\",\"id\":\"301\"}]','{\"state\":\"midCommitteeApproval\",\"stateName\":\"决策委员会中期评审\",\"taskId\":\"1788481\",\"assignName\":\"fpc\"}','{\"state\":\"inputMidGrade\",\"stateName\":\"管理人员录入中期评审专家评分\",\"taskId\":\"1788457\",\"assignName\":\"fpoa\"}',NULL,NULL,NULL,'{\"state\":\"endSubmitMonthlyReport\",\"stateName\":\"周期报告结束\",\"taskId\":\"\",\"assignName\":\"\"}','1788286',NULL,'{\"taskDescribe\":\"sdf\",\"taskbackground\":\"sdf\",\"taskgoal\":\"dfs\",\"taskDanger\":\"sdf\",\"taskcreate\":\"sdf\",\"taskplan\":\"[{\\\"planTime\\\":\\\"2017-03-27\\\",\\\"planContext\\\":\\\"sdf\\\",\\\"planOutPUT\\\":\\\"sd\\\",\\\"planOutWord\\\":\\\"f\\\"}]\"}','{\"CPU\":\"d\",\"memory\":\"54\",\"bandWidth\":\"sf\",\"serversNumber\":\"45\",\"UpgradeTime\":\"5435\",\"otherConditions\":\"54\"}',NULL,NULL,'[{\"payName\":\"sdfdsf\",\"payPrice\":\"56\",\"payNumber\":\"5\",\"paySbutotal\":\"280.00\",\"payRemarks\":\"45\"}]','2017-03-26 16:00:00','2017-03-26 16:00:00','2017-03-27 11:48:09','57','4655','sun@163.com','项目里程碑',1000339,'春天','start'),(1000458,'lixuang抵抗力发',61,'lixuan',2,'[{\"value\":\"核心网\",\"id\":\"002\"}]','[{\"value\":\"1年\",\"id\":\"001\"}]','{\"state\":\"officerApproval\",\"stateName\":\"项目管理员审批\",\"taskId\":\"1788508\",\"assignName\":\"CamTalkOfficer\"}',NULL,NULL,NULL,NULL,NULL,'1788484',NULL,'{\"taskDescribe\":\"cxvxcv\",\"taskbackground\":\"xcv\",\"taskgoal\":\"sdfdsf\",\"taskDanger\":\"sdf\",\"taskcreate\":\"fdsf\",\"taskplan\":\"[{\\\"planTime\\\":\\\"2017-03-27\\\",\\\"planContext\\\":\\\"sdf\\\",\\\"planOutPUT\\\":\\\"sdf\\\",\\\"planOutWord\\\":\\\"sdf\\\"}]\"}','{\"CPU\":\"###############################\",\"memory\":\"5###\",\"bandWidth\":\"##%%%%%%%%$$\",\"serversNumber\":\"h&amp;amp;amp;amp;amp;amp;**(*((\",\"UpgradeTime\":\"fgh\",\"otherConditions\":\"gf\"}',NULL,NULL,'[{\"payName\":\"fsd\",\"payPrice\":\"56\",\"payNumber\":\"65\",\"paySbutotal\":\"3640.00\",\"payRemarks\":\"65\"}]','2017-03-30 16:00:00','2017-03-26 16:00:00','2017-03-27 12:08:50','61','345435','lixuang抵抗力发@163.com','项目里程碑',1000340,'talksdfdf001','start'),(1000459,'chunchunchunchun',4,'projectManagerA',1,'[{\"value\":\"核心网\",\"id\":\"002\"}]','[{\"value\":\"1年\",\"id\":\"001\"}]','{\"state\":\"officerApproval\",\"stateName\":\"项目管理员审批\",\"taskId\":\"1788534\",\"assignName\":\"CooMartsOfficer\"}',NULL,NULL,NULL,NULL,NULL,'1788510',NULL,'{\"taskDescribe\":\"\",\"taskbackground\":\"\",\"taskgoal\":\"\",\"taskDanger\":\"\",\"taskcreate\":\"\",\"taskplan\":\"[{\\\"planTime\\\":\\\"2017-03-28\\\",\\\"planContext\\\":\\\"\\\",\\\"planOutPUT\\\":\\\"\\\",\\\"planOutWord\\\":\\\"\\\"}]\"}','{\"CPU\":\"\",\"memory\":\"\",\"bandWidth\":\"\",\"serversNumber\":\"\",\"UpgradeTime\":\"\",\"otherConditions\":\"\"}',NULL,NULL,'[{\"payName\":\"\",\"payPrice\":\"\",\"payNumber\":\"\",\"paySbutotal\":\"\",\"payRemarks\":\"\"}]','2017-03-27 16:00:00','2017-03-27 16:00:00','2017-03-28 02:59:23','4','','','项目里程碑',NULL,NULL,'start'),(1000460,'申报项目测试20170406',4,'projectManagerA',2,'[{\"value\":\"教育\",\"id\":\"002\"}]','[{\"value\":\"1年\",\"id\":\"001\"}]','{\"state\":\"pmSubmitMIdMaterial\",\"stateName\":\"项目经理提交中期评审材料\",\"taskId\":\"1792593\",\"assignName\":\"projectManagerA\"}','{\"state\":\"departleaderApproval\",\"stateName\":\"政府审批\",\"taskId\":\"1792567\",\"assignName\":\"departLeaderA\"}',NULL,NULL,NULL,'{\"state\":\"submitMonthlyReport\",\"stateName\":\"提交周期报告\",\"taskId\":\"1792608\",\"assignName\":\"projectManagerA\"}','1792503',NULL,'{\"taskDescribe\":\"\",\"taskbackground\":\"\",\"taskgoal\":\"\",\"taskDanger\":\"\",\"taskcreate\":\"\",\"taskplan\":\"[{\\\"planTime\\\":\\\"2017-04-06\\\",\\\"planContext\\\":\\\"\\\",\\\"planOutPUT\\\":\\\"\\\",\\\"planOutWord\\\":\\\"\\\"}]\"}','{\"CPU\":\"\",\"memory\":\"\",\"bandWidth\":\"\",\"serversNumber\":\"\",\"UpgradeTime\":\"\",\"otherConditions\":\"\"}',NULL,NULL,'[{\"payName\":\"\",\"payPrice\":\"\",\"payNumber\":\"\",\"paySbutotal\":\"\",\"payRemarks\":\"\"}]','2017-04-05 16:00:00','2017-04-05 16:00:00','2017-04-06 01:47:55','4','11111111','','项目里程碑',1000342,'测试项目20170406','start'),(1000461,'福彩公益金资助社会组织开展公益服务项目',68,'张三',1,'[{\"value\":\"民办非企业单位（社会服务机构）\",\"id\":\"001\"}]','[{\"value\":\"6月\",\"id\":\"001\"}]','{\"state\":\"officerApproval\",\"stateName\":\"项目管理员审批\",\"taskId\":\"1797525\",\"assignName\":\"CooMartsOfficer\"}',NULL,NULL,NULL,NULL,NULL,'1797501',NULL,'{\"taskDescribe\":\"\",\"taskbackground\":\"\",\"taskgoal\":\"\",\"taskDanger\":\"\",\"taskcreate\":\"\",\"taskplan\":\"[{\\\"planTime\\\":\\\"2017-05-17\\\",\\\"planContext\\\":\\\"\\\",\\\"planOutPUT\\\":\\\"\\\",\\\"planOutWord\\\":\\\"\\\"}]\",\"newApplyAttachment\":[{\"annexId\":1001164,\"annexName\":\"2017-05-17-02-08-15_fcgyjzzshzzkzgyfwxmsbsinit.doc\",\"originalFilename\":\"福彩公益金资助社会组织开展公益服务项目申报书-init.doc\",\"typeId\":1,\"projectId\":null,\"path\":\"2017-05-17-02-08-15_fcgyjzzshzzkzgyfwxmsbsinit.doc\",\"userId\":\"68\",\"uploadTime\":\"2017-05-17 02:08:15\"}]}','{\"name\":\"福彩公益金资助社会组织开展公益服务项目\",\"declarationUnit\":\"北京春泽社会服务能力促进与评估中心\",\"declarationUnitType\":\"民办非企业单位（社会服务机构）\",\"openingUnit\":\"北京春泽\",\"openingBank\":\"北京银行\",\"bankAccount\":\"22339494949-123343\",\"applicationAmount\":\"23\",\"startDate\":\"2017-2\",\"endDate\":\"2017-8\",\"projectArea\":\"项目实施区域；北京海淀\",\"serviceField\":\"社会救助家庭服务\",\"projectDesc\":\"项目简介（概述项目希望解决的问题，以及计划通过何种方式达到什么目标？300字以内）\\r阿达是否卡戴珊项目介绍\",\"declaredFunds\":\"23\",\"counterpartFunds\":{\"ownFunds\":\"3\",\"socialFunds\":\"20\"},\"contactList\":[{\"name\":\"张三\",\"job\":\"主任\",\"tel\":\"233949449\",\"phone\":\"18612034959\",\"mail\":\"222@163.com\"},{\"name\":\"李四\",\"job\":\"副主任\",\"tel\":\"339449\",\"phone\":\"44994949\",\"mail\":\"444@173.com\"}]}',NULL,NULL,'[{\"payName\":\"\",\"payPrice\":\"\",\"payNumber\":\"\",\"paySbutotal\":\"\",\"payRemarks\":\"\"}]','2017-02-16 18:08:16','2017-08-31 15:59:59','2017-05-16 18:08:16','68','233949449','222@163.com','/home/huaxiahuizhi/soft/apache-tomcat-7.0.68/webapps/credit/uploadDir',NULL,NULL,'start'),(1000462,'福彩公益金资助社会组织开展公益服务项目',68,'张三',1,'[{\"value\":\"民办非企业单位（社会服务机构）\",\"id\":\"001\"}]','[{\"value\":\"6月\",\"id\":\"001\"}]','{\"state\":\"officerApproval\",\"stateName\":\"项目管理员审批\",\"taskId\":\"1800025\",\"assignName\":\"CooMartsOfficer\"}',NULL,NULL,NULL,NULL,NULL,'1800001',NULL,'{\"taskDescribe\":\"\",\"taskbackground\":\"\",\"taskgoal\":\"\",\"taskDanger\":\"\",\"taskcreate\":\"\",\"taskplan\":\"[{\\\"planTime\\\":\\\"2017-05-17\\\",\\\"planContext\\\":\\\"\\\",\\\"planOutPUT\\\":\\\"\\\",\\\"planOutWord\\\":\\\"\\\"}]\",\"newApplyAttachment\":[{\"annexId\":1001165,\"annexName\":\"2017-05-17-02-45-45_fcgyjzzshzzkzgyfwxmsbsinit.doc\",\"originalFilename\":\"福彩公益金资助社会组织开展公益服务项目申报书-init.doc\",\"typeId\":1,\"projectId\":null,\"path\":\"2017-05-17-02-45-45_fcgyjzzshzzkzgyfwxmsbsinit.doc\",\"userId\":\"68\",\"uploadTime\":\"2017-05-17 02:45:45\"}]}','{\"name\":\"福彩公益金资助社会组织开展公益服务项目\",\"declarationUnit\":\"北京春泽社会服务能力促进与评估中心\",\"declarationUnitType\":\"民办非企业单位（社会服务机构）\",\"openingUnit\":\"北京春泽\",\"openingBank\":\"北京银行\",\"bankAccount\":\"22339494949-123343\",\"applicationAmount\":\"23\",\"startDate\":\"2017-2\",\"endDate\":\"2017-8\",\"projectArea\":\"项目实施区域；北京海淀\",\"serviceField\":\"社会救助家庭服务\",\"projectDesc\":\"项目简介（概述项目希望解决的问题，以及计划通过何种方式达到什么目标？300字以内）\\r阿达是否卡戴珊项目介绍\",\"declaredFunds\":\"23\",\"counterpartFunds\":{\"ownFunds\":\"3\",\"socialFunds\":\"20\"},\"contactList\":[{\"name\":\"张三\",\"job\":\"主任\",\"tel\":\"233949449\",\"phone\":\"18612034959\",\"mail\":\"222@163.com\"},{\"name\":\"李四\",\"job\":\"副主任\",\"tel\":\"339449\",\"phone\":\"44994949\",\"mail\":\"444@173.com\"}]}',NULL,NULL,'[{\"payName\":\"\",\"payPrice\":\"\",\"payNumber\":\"\",\"paySbutotal\":\"\",\"payRemarks\":\"\"}]','2017-02-16 18:45:49','2017-08-31 15:59:59','2017-05-16 18:45:49','68','233949449','222@163.com','/home/huaxiahuizhi/soft/apache-tomcat-7.0.68/webapps/credit/uploadDir',1000344,'福彩公益金资助社会组织开展公益服务项目申报','start'),(1000463,'福彩公益金资助社会组织开展公益服务项目',71,'张三',1,'[{\"value\":\"民办非企业单位（社会服务机构）\",\"id\":\"001\"}]','[{\"value\":\"6个月\",\"id\":\"001\"}]','{\"state\":\"officerApproval\",\"stateName\":\"项目管理员审批\",\"taskId\":\"1802527\",\"assignName\":\"CooMartsOfficer\"}',NULL,NULL,NULL,NULL,NULL,'1802503',NULL,'{\"taskDescribe\":\"\",\"taskbackground\":\"\",\"taskgoal\":\"\",\"taskDanger\":\"\",\"taskcreate\":\"\",\"taskplan\":\"[{\\\"planTime\\\":\\\"2017-05-17\\\",\\\"planContext\\\":\\\"\\\",\\\"planOutPUT\\\":\\\"\\\",\\\"planOutWord\\\":\\\"\\\"}]\",\"newApplyAttachment\":[{\"annexId\":1001166,\"annexName\":\"2017-05-17-02-56-00_fcgyjzzshzzkzgyfwxmsbsinit.doc\",\"originalFilename\":\"福彩公益金资助社会组织开展公益服务项目申报书-init.doc\",\"typeId\":1,\"projectId\":null,\"path\":\"2017-05-17-02-56-00_fcgyjzzshzzkzgyfwxmsbsinit.doc\",\"userId\":\"71\",\"uploadTime\":\"2017-05-17 02:56:00\"}]}','{\"name\":\"福彩公益金资助社会组织开展公益服务项目\",\"declarationUnit\":\"北京春泽社会服务能力促进与评估中心\",\"declarationUnitType\":\"民办非企业单位（社会服务机构）\",\"openingUnit\":\"北京春泽\",\"openingBank\":\"北京银行\",\"bankAccount\":\"22339494949-123343\",\"applicationAmount\":\"23\",\"startDate\":\"2017-2\",\"endDate\":\"2017-8\",\"projectArea\":\"项目实施区域；北京海淀\",\"serviceField\":\"社会救助家庭服务\",\"projectDesc\":\"项目简介（概述项目希望解决的问题，以及计划通过何种方式达到什么目标？300字以内）\\r阿达是否卡戴珊项目介绍\",\"declaredFunds\":\"23\",\"counterpartFunds\":{\"ownFunds\":\"3\",\"socialFunds\":\"20\"},\"contactList\":[{\"name\":\"张三\",\"job\":\"主任\",\"tel\":\"233949449\",\"phone\":\"18612034959\",\"mail\":\"222@163.com\"},{\"name\":\"李四\",\"job\":\"副主任\",\"tel\":\"339449\",\"phone\":\"44994949\",\"mail\":\"444@173.com\"}]}',NULL,NULL,'[{\"payName\":\"\",\"payPrice\":\"\",\"payNumber\":\"\",\"paySbutotal\":\"\",\"payRemarks\":\"\"}]','2017-02-16 18:56:02','2017-08-31 15:59:59','2017-05-16 18:56:02','71','233949449','222@163.com','/home/huaxiahuizhi/soft/apache-tomcat-7.0.68/webapps/credit/uploadDir',1000344,'福彩公益金资助社会组织开展公益服务项目申报','start'),(1000464,'福彩公益金资助社会组织开展公益服务项目',72,'张三',1,'[{\"value\":\"民办非企业单位（社会服务机构）\",\"id\":\"001\"}]','[{\"value\":\"6个月\",\"id\":\"001\"}]','{\"state\":\"officerApproval\",\"stateName\":\"项目管理员审批\",\"taskId\":\"1802553\",\"assignName\":\"CooMartsOfficer\"}',NULL,NULL,NULL,NULL,NULL,'1802529',NULL,'{\"taskDescribe\":\"\",\"taskbackground\":\"\",\"taskgoal\":\"\",\"taskDanger\":\"\",\"taskcreate\":\"\",\"taskplan\":\"[{\\\"planTime\\\":\\\"2017-05-17\\\",\\\"planContext\\\":\\\"\\\",\\\"planOutPUT\\\":\\\"\\\",\\\"planOutWord\\\":\\\"\\\"}]\",\"newApplyAttachment\":[{\"annexId\":1001167,\"annexName\":\"2017-05-17-03-05-04_fcgyjzzshzzkzgyfwxmsbsinit.doc\",\"originalFilename\":\"福彩公益金资助社会组织开展公益服务项目申报书-init.doc\",\"typeId\":1,\"projectId\":null,\"path\":\"2017-05-17-03-05-04_fcgyjzzshzzkzgyfwxmsbsinit.doc\",\"userId\":\"72\",\"uploadTime\":\"2017-05-17 03:05:04\"}]}','{\"name\":\"福彩公益金资助社会组织开展公益服务项目\",\"declarationUnit\":\"北京春泽社会服务能力促进与评估中心\",\"declarationUnitType\":\"民办非企业单位（社会服务机构）\",\"openingUnit\":\"北京春泽\",\"openingBank\":\"北京银行\",\"bankAccount\":\"22339494949-123343\",\"applicationAmount\":\"23\",\"startDate\":\"2017-2\",\"endDate\":\"2017-8\",\"projectArea\":\"项目实施区域；北京海淀\",\"serviceField\":\"社会救助家庭服务\",\"projectDesc\":\"项目简介（概述项目希望解决的问题，以及计划通过何种方式达到什么目标？300字以内）\\r阿达是否卡戴珊项目介绍\",\"declaredFunds\":\"23\",\"counterpartFunds\":{\"ownFunds\":\"3\",\"socialFunds\":\"20\"},\"contactList\":[{\"name\":\"张三\",\"job\":\"主任\",\"tel\":\"233949449\",\"phone\":\"18612034959\",\"mail\":\"222@163.com\"},{\"name\":\"李四\",\"job\":\"副主任\",\"tel\":\"339449\",\"phone\":\"44994949\",\"mail\":\"444@173.com\"}]}',NULL,NULL,'[{\"payName\":\"\",\"payPrice\":\"\",\"payNumber\":\"\",\"paySbutotal\":\"\",\"payRemarks\":\"\"}]','2017-02-16 19:05:06','2017-08-31 15:59:59','2017-05-16 19:05:06','72','233949449','222@163.com','/home/huaxiahuizhi/soft/apache-tomcat-7.0.68/webapps/credit/uploadDir',1000344,'福彩公益金资助社会组织开展公益服务项目申报','start'),(1000465,'福彩公益金资助社会组织开展公益服务项目',68,'张三',1,'[{\"value\":\"民办非企业单位（社会服务机构）\",\"id\":\"001\"}]','[{\"value\":\"6个月\",\"id\":\"001\"}]','{\"state\":\"officerApproval\",\"stateName\":\"项目管理员审批\",\"taskId\":\"1802581\",\"assignName\":\"CooMartsOfficer\"}',NULL,NULL,NULL,NULL,NULL,'1802557',NULL,'{\"taskDescribe\":\"\",\"taskbackground\":\"\",\"taskgoal\":\"\",\"taskDanger\":\"\",\"taskcreate\":\"\",\"taskplan\":\"[{\\\"planTime\\\":\\\"2017-05-17\\\",\\\"planContext\\\":\\\"\\\",\\\"planOutPUT\\\":\\\"\\\",\\\"planOutWord\\\":\\\"\\\"}]\",\"newApplyAttachment\":[{\"annexId\":1001168,\"annexName\":\"2017-05-17-03-17-29_fcgyjzzshzzkzgyfwxmsbsinit.doc\",\"originalFilename\":\"福彩公益金资助社会组织开展公益服务项目申报书-init.doc\",\"typeId\":1,\"projectId\":null,\"path\":\"2017-05-17-03-17-29_fcgyjzzshzzkzgyfwxmsbsinit.doc\",\"userId\":\"68\",\"uploadTime\":\"2017-05-17 03:17:29\"}]}','{\"name\":\"福彩公益金资助社会组织开展公益服务项目\",\"declarationUnit\":\"北京春泽社会服务能力促进与评估中心\",\"declarationUnitType\":\"民办非企业单位（社会服务机构）\",\"openingUnit\":\"北京春泽\",\"openingBank\":\"北京银行\",\"bankAccount\":\"22339494949-123343\",\"applicationAmount\":\"23\",\"startDate\":\"2017-2\",\"endDate\":\"2017-8\",\"projectArea\":\"项目实施区域；北京海淀\",\"serviceField\":\"社会救助家庭服务\",\"projectDesc\":\"项目简介（概述项目希望解决的问题，以及计划通过何种方式达到什么目标？300字以内）\\r阿达是否卡戴珊项目介绍\",\"declaredFunds\":\"23\",\"counterpartFunds\":{\"ownFunds\":\"3\",\"socialFunds\":\"20\"},\"contactList\":[{\"name\":\"张三\",\"job\":\"主任\",\"tel\":\"233949449\",\"phone\":\"18612034959\",\"mail\":\"222@163.com\"},{\"name\":\"李四\",\"job\":\"副主任\",\"tel\":\"339449\",\"phone\":\"44994949\",\"mail\":\"444@173.com\"}]}',NULL,NULL,'[{\"payName\":\"\",\"payPrice\":\"\",\"payNumber\":\"\",\"paySbutotal\":\"\",\"payRemarks\":\"\"}]','2017-02-16 19:17:30','2017-08-31 15:59:59','2017-05-16 19:17:30','68','233949449','222@163.com','/home/huaxiahuizhi/soft/apache-tomcat-7.0.68/webapps/credit/uploadDir',NULL,NULL,'start'),(1000466,'福彩金项目',75,'袁玥',1,'[{\"value\":\"√民办非企业单位（社会服务机构）\",\"id\":\"001\"}]','[{\"value\":\"12个月\",\"id\":\"001\"}]','{\"state\":\"officerApproval\",\"stateName\":\"项目管理员审批\",\"taskId\":\"1802611\",\"assignName\":\"CooMartsOfficer\"}',NULL,NULL,NULL,NULL,NULL,'1802587',NULL,'{\"taskDescribe\":\"\",\"taskbackground\":\"\",\"taskgoal\":\"\",\"taskDanger\":\"\",\"taskcreate\":\"\",\"taskplan\":\"[{\\\"planTime\\\":\\\"2017-05-17\\\",\\\"planContext\\\":\\\"\\\",\\\"planOutPUT\\\":\\\"\\\",\\\"planOutWord\\\":\\\"\\\"}]\",\"newApplyAttachment\":[{\"annexId\":1001170,\"annexName\":\"2017-05-17-18-41-07_fcgyjzzshzzkzgyfwxmsbs.doc\",\"originalFilename\":\"福彩公益金资助社会组织开展公益服务项目申报书.doc\",\"typeId\":1,\"projectId\":null,\"path\":\"2017-05-17-18-41-07_fcgyjzzshzzkzgyfwxmsbs.doc\",\"userId\":\"75\",\"uploadTime\":\"2017-05-17 18:41:07\"}]}','{\"name\":\"福彩金项目\",\"declarationUnit\":\"袁玥\",\"declarationUnitType\":\"√民办非企业单位（社会服务机构）\",\"openingUnit\":\"袁玥\",\"openingBank\":\"中国银行\",\"bankAccount\":\"1234567890\",\"applicationAmount\":\"5\",\"startDate\":\"2017-5\",\"endDate\":\"2018-5\",\"projectArea\":\"海淀区\",\"serviceField\":\"√社会救助家庭服务\",\"projectDesc\":\"项目简介（概述项目希望解决的问题，以及计划通过何种方式达到什么目标？300字以内）\\r助残问题\",\"declaredFunds\":\"5\",\"counterpartFunds\":{\"ownFunds\":\"2\",\"socialFunds\":\"1\",\"total\":\"8\"},\"contactList\":[{\"name\":\"袁玥\",\"job\":\"项目\",\"tel\":\"6153456\",\"phone\":\"13241681713\",\"mail\":\"Yuanyue199501@163.com\"},{\"name\":\"\",\"job\":\"\",\"tel\":\"\",\"phone\":\"\",\"mail\":\"\"}]}',NULL,NULL,'[{\"payName\":\"\",\"payPrice\":\"\",\"payNumber\":\"\",\"paySbutotal\":\"\",\"payRemarks\":\"\"}]','2017-05-17 10:41:08','2018-05-31 15:59:59','2017-05-17 10:41:08','75','6153456','Yuanyue199501@163.com','/home/huaxiahuizhi/soft/apache-tomcat-7.0.68/webapps/credit/uploadDir',1000344,'福彩公益金资助社会组织开展公益服务项目申报','start');
/*!40000 ALTER TABLE `tb_project` ENABLE KEYS */;
UNLOCK TABLES;

--
-- Table structure for table `tb_project_annex`
--

DROP TABLE IF EXISTS `tb_project_annex`;
/*!40101 SET @saved_cs_client     = @@character_set_client */;
/*!40101 SET character_set_client = utf8 */;
CREATE TABLE `tb_project_annex` (
  `annex_id` bigint(20) NOT NULL,
  `annex_name` varchar(255) DEFAULT NULL,
  `original_filename` varchar(255) DEFAULT NULL COMMENT '文件上传原始名字',
  `type_id` bigint(20) NOT NULL,
  `project_id` bigint(20) DEFAULT NULL,
  `path` varchar(1024) NOT NULL,
  `user_id` varchar(20) DEFAULT NULL COMMENT '上传者ID',
  `upload_time` timestamp NULL DEFAULT NULL COMMENT '上传时间',
  PRIMARY KEY (`annex_id`),
  KEY `idx_annex_pId_type` (`type_id`,`project_id`) USING BTREE
) ENGINE=InnoDB DEFAULT CHARSET=utf8;
/*!40101 SET character_set_client = @saved_cs_client */;

--
-- Dumping data for table `tb_project_annex`
--

LOCK TABLES `tb_project_annex` WRITE;
/*!40000 ALTER TABLE `tb_project_annex` DISABLE KEYS */;
INSERT INTO `tb_project_annex` VALUES (1001059,'2017-03-25-16-30-34_jcyhbmdydxgfw.txt','检查用户别名调用的相关服务.txt',1,NULL,'2017-03-25-16-30-34_jcyhbmdydxgfw.txt','7','2017-03-25 08:30:34'),(1001060,'2017-03-25-16-32-29_wlyx.docx','网络营销.docx',1,NULL,'2017-03-25-16-32-29_wlyx.docx','5','2017-03-25 08:32:29'),(1001061,'2017-03-25-16-40-03_jcyhbmdydxgfw.txt','检查用户别名调用的相关服务.txt',1,NULL,'2017-03-25-16-40-03_jcyhbmdydxgfw.txt','6','2017-03-25 08:40:03'),(1001062,'2017-03-25-16-42-14_feiqiuhmd.txt','feiqiu号码段.txt',1,NULL,'2017-03-25-16-42-14_feiqiuhmd.txt','7','2017-03-25 08:42:14'),(1001063,'2017-03-25-16-55-10_jcyhbmdydxgfw.txt','检查用户别名调用的相关服务.txt',1,NULL,'2017-03-25-16-55-10_jcyhbmdydxgfw.txt','4','2017-03-25 08:55:10'),(1001064,'2017-03-25-16-57-18_wlyx.docx','网络营销.docx',1,NULL,'2017-03-25-16-57-18_wlyx.docx','4','2017-03-25 08:57:18'),(1001065,'2017-03-25-16-57-47_wlyx.docx','网络营销.docx',1,NULL,'2017-03-25-16-57-47_wlyx.docx','4','2017-03-25 08:57:47'),(1001066,'2017-03-25-17-01-32_jcyhbmdydxgfw.txt','检查用户别名调用的相关服务.txt',1,NULL,'2017-03-25-17-01-32_jcyhbmdydxgfw.txt','6','2017-03-25 09:01:32'),(1001067,'2017-03-25-17-08-47_jqzxxgfa.doc','鉴权中心修改方案.doc',1,NULL,'2017-03-25-17-08-47_jqzxxgfa.doc','7','2017-03-25 09:08:47'),(1001068,'2017-03-25-17-09-10_jcyhbmdydxgfw.txt','检查用户别名调用的相关服务.txt',1,NULL,'2017-03-25-17-09-10_jcyhbmdydxgfw.txt','4','2017-03-25 09:09:10'),(1001069,'2017-03-25-17-10-00_wlyx.docx','网络营销.docx',1,NULL,'2017-03-25-17-10-00_wlyx.docx','4','2017-03-25 09:10:00'),(1001070,'2017-03-25-17-12-30_wlyx.docx','网络营销.docx',1,NULL,'2017-03-25-17-12-30_wlyx.docx','4','2017-03-25 09:12:30'),(1001071,'2017-03-25-17-12-52_wlyx.docx','网络营销.docx',1,NULL,'2017-03-25-17-12-52_wlyx.docx','7','2017-03-25 09:12:52'),(1001072,'2017-03-27-09-18-50_2016nbmgzzjhyap.docx','2016年部门工作总结会议安排.docx',1,NULL,'2017-03-27-09-18-50_2016nbmgzzjhyap.docx','53','2017-03-27 01:18:50'),(1001073,'2017-03-27-09-21-33_myygzzb12261230.docx','马艳燕工作周报1226-1230.docx',1,NULL,'2017-03-27-09-21-33_myygzzb12261230.docx','53','2017-03-27 01:21:33'),(1001074,'2017-03-27-09-23-19_xrzygzxxzbhky2016122620161230.docx','新入职员工作学习周报-黄柯叶-（20161226~20161230）.docx',1,NULL,'2017-03-27-09-23-19_xrzygzxxzbhky2016122620161230.docx','57','2017-03-27 01:23:19'),(1001075,'2017-03-27-09-26-05_myygzzb12261230.docx','马艳燕工作周报1226-1230.docx',1,NULL,'2017-03-27-09-26-05_myygzzb12261230.docx','59','2017-03-27 01:26:05'),(1001076,'2017-03-27-09-47-09_xyrzgzxxzbcxx2016122620161230.docx','新员入职工作学习周报-常小雪-(20161226-20161230).docx',1,NULL,'2017-03-27-09-47-09_xyrzgzxxzbcxx2016122620161230.docx','58','2017-03-27 01:47:09'),(1001077,'2017-03-27-09-52-02_xrzygzxxzbhky2016122620161230.docx','新入职员工作学习周报-黄柯叶-（20161226~20161230）.docx',1,NULL,'2017-03-27-09-52-02_xrzygzxxzbhky2016122620161230.docx','53','2017-03-27 01:52:02'),(1001078,'2017-03-27-09-54-34_myygzzb12261230.docx','马艳燕工作周报1226-1230.docx',1,NULL,'2017-03-27-09-54-34_myygzzb12261230.docx','57','2017-03-27 01:54:34'),(1001079,'2017-03-27-09-56-23_lkprzgzxxzb2016122620160101.docx','李康鹏入职工作学习周报（20161226-20160101).docx',1,NULL,'2017-03-27-09-56-23_lkprzgzxxzb2016122620160101.docx','57','2017-03-27 01:56:23'),(1001080,'2017-03-27-10-00-07_myygzzb12261230.docx','马艳燕工作周报1226-1230.docx',1,NULL,'2017-03-27-10-00-07_myygzzb12261230.docx','58','2017-03-27 02:00:07'),(1001081,'2017-03-27-10-00-12_myygzzb12261230.docx','马艳燕工作周报1226-1230.docx',1,NULL,'2017-03-27-10-00-12_myygzzb12261230.docx','58','2017-03-27 02:00:12'),(1001082,'2017-03-27-10-00-17_myygzzb12261230.docx','马艳燕工作周报1226-1230.docx',1,NULL,'2017-03-27-10-00-17_myygzzb12261230.docx','58','2017-03-27 02:00:17'),(1001083,'2017-03-27-10-00-35_myygzzb12261230.docx','马艳燕工作周报1226-1230.docx',1,NULL,'2017-03-27-10-00-35_myygzzb12261230.docx','58','2017-03-27 02:00:35'),(1001084,'2017-03-27-10-00-56_myygzzb12261230.docx','马艳燕工作周报1226-1230.docx',1,NULL,'2017-03-27-10-00-56_myygzzb12261230.docx','58','2017-03-27 02:00:56'),(1001085,'2017-03-27-10-02-44_xrzygzxxzbsxy2016122620161231.docx','新入职员工作学习周报-宋翔宇-（20161226~20161231）.docx',1,NULL,'2017-03-27-10-02-44_xrzygzxxzbsxy2016122620161231.docx','53','2017-03-27 02:02:44'),(1001086,'2017-03-27-10-21-06_xrzygzxxzbhky20161226201612301.docx','新入职员工作学习周报-黄柯叶-（20161226~20161230）(1).docx',1,NULL,'2017-03-27-10-21-06_xrzygzxxzbhky20161226201612301.docx','57','2017-03-27 02:21:06'),(1001087,'2017-03-27-10-23-13_xrzygzxxzbsxy2016122620161231.docx','新入职员工作学习周报-宋翔宇-（20161226~20161231）.docx',1,NULL,'2017-03-27-10-23-13_xrzygzxxzbsxy2016122620161231.docx','57','2017-03-27 02:23:13'),(1001088,'2017-03-27-10-24-30_xyrzgzxxzbcxx2016122620161230.docx','新员入职工作学习周报-常小雪-(20161226-20161230).docx',1,NULL,'2017-03-27-10-24-30_xyrzgzxxzbcxx2016122620161230.docx','59','2017-03-27 02:24:30'),(1001089,'2017-03-27-10-25-45_xrzygzxxzbhky20161226201612301.docx','新入职员工作学习周报-黄柯叶-（20161226~20161230）(1).docx',1,NULL,'2017-03-27-10-25-45_xrzygzxxzbhky20161226201612301.docx','58','2017-03-27 02:25:45'),(1001090,'2017-03-27-10-26-40_myygzzb12261230.docx','马艳燕工作周报1226-1230.docx',1,NULL,'2017-03-27-10-26-40_myygzzb12261230.docx','53','2017-03-27 02:26:40'),(1001091,'2017-03-27-10-30-09_2016nbmgzzjhyap.docx','2016年部门工作总结会议安排.docx',1,NULL,'2017-03-27-10-30-09_2016nbmgzzjhyap.docx','57','2017-03-27 02:30:09'),(1001092,'2017-03-27-10-31-42_2016nbmgzzjhyap.docx','2016年部门工作总结会议安排.docx',1,NULL,'2017-03-27-10-31-42_2016nbmgzzjhyap.docx','53','2017-03-27 02:31:42'),(1001093,'2017-03-27-10-50-19_xrzygzxxzbhky20161226201612301.docx','新入职员工作学习周报-黄柯叶-（20161226~20161230）(1).docx',1,NULL,'2017-03-27-10-50-19_xrzygzxxzbhky20161226201612301.docx','7','2017-03-27 02:50:19'),(1001094,'2017-03-27-10-55-06_xrzygzxxzbhky2016122620161230.docx','新入职员工作学习周报-黄柯叶-（20161226~20161230）.docx',1,NULL,'2017-03-27-10-55-06_xrzygzxxzbhky2016122620161230.docx','55','2017-03-27 02:55:06'),(1001095,'2017-03-27-11-00-06_lkprzgzxxzb2016122620160101.docx','李康鹏入职工作学习周报（20161226-20160101).docx',1,NULL,'2017-03-27-11-00-06_lkprzgzxxzb2016122620160101.docx','59','2017-03-27 03:00:06'),(1001096,'2017-03-27-12-32-43_lkprzgzxxzb2016122620160101.docx','李康鹏入职工作学习周报（20161226-20160101).docx',1,NULL,'2017-03-27-12-32-43_lkprzgzxxzb2016122620160101.docx','57','2017-03-27 04:32:43'),(1001097,'2017-03-27-13-46-04_myygzzb12261230.docx','马艳燕工作周报1226-1230.docx',1,NULL,'2017-03-27-13-46-04_myygzzb12261230.docx','53','2017-03-27 05:46:04'),(1001098,'2017-03-27-13-47-50_lkprzgzxxzb2016122620160101.docx','李康鹏入职工作学习周报（20161226-20160101).docx',1,NULL,'2017-03-27-13-47-50_lkprzgzxxzb2016122620160101.docx','57','2017-03-27 05:47:50'),(1001099,'2017-03-27-14-07-27_myygzzb12261230.docx','马艳燕工作周报1226-1230.docx',1,NULL,'2017-03-27-14-07-27_myygzzb12261230.docx','53','2017-03-27 06:07:27'),(1001100,'2017-03-27-14-36-32_lkprzgzxxzb2016122620160101.docx','李康鹏入职工作学习周报（20161226-20160101).docx',1,NULL,'2017-03-27-14-36-32_lkprzgzxxzb2016122620160101.docx','53','2017-03-27 06:36:32'),(1001101,'2017-03-27-14-49-29_myygzzb12261230.docx','马艳燕工作周报1226-1230.docx',1,NULL,'2017-03-27-14-49-29_myygzzb12261230.docx','55','2017-03-27 06:49:29'),(1001102,'2017-03-27-14-58-31_2016nbmgzzjhyap.docx','2016年部门工作总结会议安排.docx',1,NULL,'2017-03-27-14-58-31_2016nbmgzzjhyap.docx','55','2017-03-27 06:58:31'),(1001103,'2017-03-27-15-00-57_xrzygzxxzbhky20161226201612301.docx','新入职员工作学习周报-黄柯叶-（20161226~20161230）(1).docx',1,NULL,'2017-03-27-15-00-57_xrzygzxxzbhky20161226201612301.docx','59','2017-03-27 07:00:57'),(1001104,'2017-03-27-15-12-16_xrzygzxxzbhky20161226201612301.docx','新入职员工作学习周报-黄柯叶-（20161226~20161230）(1).docx',1,NULL,'2017-03-27-15-12-16_xrzygzxxzbhky20161226201612301.docx','53','2017-03-27 07:12:16'),(1001105,'2017-03-27-15-15-31_xrzygzxxzbhky2016122620161230.docx','新入职员工作学习周报-黄柯叶-（20161226~20161230）.docx',1,NULL,'2017-03-27-15-15-31_xrzygzxxzbhky2016122620161230.docx','55','2017-03-27 07:15:31'),(1001106,'2017-03-27-15-19-13_xrzygzxxzbhky20161226201612301.docx','新入职员工作学习周报-黄柯叶-（20161226~20161230）(1).docx',1,NULL,'2017-03-27-15-19-13_xrzygzxxzbhky20161226201612301.docx','55','2017-03-27 07:19:13'),(1001107,'2017-03-27-15-19-48_myygzzb12261230.docx','马艳燕工作周报1226-1230.docx',1,NULL,'2017-03-27-15-19-48_myygzzb12261230.docx','59','2017-03-27 07:19:48'),(1001108,'2017-03-27-15-20-28_lkprzgzxxzb2016122620160101.docx','李康鹏入职工作学习周报（20161226-20160101).docx',1,NULL,'2017-03-27-15-20-28_lkprzgzxxzb2016122620160101.docx','6','2017-03-27 07:20:28'),(1001109,'2017-03-27-15-21-38_myygzzb12261230.docx','马艳燕工作周报1226-1230.docx',1,NULL,'2017-03-27-15-21-38_myygzzb12261230.docx','53','2017-03-27 07:21:38'),(1001110,'2017-03-27-15-27-48_lkprzgzxxzb2016122620160101.docx','李康鹏入职工作学习周报（20161226-20160101).docx',1,NULL,'2017-03-27-15-27-48_lkprzgzxxzb2016122620160101.docx','55','2017-03-27 07:27:48'),(1001111,'2017-03-27-15-28-34_xrzygzxxzbhky2016122620161230.docx','新入职员工作学习周报-黄柯叶-（20161226~20161230）.docx',1,NULL,'2017-03-27-15-28-34_xrzygzxxzbhky2016122620161230.docx','53','2017-03-27 07:28:34'),(1001112,'2017-03-27-15-31-26_lkprzgzxxzb2016122620160101.docx','李康鹏入职工作学习周报（20161226-20160101).docx',1,NULL,'2017-03-27-15-31-26_lkprzgzxxzb2016122620160101.docx','55','2017-03-27 07:31:26'),(1001113,'2017-03-27-15-46-19_myygzzb12261230.docx','马艳燕工作周报1226-1230.docx',1,NULL,'2017-03-27-15-46-19_myygzzb12261230.docx','55','2017-03-27 07:46:19'),(1001114,'2017-03-27-16-01-34_myygzzb12261230.docx','马艳燕工作周报1226-1230.docx',1,NULL,'2017-03-27-16-01-34_myygzzb12261230.docx','59','2017-03-27 08:01:34'),(1001115,'2017-03-27-16-09-28_2016nbmgzzjhyap.docx','2016年部门工作总结会议安排.docx',1,NULL,'2017-03-27-16-09-28_2016nbmgzzjhyap.docx','58','2017-03-27 08:09:28'),(1001116,'2017-03-27-16-15-06_xrzygzxxzbhky2016122620161230.docx','新入职员工作学习周报-黄柯叶-（20161226~20161230）.docx',1,NULL,'2017-03-27-16-15-06_xrzygzxxzbhky2016122620161230.docx','53','2017-03-27 08:15:06'),(1001117,'2017-03-27-16-24-35_myygzzb12261230.docx','马艳燕工作周报1226-1230.docx',1,NULL,'2017-03-27-16-24-35_myygzzb12261230.docx','55','2017-03-27 08:24:35'),(1001118,'2017-03-27-16-33-40_xyrzgzxxzbcxx2016122620161230.docx','新员入职工作学习周报-常小雪-(20161226-20161230).docx',1,NULL,'2017-03-27-16-33-40_xyrzgzxxzbcxx2016122620161230.docx','58','2017-03-27 08:33:40'),(1001119,'2017-03-27-16-45-17_lkprzgzxxzb2016122620160101.docx','李康鹏入职工作学习周报（20161226-20160101).docx',1,NULL,'2017-03-27-16-45-17_lkprzgzxxzb2016122620160101.docx','55','2017-03-27 08:45:17'),(1001120,'2017-03-27-16-46-57_myygzzb12261230.docx','马艳燕工作周报1226-1230.docx',1,NULL,'2017-03-27-16-46-57_myygzzb12261230.docx','58','2017-03-27 08:46:57'),(1001121,'2017-03-27-16-49-39_xrzygzxxzbhky20161226201612301.docx','新入职员工作学习周报-黄柯叶-（20161226~20161230）(1).docx',1,NULL,'2017-03-27-16-49-39_xrzygzxxzbhky20161226201612301.docx','55','2017-03-27 08:49:39'),(1001122,'2017-03-27-16-51-14_lkprzgzxxzb2016122620160101.docx','李康鹏入职工作学习周报（20161226-20160101).docx',1,NULL,'2017-03-27-16-51-14_lkprzgzxxzb2016122620160101.docx','58','2017-03-27 08:51:14'),(1001123,'2017-03-27-16-52-19_xrzygzxxzbhky2016122620161230.docx','新入职员工作学习周报-黄柯叶-（20161226~20161230）.docx',1,NULL,'2017-03-27-16-52-19_xrzygzxxzbhky2016122620161230.docx','53','2017-03-27 08:52:19'),(1001124,'2017-03-27-16-53-14_myygzzb12261230.docx','马艳燕工作周报1226-1230.docx',1,NULL,'2017-03-27-16-53-14_myygzzb12261230.docx','55','2017-03-27 08:53:14'),(1001125,'2017-03-27-16-56-10_xrzygzxxzbhky20161226201612301.docx','新入职员工作学习周报-黄柯叶-（20161226~20161230）(1).docx',1,NULL,'2017-03-27-16-56-10_xrzygzxxzbhky20161226201612301.docx','58','2017-03-27 08:56:10'),(1001126,'2017-03-27-16-57-05_xrzygzxxzbhky20161226201612301.docx','新入职员工作学习周报-黄柯叶-（20161226~20161230）(1).docx',1,NULL,'2017-03-27-16-57-05_xrzygzxxzbhky20161226201612301.docx','58','2017-03-27 08:57:05'),(1001127,'2017-03-27-16-59-15_xrzygzxxzbhky20161226201612301.docx','新入职员工作学习周报-黄柯叶-（20161226~20161230）(1).docx',1,NULL,'2017-03-27-16-59-15_xrzygzxxzbhky20161226201612301.docx','53','2017-03-27 08:59:15'),(1001128,'2017-03-27-19-34-21_xrzygzxxzbhky20161226201612301.docx','新入职员工作学习周报-黄柯叶-（20161226~20161230）(1).docx',1,NULL,'2017-03-27-19-34-21_xrzygzxxzbhky20161226201612301.docx','53','2017-03-27 11:34:21'),(1001129,'2017-03-27-19-35-39_myygzzb12261230.docx','马艳燕工作周报1226-1230.docx',1,NULL,'2017-03-27-19-35-39_myygzzb12261230.docx','57','2017-03-27 11:35:39'),(1001130,'2017-03-27-19-37-11_xyrzgzxxzbcxx2016122620161230.docx','新员入职工作学习周报-常小雪-(20161226-20161230).docx',1,NULL,'2017-03-27-19-37-11_xyrzgzxxzbcxx2016122620161230.docx','59','2017-03-27 11:37:11'),(1001131,'2017-03-27-19-38-27_xrzygzxxzbhky20161226201612301.docx','新入职员工作学习周报-黄柯叶-（20161226~20161230）(1).docx',1,NULL,'2017-03-27-19-38-27_xrzygzxxzbhky20161226201612301.docx','58','2017-03-27 11:38:27'),(1001132,'2017-03-27-19-48-08_xrzygzxxzbhky20161226201612301.docx','新入职员工作学习周报-黄柯叶-（20161226~20161230）(1).docx',1,NULL,'2017-03-27-19-48-08_xrzygzxxzbhky20161226201612301.docx','57','2017-03-27 11:48:08'),(1001133,'2017-03-27-19-48-42_xrzygzxxzbhky2016122620161230.docx','新入职员工作学习周报-黄柯叶-（20161226~20161230）.docx',1,NULL,'2017-03-27-19-48-42_xrzygzxxzbhky2016122620161230.docx','59','2017-03-27 11:48:42'),(1001134,'2017-03-27-19-52-20_myygzzb12261230.docx','马艳燕工作周报1226-1230.docx',1,NULL,'2017-03-27-19-52-20_myygzzb12261230.docx','58','2017-03-27 11:52:20'),(1001135,'2017-03-27-19-58-46_xrzygzxxzbsxy2016122620161231.docx','新入职员工作学习周报-宋翔宇-（20161226~20161231）.docx',1,NULL,'2017-03-27-19-58-46_xrzygzxxzbsxy2016122620161231.docx','57','2017-03-27 11:58:46'),(1001136,'2017-03-27-20-00-20_xrzygzxxzbhky2016122620161230.docx','新入职员工作学习周报-黄柯叶-（20161226~20161230）.docx',1,NULL,'2017-03-27-20-00-20_xrzygzxxzbhky2016122620161230.docx','57','2017-03-27 12:00:20'),(1001137,'2017-03-27-20-03-42_xrzygzxxzbhky20161226201612301.docx','新入职员工作学习周报-黄柯叶-（20161226~20161230）(1).docx',1,NULL,'2017-03-27-20-03-42_xrzygzxxzbhky20161226201612301.docx','62','2017-03-27 12:03:42'),(1001138,'2017-03-27-20-08-49_myygzzb12261230.docx','马艳燕工作周报1226-1230.docx',1,NULL,'2017-03-27-20-08-49_myygzzb12261230.docx','61','2017-03-27 12:08:49'),(1001139,'2017-04-25-16-33-21_WeChat.exe','WeChat.exe',1,NULL,'2017-04-25-16-33-21_WeChat.exe','7','2017-04-25 08:33:21'),(1001140,'2017-05-15-23-54-30_fcgyjzzshzzkzgyfwxmsbs.doc','福彩公益金资助社会组织开展公益服务项目申报书.doc',1,NULL,'2017-05-15-23-54-30_fcgyjzzshzzkzgyfwxmsbs.doc','67','2017-05-15 15:54:30'),(1001141,'2017-05-16-23-18-58_fcgyjzzshzzkzgyfwxmsbsinit.doc','福彩公益金资助社会组织开展公益服务项目申报书-init.doc',1,NULL,'2017-05-16-23-18-58_fcgyjzzshzzkzgyfwxmsbsinit.doc','68','2017-05-16 15:18:58'),(1001142,'2017-05-16-23-20-18_fcgyjzzshzzkzgyfwxmsbsinit.doc','福彩公益金资助社会组织开展公益服务项目申报书-init.doc',1,NULL,'2017-05-16-23-20-18_fcgyjzzshzzkzgyfwxmsbsinit.doc','68','2017-05-16 15:20:18'),(1001143,'2017-05-16-23-22-17_fcgyjzzshzzkzgyfwxmsbsinit.doc','福彩公益金资助社会组织开展公益服务项目申报书-init.doc',1,NULL,'2017-05-16-23-22-17_fcgyjzzshzzkzgyfwxmsbsinit.doc','68','2017-05-16 15:22:17'),(1001144,'2017-05-16-23-42-11_fcgyjzzshzzkzgyfwxmsbsinit.doc','福彩公益金资助社会组织开展公益服务项目申报书-init.doc',1,NULL,'2017-05-16-23-42-11_fcgyjzzshzzkzgyfwxmsbsinit.doc','68','2017-05-16 15:42:11'),(1001145,'2017-05-16-23-48-48_fcgyjzzshzzkzgyfwxmsbsinit.doc','福彩公益金资助社会组织开展公益服务项目申报书-init.doc',1,NULL,'2017-05-16-23-48-48_fcgyjzzshzzkzgyfwxmsbsinit.doc','68','2017-05-16 15:48:48'),(1001146,'2017-05-16-23-55-21_fcgyjzzshzzkzgyfwxmsbsinit.doc','福彩公益金资助社会组织开展公益服务项目申报书-init.doc',1,NULL,'2017-05-16-23-55-21_fcgyjzzshzzkzgyfwxmsbsinit.doc','68','2017-05-16 15:55:21'),(1001147,'2017-05-17-00-04-14_fcgyjzzshzzkzgyfwxmsbsinit.doc','福彩公益金资助社会组织开展公益服务项目申报书-init.doc',1,NULL,'2017-05-17-00-04-14_fcgyjzzshzzkzgyfwxmsbsinit.doc','68','2017-05-16 16:04:14'),(1001148,'2017-05-17-00-22-30_fcgyjzzshzzkzgyfwxmsbsinit.doc','福彩公益金资助社会组织开展公益服务项目申报书-init.doc',1,NULL,'2017-05-17-00-22-30_fcgyjzzshzzkzgyfwxmsbsinit.doc','68','2017-05-16 16:22:30'),(1001149,'2017-05-17-00-33-31_fcgyjzzshzzkzgyfwxmsbsinit.doc','福彩公益金资助社会组织开展公益服务项目申报书-init.doc',1,NULL,'2017-05-17-00-33-31_fcgyjzzshzzkzgyfwxmsbsinit.doc','68','2017-05-16 16:33:31'),(1001150,'2017-05-17-00-33-49_fcgyjzzshzzkzgyfwxmsbsinit.doc','福彩公益金资助社会组织开展公益服务项目申报书-init.doc',1,NULL,'2017-05-17-00-33-49_fcgyjzzshzzkzgyfwxmsbsinit.doc','68','2017-05-16 16:33:49'),(1001151,'2017-05-17-00-40-59_fcgyjzzshzzkzgyfwxmsbsinit.doc','福彩公益金资助社会组织开展公益服务项目申报书-init.doc',1,NULL,'2017-05-17-00-40-59_fcgyjzzshzzkzgyfwxmsbsinit.doc','68','2017-05-16 16:40:59'),(1001152,'2017-05-17-00-43-10_fcgyjzzshzzkzgyfwxmsbsinit.doc','福彩公益金资助社会组织开展公益服务项目申报书-init.doc',1,NULL,'2017-05-17-00-43-10_fcgyjzzshzzkzgyfwxmsbsinit.doc','68','2017-05-16 16:43:10'),(1001153,'2017-05-17-00-46-44_fcgyjzzshzzkzgyfwxmsbsinit.doc','福彩公益金资助社会组织开展公益服务项目申报书-init.doc',1,NULL,'2017-05-17-00-46-44_fcgyjzzshzzkzgyfwxmsbsinit.doc','68','2017-05-16 16:46:44'),(1001154,'2017-05-17-00-59-55_fcgyjzzshzzkzgyfwxmsbsinit.doc','福彩公益金资助社会组织开展公益服务项目申报书-init.doc',1,NULL,'2017-05-17-00-59-55_fcgyjzzshzzkzgyfwxmsbsinit.doc','68','2017-05-16 16:59:55'),(1001155,'2017-05-17-01-05-51_fcgyjzzshzzkzgyfwxmsbsinit.doc','福彩公益金资助社会组织开展公益服务项目申报书-init.doc',1,NULL,'2017-05-17-01-05-51_fcgyjzzshzzkzgyfwxmsbsinit.doc','68','2017-05-16 17:05:51'),(1001156,'2017-05-17-01-22-03_fcgyjzzshzzkzgyfwxmsbsinit.doc','福彩公益金资助社会组织开展公益服务项目申报书-init.doc',1,NULL,'2017-05-17-01-22-03_fcgyjzzshzzkzgyfwxmsbsinit.doc','68','2017-05-16 17:22:03'),(1001157,'2017-05-17-01-33-12_fcgyjzzshzzkzgyfwxmsbsinit.doc','福彩公益金资助社会组织开展公益服务项目申报书-init.doc',1,NULL,'2017-05-17-01-33-12_fcgyjzzshzzkzgyfwxmsbsinit.doc','68','2017-05-16 17:33:12'),(1001158,'2017-05-17-01-35-35_fcgyjzzshzzkzgyfwxmsbsinit.doc','福彩公益金资助社会组织开展公益服务项目申报书-init.doc',1,NULL,'2017-05-17-01-35-35_fcgyjzzshzzkzgyfwxmsbsinit.doc','68','2017-05-16 17:35:35'),(1001159,'2017-05-17-01-39-08_fcgyjzzshzzkzgyfwxmsbsinit.doc','福彩公益金资助社会组织开展公益服务项目申报书-init.doc',1,NULL,'2017-05-17-01-39-08_fcgyjzzshzzkzgyfwxmsbsinit.doc','68','2017-05-16 17:39:08'),(1001160,'2017-05-17-01-43-44_fcgyjzzshzzkzgyfwxmsbsinit.doc','福彩公益金资助社会组织开展公益服务项目申报书-init.doc',1,NULL,'2017-05-17-01-43-44_fcgyjzzshzzkzgyfwxmsbsinit.doc','68','2017-05-16 17:43:44'),(1001161,'2017-05-17-01-45-09_fcgyjzzshzzkzgyfwxmsbsinit.doc','福彩公益金资助社会组织开展公益服务项目申报书-init.doc',1,NULL,'2017-05-17-01-45-09_fcgyjzzshzzkzgyfwxmsbsinit.doc','68','2017-05-16 17:45:09'),(1001162,'2017-05-17-01-50-30_fcgyjzzshzzkzgyfwxmsbs.doc','福彩公益金资助社会组织开展公益服务项目申报书.doc',1,NULL,'2017-05-17-01-50-30_fcgyjzzshzzkzgyfwxmsbs.doc','68','2017-05-16 17:50:30'),(1001163,'2017-05-17-02-03-20_fcgyjzzshzzkzgyfwxmsbs.doc','福彩公益金资助社会组织开展公益服务项目申报书.doc',1,NULL,'2017-05-17-02-03-20_fcgyjzzshzzkzgyfwxmsbs.doc','68','2017-05-16 18:03:20'),(1001164,'2017-05-17-02-08-15_fcgyjzzshzzkzgyfwxmsbsinit.doc','福彩公益金资助社会组织开展公益服务项目申报书-init.doc',1,NULL,'2017-05-17-02-08-15_fcgyjzzshzzkzgyfwxmsbsinit.doc','68','2017-05-16 18:08:15'),(1001165,'2017-05-17-02-45-45_fcgyjzzshzzkzgyfwxmsbsinit.doc','福彩公益金资助社会组织开展公益服务项目申报书-init.doc',1,NULL,'2017-05-17-02-45-45_fcgyjzzshzzkzgyfwxmsbsinit.doc','68','2017-05-16 18:45:45'),(1001166,'2017-05-17-02-56-00_fcgyjzzshzzkzgyfwxmsbsinit.doc','福彩公益金资助社会组织开展公益服务项目申报书-init.doc',1,NULL,'2017-05-17-02-56-00_fcgyjzzshzzkzgyfwxmsbsinit.doc','71','2017-05-16 18:56:00'),(1001167,'2017-05-17-03-05-04_fcgyjzzshzzkzgyfwxmsbsinit.doc','福彩公益金资助社会组织开展公益服务项目申报书-init.doc',1,NULL,'2017-05-17-03-05-04_fcgyjzzshzzkzgyfwxmsbsinit.doc','72','2017-05-16 19:05:04'),(1001168,'2017-05-17-03-17-29_fcgyjzzshzzkzgyfwxmsbsinit.doc','福彩公益金资助社会组织开展公益服务项目申报书-init.doc',1,NULL,'2017-05-17-03-17-29_fcgyjzzshzzkzgyfwxmsbsinit.doc','68','2017-05-16 19:17:29'),(1001169,'2017-05-17-06-57-21_2017nfcjxmsbs.doc','2017年福彩金项目申报书.doc',1,NULL,'2017-05-17-06-57-21_2017nfcjxmsbs.doc','70','2017-05-16 22:57:21'),(1001170,'2017-05-17-18-41-07_fcgyjzzshzzkzgyfwxmsbs.doc','福彩公益金资助社会组织开展公益服务项目申报书.doc',1,NULL,'2017-05-17-18-41-07_fcgyjzzshzzkzgyfwxmsbs.doc','75','2017-05-17 10:41:07');
/*!40000 ALTER TABLE `tb_project_annex` ENABLE KEYS */;
UNLOCK TABLES;

--
-- Table structure for table `tb_project_category`
--

DROP TABLE IF EXISTS `tb_project_category`;
/*!40101 SET @saved_cs_client     = @@character_set_client */;
/*!40101 SET character_set_client = utf8 */;
CREATE TABLE `tb_project_category` (
  `category_id` bigint(20) NOT NULL,
  `category_name` varchar(255) DEFAULT NULL,
  `description` varchar(1024) DEFAULT NULL,
  PRIMARY KEY (`category_id`)
) ENGINE=InnoDB DEFAULT CHARSET=utf8;
/*!40101 SET character_set_client = @saved_cs_client */;

--
-- Dumping data for table `tb_project_category`
--

LOCK TABLES `tb_project_category` WRITE;
/*!40000 ALTER TABLE `tb_project_category` DISABLE KEYS */;
INSERT INTO `tb_project_category` VALUES (1,'CoolMarts','CoolMarts'),(2,'CamTalk','CamTalk'),(3,'Lottery','Lottery');
/*!40000 ALTER TABLE `tb_project_category` ENABLE KEYS */;
UNLOCK TABLES;

--
-- Table structure for table `tb_project_requirement`
--

DROP TABLE IF EXISTS `tb_project_requirement`;
/*!40101 SET @saved_cs_client     = @@character_set_client */;
/*!40101 SET character_set_client = utf8 */;
CREATE TABLE `tb_project_requirement` (
  `requirement_id` bigint(20) NOT NULL,
  `category_id` bigint(255) DEFAULT NULL,
  `publish_time` timestamp NULL DEFAULT NULL,
  `state` varchar(255) DEFAULT NULL,
  `requirement_desc` varchar(1024) DEFAULT NULL,
  `user_id` bigint(20) NOT NULL,
  `complete_time` date DEFAULT NULL,
  `reward` bigint(20) NOT NULL,
  PRIMARY KEY (`requirement_id`)
) ENGINE=InnoDB DEFAULT CHARSET=utf8;
/*!40101 SET character_set_client = @saved_cs_client */;

--
-- Dumping data for table `tb_project_requirement`
--

LOCK TABLES `tb_project_requirement` WRITE;
/*!40000 ALTER TABLE `tb_project_requirement` DISABLE KEYS */;
/*!40000 ALTER TABLE `tb_project_requirement` ENABLE KEYS */;
UNLOCK TABLES;

--
-- Table structure for table `tb_project_subcategory`
--

DROP TABLE IF EXISTS `tb_project_subcategory`;
/*!40101 SET @saved_cs_client     = @@character_set_client */;
/*!40101 SET character_set_client = utf8 */;
CREATE TABLE `tb_project_subcategory` (
  `subcategory_id` bigint(20) NOT NULL,
  `subcategory_name` varchar(255) DEFAULT NULL,
  `description` varchar(1024) DEFAULT NULL,
  `category_id` bigint(20) NOT NULL,
  PRIMARY KEY (`subcategory_id`),
  KEY `fk_category_id` (`category_id`),
  CONSTRAINT `fk_category_id` FOREIGN KEY (`category_id`) REFERENCES `tb_project_category` (`category_id`)
) ENGINE=InnoDB DEFAULT CHARSET=utf8;
/*!40101 SET character_set_client = @saved_cs_client */;

--
-- Dumping data for table `tb_project_subcategory`
--

LOCK TABLES `tb_project_subcategory` WRITE;
/*!40000 ALTER TABLE `tb_project_subcategory` DISABLE KEYS */;
/*!40000 ALTER TABLE `tb_project_subcategory` ENABLE KEYS */;
UNLOCK TABLES;

--
-- Table structure for table `tb_publish_applyPerson`
--

DROP TABLE IF EXISTS `tb_publish_applyPerson`;
/*!40101 SET @saved_cs_client     = @@character_set_client */;
/*!40101 SET character_set_client = utf8 */;
CREATE TABLE `tb_publish_applyPerson` (
  `publish_id` bigint(20) DEFAULT NULL COMMENT '部门经理发布Id',
  `apply_person_id` bigint(20) DEFAULT NULL COMMENT '申报人Id',
  `project_id` bigint(20) DEFAULT NULL COMMENT '项目Id',
  `status` varchar(127) DEFAULT NULL COMMENT '申报状态'
) ENGINE=MyISAM DEFAULT CHARSET=utf8;
/*!40101 SET character_set_client = @saved_cs_client */;

--
-- Dumping data for table `tb_publish_applyPerson`
--

LOCK TABLES `tb_publish_applyPerson` WRITE;
/*!40000 ALTER TABLE `tb_publish_applyPerson` DISABLE KEYS */;
/*!40000 ALTER TABLE `tb_publish_applyPerson` ENABLE KEYS */;
UNLOCK TABLES;

--
-- Table structure for table `tb_role_service_type`
--

DROP TABLE IF EXISTS `tb_role_service_type`;
/*!40101 SET @saved_cs_client     = @@character_set_client */;
/*!40101 SET character_set_client = utf8 */;
CREATE TABLE `tb_role_service_type` (
  `id` bigint(11) NOT NULL AUTO_INCREMENT,
  `role_id` int(11) NOT NULL,
  `service_type` varchar(255) DEFAULT NULL,
  PRIMARY KEY (`id`)
) ENGINE=InnoDB AUTO_INCREMENT=1088 DEFAULT CHARSET=utf8;
/*!40101 SET character_set_client = @saved_cs_client */;

--
-- Dumping data for table `tb_role_service_type`
--

LOCK TABLES `tb_role_service_type` WRITE;
/*!40000 ALTER TABLE `tb_role_service_type` DISABLE KEYS */;
INSERT INTO `tb_role_service_type` VALUES (1,14,'pmModifyMaterial'),(2,14,'pm_xiangmjl_tijiaofa'),(3,14,'pmSubmitMIdMaterial'),(4,14,'midApprovalReport'),(5,14,'pmSubmitEndMaterial'),(6,14,'endApprovalReport'),(7,14,'PMSelfConclusion'),(8,14,'submitMonthlyReport'),(9,17,'committeeApproval'),(10,17,'pm_juecewyh_pingshen'),(11,17,'midCommitteeApproval'),(12,17,'committeeEndApproval'),(14,16,'pm_bumenjl_pingshen'),(15,16,'departleaderMidApproval'),(16,16,'departleaderEndApproval'),(17,16,'departleaderConclusion'),(18,15,'dispatcherMasterApproval'),(19,15,'inputmastergrade'),(20,15,'jzdc'),(21,15,'pm_xiangmugly_chushen'),(22,15,'DispatcherMidMaster'),(23,15,'inputMidGrade'),(24,15,'DispatcherEndMaster'),(25,15,'inputEndGrade'),(26,22,'pm_sanjibm_qingqiu'),(27,22,'pm_sanjibm_xg'),(28,17,'pm_xiangmugly_chushen'),(29,14,'jzdc'),(30,16,'pm_xiangmugly_chushen'),(31,16,'pm_juecewyh_pingshen'),(32,22,'pm_xiangmugly_chushen'),(33,14,'officerApproval'),(34,15,'officerApproval'),(35,16,'officerApproval'),(36,17,'officerApproval'),(37,18,'officerApproval'),(38,19,'officerApproval'),(39,14,'committeeApproval'),(40,16,'committeeApproval'),(41,14,'departleaderApproval'),(42,16,'departleaderApproval'),(43,15,'pmSubmitMIdMaterial'),(44,16,'pmSubmitMIdMaterial'),(45,17,'pmSubmitMIdMaterial'),(46,18,'pmSubmitMIdMaterial'),(47,19,'pmSubmitMIdMaterial'),(48,14,'DispatcherMidMaster'),(49,16,'DispatcherMidMaster'),(50,17,'DispatcherMidMaster'),(51,18,'DispatcherMidMaster'),(52,19,'DispatcherMidMaster'),(53,15,'midApprovalReport'),(54,16,'midApprovalReport'),(1008,17,'midApprovalReport'),(1009,18,'midApprovalReport'),(1010,19,'midApprovalReport'),(1011,14,'inputMidGrade'),(1012,16,'inputMidGrade'),(1013,17,'inputMidGrade'),(1014,18,'inputMidGrade'),(1015,19,'inputMidGrade'),(1016,14,'midCommitteeApproval'),(1017,16,'midCommitteeApproval'),(1018,14,'departleaderMidApproval'),(1019,15,'pmSubmitEndMaterial'),(1020,16,'pmSubmitEndMaterial'),(1021,17,'pmSubmitEndMaterial'),(1022,18,'pmSubmitEndMaterial'),(1023,19,'pmSubmitEndMaterial'),(1024,14,'DispatcherEndMaster'),(1025,16,'DispatcherEndMaster'),(1026,17,'DispatcherEndMaster'),(1027,18,'DispatcherEndMaster'),(1028,19,'DispatcherEndMaster'),(1029,15,'endApprovalReport'),(1030,16,'endApprovalReport'),(1031,17,'endApprovalReport'),(1032,18,'endApprovalReport'),(1033,19,'endApprovalReport'),(1034,14,'inputEndGrade'),(1035,16,'inputEndGrade'),(1036,17,'inputEndGrade'),(1037,18,'inputEndGrade'),(1038,19,'inputEndGrade'),(1039,14,'committeeEndApproval'),(1040,16,'committeeEndApproval'),(1041,14,'departleaderEndApproval'),(1042,15,'PMSelfConclusion'),(1043,16,'PMSelfConclusion'),(1044,17,'PMSelfConclusion'),(1045,18,'PMSelfConclusion'),(1046,19,'PMSelfConclusion'),(1047,14,'departleaderConclusion'),(1048,14,'committeeApprovalChange'),(1049,16,'committeeApprovalChange'),(1050,17,'committeeApprovalChange'),(1051,14,'departleaderApprovalChange'),(1052,16,'departleaderApprovalChange'),(1053,14,'modifyChange'),(1054,16,'modifyChange'),(1055,17,'modifyChange'),(1056,15,'modifyChange'),(1057,18,'modifyChange'),(1058,19,'modifyChange'),(1065,22,'pm_bumenjl_pingshen'),(1066,22,'departleaderMidApproval'),(1067,22,'departleaderEndApproval'),(1068,22,'departleaderConclusion'),(1069,22,'pm_xiangmugly_chushen'),(1070,22,'pm_juecewyh_pingshen'),(1071,22,'officerApproval'),(1072,22,'committeeApproval'),(1073,22,'departleaderApproval'),(1074,22,'pmSubmitMIdMaterial'),(1075,22,'DispatcherMidMaster'),(1076,22,'midApprovalReport'),(1077,22,'inputMidGrade'),(1078,22,'midCommitteeApproval'),(1079,22,'pmSubmitEndMaterial'),(1080,22,'DispatcherEndMaster'),(1081,22,'endApprovalReport'),(1082,22,'inputEndGrade'),(1083,22,'committeeEndApproval'),(1084,22,'PMSelfConclusion'),(1085,22,'committeeApprovalChange'),(1086,22,'departleaderApprovalChange'),(1087,22,'modifyChange');
/*!40000 ALTER TABLE `tb_role_service_type` ENABLE KEYS */;
UNLOCK TABLES;

--
-- Table structure for table `tb_task_def_key_name`
--

DROP TABLE IF EXISTS `tb_task_def_key_name`;
/*!40101 SET @saved_cs_client     = @@character_set_client */;
/*!40101 SET character_set_client = utf8 */;
CREATE TABLE `tb_task_def_key_name` (
  `task_def_key` varchar(255) NOT NULL,
  `name` varchar(1024) DEFAULT NULL,
  PRIMARY KEY (`task_def_key`)
) ENGINE=MyISAM DEFAULT CHARSET=utf8;
/*!40101 SET character_set_client = @saved_cs_client */;

--
-- Dumping data for table `tb_task_def_key_name`
--

LOCK TABLES `tb_task_def_key_name` WRITE;
/*!40000 ALTER TABLE `tb_task_def_key_name` DISABLE KEYS */;
INSERT INTO `tb_task_def_key_name` VALUES ('pm_xiangmugly_chushen','项目管理员初审'),('pm_juecewyh_pingshen','第三方评估评审'),('pm_sanjibm_xg','三级部门经理修改'),('pm_bumenjl_pingshen','政府审批'),('committeeApprovalChange','第三方评估审批变更'),('modifyChange','修改变更'),('departleaderApprovalChange','部门经理审批变更'),('officerApproval','项目管理员审批'),('committeeApproval','第三方评估审批'),('pmModifyMaterial','项目负责人修改申报材料'),('departleaderApproval','政府审批'),('pmSubmitMIdMaterial','项目负责人提交中期评审材料'),('DispatcherMidMaster','项目管理员指定中期评审专家'),('midApprovalReport','项目负责人提交中期评审报告'),('inputMidGrade','管理人员录入中期评审专家评分'),('midCommitteeApproval','第三方平评估中期评审'),('departleaderMidApproval','政府审核中期结果'),('pmSubmitEndMaterial','项目负责人提交终期评审材料'),('DispatcherEndMaster','项目管理员指定终期评审专家'),('endApprovalReport','项目负责人提交终期评审报告'),('inputEndGrade','管理人员录入终期评审专家评分'),('committeeEndApproval','第三方评估终期评审'),('departleaderEndApproval','政府审核终期结果'),('PMSelfConclusion','项目负责人自评'),('departleaderConclusion','部门经理评价'),('submitMonthlyCheck','提交周期监测'),('submitMonthlyReport','提交周期报告'),('startProjectProcess','项目申请开始'),('endProjectProcess','项目申请结束'),('endSubmitMonthlyReport','周期报告结束'),('startChangeProcess','开始变更'),('endChangeProcess','结束变更');
/*!40000 ALTER TABLE `tb_task_def_key_name` ENABLE KEYS */;
UNLOCK TABLES;

--
-- Table structure for table `tb_task_def_key_name1`
--

DROP TABLE IF EXISTS `tb_task_def_key_name1`;
/*!40101 SET @saved_cs_client     = @@character_set_client */;
/*!40101 SET character_set_client = utf8 */;
CREATE TABLE `tb_task_def_key_name1` (
  `task_def_key` varchar(255) NOT NULL,
  `name` varchar(1024) DEFAULT NULL,
  PRIMARY KEY (`task_def_key`)
) ENGINE=MyISAM DEFAULT CHARSET=utf8;
/*!40101 SET character_set_client = @saved_cs_client */;

--
-- Dumping data for table `tb_task_def_key_name1`
--

LOCK TABLES `tb_task_def_key_name1` WRITE;
/*!40000 ALTER TABLE `tb_task_def_key_name1` DISABLE KEYS */;
INSERT INTO `tb_task_def_key_name1` VALUES ('pm_xiangmugly_chushen','项目管理员初审'),('pm_juecewyh_pingshen','决策委员会评审'),('pm_sanjibm_xg','三级部门经理修改'),('pm_bumenjl_pingshen','政府审批'),('committeeApprovalChange','第三方评估审批变更'),('modifyChange','修改变更'),('departleaderApprovalChange','部门经理审批变更'),('officerApproval','项目管理员审批'),('committeeApproval','第三方评估审批'),('pmModifyMaterial','项目经理修改申报材料'),('departleaderApproval','政府审批'),('pmSubmitMIdMaterial','项目经理提交中期评审材料'),('DispatcherMidMaster','项目管理员指定中期评审专家'),('midApprovalReport','项目经理提交中期评审报告'),('inputMidGrade','管理人员录入中期评审专家评分'),('midCommitteeApproval','第三方平评估中期评审'),('departleaderMidApproval','政府审核中期结果'),('pmSubmitEndMaterial','项目经理提交终期评审材料'),('DispatcherEndMaster','项目管理员指定终期评审专家'),('endApprovalReport','项目经理提交终期评审报告'),('inputEndGrade','管理人员录入终期评审专家评分'),('committeeEndApproval','第三方评估终期评审'),('departleaderEndApproval','政府审核终期结果'),('PMSelfConclusion','项目经理自评'),('departleaderConclusion','部门经理评价'),('submitMonthlyCheck','提交周期监测'),('submitMonthlyReport','提交周期报告'),('startProjectProcess','项目申请开始'),('endProjectProcess','项目申请结束'),('endSubmitMonthlyReport','周期报告结束'),('startChangeProcess','开始变更'),('endChangeProcess','结束变更');
/*!40000 ALTER TABLE `tb_task_def_key_name1` ENABLE KEYS */;
UNLOCK TABLES;

--
-- Table structure for table `tb_threeleader_application`
--

DROP TABLE IF EXISTS `tb_threeleader_application`;
/*!40101 SET @saved_cs_client     = @@character_set_client */;
/*!40101 SET character_set_client = utf8 */;
CREATE TABLE `tb_threeleader_application` (
  `application_id` bigint(20) NOT NULL COMMENT '申报ID',
  `category_id` bigint(20) DEFAULT NULL COMMENT '种类ID',
  `departleader_publish_id` bigint(20) DEFAULT NULL COMMENT '部门经理发布ID',
  `apply_time` timestamp NULL DEFAULT NULL COMMENT '申报时间',
  `apply_person` varchar(20) DEFAULT NULL COMMENT '申报者',
  `update_time` timestamp NULL DEFAULT NULL COMMENT '更新时间',
  `current_state` varchar(1024) DEFAULT NULL COMMENT '当前状态',
  `process_instance_id` varchar(512) DEFAULT NULL COMMENT '流程实例ID',
  `state` varchar(512) DEFAULT NULL COMMENT '状态',
  `data1` varchar(1024) DEFAULT NULL COMMENT '扩展数据区',
  `data2` varchar(1024) DEFAULT NULL COMMENT '扩展数据区',
  `data3` varchar(1024) DEFAULT NULL COMMENT '扩展数据区',
  `data4` varchar(1024) DEFAULT NULL COMMENT '扩展数据区',
  `data5` varchar(1024) DEFAULT NULL COMMENT '扩展数据区',
  `data6` varchar(1024) DEFAULT NULL COMMENT '扩展数据区',
  `data7` varchar(1024) DEFAULT NULL COMMENT '扩展数据区',
  `data8` varchar(1024) DEFAULT NULL COMMENT '扩展数据区',
  `data9` varchar(1024) DEFAULT NULL COMMENT '扩展数据区',
  `data10` varchar(1024) DEFAULT NULL COMMENT '扩展数据区',
  PRIMARY KEY (`application_id`)
) ENGINE=InnoDB DEFAULT CHARSET=utf8;
/*!40101 SET character_set_client = @saved_cs_client */;

--
-- Dumping data for table `tb_threeleader_application`
--

LOCK TABLES `tb_threeleader_application` WRITE;
/*!40000 ALTER TABLE `tb_threeleader_application` DISABLE KEYS */;
/*!40000 ALTER TABLE `tb_threeleader_application` ENABLE KEYS */;
UNLOCK TABLES;

--
-- Table structure for table `xw_sequence`
--

DROP TABLE IF EXISTS `xw_sequence`;
/*!40101 SET @saved_cs_client     = @@character_set_client */;
/*!40101 SET character_set_client = utf8 */;
CREATE TABLE `xw_sequence` (
  `SEQ_NAME` varchar(64) NOT NULL,
  `INIT_VALUE` decimal(16,0) NOT NULL,
  `MAX_VALUE` decimal(16,0) NOT NULL,
  `CURRENT_VALUE` decimal(16,0) NOT NULL,
  `SEQ_STEP` decimal(8,0) NOT NULL,
  `TABLE_CIRCLE_SIZE` decimal(8,0) DEFAULT NULL,
  PRIMARY KEY (`SEQ_NAME`)
) ENGINE=MyISAM DEFAULT CHARSET=utf8;
/*!40101 SET character_set_client = @saved_cs_client */;

--
-- Dumping data for table `xw_sequence`
--

LOCK TABLES `xw_sequence` WRITE;
/*!40000 ALTER TABLE `xw_sequence` DISABLE KEYS */;
INSERT INTO `xw_sequence` VALUES ('project_seq','1000000','9999999','1000467','1','10'),('user_seq','1000000','9999999','1000000','1','10'),('task_seq','1000000','9999999','1000000','1','10'),('annex_seq','1000000','9999999','1001171','1','10'),('cycle_report_seq','1000000','9999999','1000000','1','10'),('expert_review_seq','1000000','9999999','1000001','1','10'),('expert_score_seq','1000000','9999999','1000000','1','10'),('committee_approval_seq','1000000','9999999','1000001','1','10'),('departleader_approval_seq','1000000','9999999','1000000','1','10'),('company_seq','1000000','9999999','1000059','1','10'),('common_biz_seq','1000','9999','2308','1','10'),('roleservicetype_seq','1000','9999','1005','1','10'),('departleader_publish_seq','1000000','9999999','1000345','1','10'),('threeleader_application_seq','1000000','9999999','1000013','1','10');
/*!40000 ALTER TABLE `xw_sequence` ENABLE KEYS */;
UNLOCK TABLES;

--
-- Dumping routines for database 'process'
--
/*!50003 DROP PROCEDURE IF EXISTS `pro_getSequenceByName` */;
/*!50003 SET @saved_cs_client      = @@character_set_client */ ;
/*!50003 SET @saved_cs_results     = @@character_set_results */ ;
/*!50003 SET @saved_col_connection = @@collation_connection */ ;
/*!50003 SET character_set_client  = utf8 */ ;
/*!50003 SET character_set_results = utf8 */ ;
/*!50003 SET collation_connection  = utf8_general_ci */ ;
/*!50003 SET @saved_sql_mode       = @@sql_mode */ ;
/*!50003 SET sql_mode              = '' */ ;
DELIMITER ;;
/*!50003 CREATE*/ /*!50020 DEFINER=`survey`@`localhost`*/ /*!50003 PROCEDURE `pro_getSequenceByName`( IN sn varchar(64),IN amt numeric(16,0),OUT seqName varchar(64),OUT initValue numeric(16,0),OUT maxValue numeric(16,0),OUT currentValue numeric(16,0),OUT seqStep numeric(16,0), OUT tableCircleSize numeric(16,0))
BEGIN
	
 DECLARE t_error INTEGER DEFAULT 0;  
 DECLARE CONTINUE HANDLER FOR SQLEXCEPTION SET t_error=1; 

  SELECT * INTO seqName,initValue,maxValue,currentValue,seqStep, tableCircleSize FROM xw_sequence WHERE seq_name = sn FOR Update;
  UPDATE xw_sequence SET current_value = current_value + seqStep*amt WHERE seq_name = sn;

 IF t_error = 1 THEN  
     ROLLBACK;  
 ELSE  
 COMMIT;  
 END IF;  
END */;;
DELIMITER ;
/*!50003 SET sql_mode              = @saved_sql_mode */ ;
/*!50003 SET character_set_client  = @saved_cs_client */ ;
/*!50003 SET character_set_results = @saved_cs_results */ ;
/*!50003 SET collation_connection  = @saved_col_connection */ ;
/*!40103 SET TIME_ZONE=@OLD_TIME_ZONE */;

/*!40101 SET SQL_MODE=@OLD_SQL_MODE */;
/*!40014 SET FOREIGN_KEY_CHECKS=@OLD_FOREIGN_KEY_CHECKS */;
/*!40014 SET UNIQUE_CHECKS=@OLD_UNIQUE_CHECKS */;
/*!40101 SET CHARACTER_SET_CLIENT=@OLD_CHARACTER_SET_CLIENT */;
/*!40101 SET CHARACTER_SET_RESULTS=@OLD_CHARACTER_SET_RESULTS */;
/*!40101 SET COLLATION_CONNECTION=@OLD_COLLATION_CONNECTION */;
/*!40111 SET SQL_NOTES=@OLD_SQL_NOTES */;

-- Dump completed on 2017-05-18 11:59:43
